Accession	Begin	End	Chromosome	Orientation	Name	Symbol	Gene ID	Gene Type	Transcripts accession	Protein accession	Protein length	Locus tag
NZ_CP064385.1	571	2106		plus	murein biosynthesis integral membrane protein MurJ	murJ	0	protein-coding		WP_001537775.1	511	IUJ38_RS00010
NZ_CP064385.1	2188	2610		minus	flagella biosynthesis chaperone FlgN	flgN	0	protein-coding		WP_000197547.1	140	IUJ38_RS00015
NZ_CP064385.1	2615	2908		minus	flagellar biosynthesis anti-sigma factor FlgM	flgM	0	protein-coding		WP_000020893.1	97	IUJ38_RS00020
NZ_CP064385.1	3000	3659		minus	flagellar basal body P-ring formation chaperone FlgA	flgA	0	protein-coding		WP_001194082.1	219	IUJ38_RS00025
NZ_CP064385.1	3816	4232		plus	flagellar basal body rod protein FlgB	flgB	0	protein-coding		WP_000887043.1	138	IUJ38_RS00030
NZ_CP064385.1	4236	4640		plus	flagellar basal body rod protein FlgC	flgC	0	protein-coding		WP_001196448.1	134	IUJ38_RS00035
NZ_CP064385.1	4652	5350		plus	flagellar hook assembly protein FlgD	flgD	0	protein-coding		WP_000020450.1	232	IUJ38_RS00040
NZ_CP064385.1	5377	6588		plus	flagellar hook protein FlgE	flgE	0	protein-coding		WP_000010567.1	403	IUJ38_RS00045
NZ_CP064385.1	6609	7364		plus	flagellar basal body rod protein FlgF		0	protein-coding		WP_000349278.1	251	IUJ38_RS00050
NZ_CP064385.1	7378	8160		plus	flagellar basal-body rod protein FlgG	flgG	0	protein-coding		WP_000625851.1	260	IUJ38_RS00055
NZ_CP064385.1	8215	8913		plus	flagellar basal body L-ring protein FlgH	flgH	0	protein-coding		WP_001174897.1	232	IUJ38_RS00060
NZ_CP064385.1	8925	10022		plus	flagellar basal body P-ring protein FlgI		0	protein-coding		WP_001518955.1	365	IUJ38_RS00065
NZ_CP064385.1	10022	10972		plus	flagellar assembly peptidoglycan hydrolase FlgJ	flgJ	0	protein-coding		WP_000578692.1	316	IUJ38_RS00070
NZ_CP064385.1	11037	12698		plus	flagellar hook-associated protein FlgK	flgK	0	protein-coding		WP_000096425.1	553	IUJ38_RS00075
NZ_CP064385.1	12713	13666		plus	flagellar hook-associated protein FlgL	flgL	0	protein-coding		WP_001223033.1	317	IUJ38_RS00080
NZ_CP064385.1	13923	17126		minus	ribonuclease E	rne	0	protein-coding		WP_000827470.1	1067	IUJ38_RS00085
NZ_CP064385.1	17700	18659		plus	23S rRNA pseudouridine(955/2504/2580) synthase RluC	rluC	0	protein-coding		WP_000846319.1	319	IUJ38_RS00090
NZ_CP064385.1	18815	19558		plus	DUF3053 domain-containing protein		0	protein-coding		WP_010989014.1	247	IUJ38_RS00095
NZ_CP064385.1	19764	19988		plus	hypothetical protein		0	protein-coding		WP_000528430.1	74	IUJ38_RS00100
NZ_CP064385.1	20060	20644		minus	Maf family protein		0	protein-coding		WP_001137605.1	194	IUJ38_RS00105
NZ_CP064385.1	20842	21363		plus	23S rRNA accumulation protein YceD	yceD	0	protein-coding		WP_001174492.1	173	IUJ38_RS00110
NZ_CP064385.1	21415	21588		plus	50S ribosomal protein L32	rpmF	0	protein-coding		WP_000290727.1	57	IUJ38_RS00115
NZ_CP064385.1	21722	22801		plus	phosphate acyltransferase PlsX	plsX	0	protein-coding		WP_001518286.1	359	IUJ38_RS00120
NZ_CP064385.1	22881	23834		plus	beta-ketoacyl-ACP synthase III	fabH	0	protein-coding		WP_000288154.1	317	IUJ38_RS00125
NZ_CP064385.1	23850	24779		plus	ACP S-malonyltransferase	fabD	0	protein-coding		WP_000191343.1	309	IUJ38_RS00130
NZ_CP064385.1	24792	25526		plus	3-oxoacyl-ACP reductase FabG	fabG	0	protein-coding		WP_000007236.1	244	IUJ38_RS00135
NZ_CP064385.1	25682	25918		plus	acyl carrier protein	acpP	0	protein-coding		WP_000103754.1	78	IUJ38_RS00140
NZ_CP064385.1	26004	27245		plus	beta-ketoacyl-ACP synthase II	fabF	0	protein-coding		WP_000044664.1	413	IUJ38_RS00145
NZ_CP064385.1	27369	28178		plus	aminodeoxychorismate lyase	pabC	0	protein-coding		WP_000478660.1	269	IUJ38_RS00150
NZ_CP064385.1	28181	29203		plus	cell division protein YceG	yceG	0	protein-coding		WP_000736475.1	340	IUJ38_RS00155
NZ_CP064385.1	29193	29834		plus	dTMP kinase	tmk	0	protein-coding		WP_000535399.1	213	IUJ38_RS00160
NZ_CP064385.1	29831	30835		plus	DNA polymerase III subunit delta'	holB	0	protein-coding		WP_000872453.1	334	IUJ38_RS00165
NZ_CP064385.1	30846	31643		plus	metal-dependent hydrolase		0	protein-coding		WP_000480277.1	265	IUJ38_RS00170
NZ_CP064385.1	31938	33371		plus	PTS glucose transporter subunit IIBC	ptsG	0	protein-coding		WP_000475705.1	477	IUJ38_RS00175
NZ_CP064385.1	33456	35630		minus	ferric-rhodotorulic acid/ferric-coprogen receptor FhuE	fhuE	0	protein-coding		WP_000008410.1	724	IUJ38_RS00180
NZ_CP064385.1	35972	36331		plus	purine nucleoside phosphoramidase	hinT	0	protein-coding		WP_001532068.1	119	IUJ38_RS00185
NZ_CP064385.1	36334	36708		plus	YcfL family putative periplasmic lipoprotein		0	protein-coding		WP_000589563.1	124	IUJ38_RS00190
NZ_CP064385.1	36722	37360		plus	penicillin-binding protein activator LpoB	lpoB	0	protein-coding		WP_000164359.1	212	IUJ38_RS00195
NZ_CP064385.1	37341	38165		plus	thiamine kinase	thiK	0	protein-coding		WP_001257342.1	274	IUJ38_RS00200
NZ_CP064385.1	38176	39201		plus	beta-N-acetylhexosaminidase	nagZ	0	protein-coding		WP_000529340.1	341	IUJ38_RS00205
NZ_CP064385.1	39226	39768		plus	alpha/beta hydrolase YcfP	ycfP	0	protein-coding		WP_000587943.1	180	IUJ38_RS00210
NZ_CP064385.1	40023	41327		plus	NADH-quinone dehydrogenase	ndh	0	protein-coding		WP_000211051.1	434	IUJ38_RS00215
NZ_CP064385.1	41506	42045		plus	glycine zipper 2TM domain-containing protein		0	protein-coding		WP_001043449.1	179	IUJ38_RS00220
NZ_CP064385.1	42120	42755		minus	TetR family copper-responsive transcriptional repressor ComR	comR	0	protein-coding		WP_000205990.1	211	IUJ38_RS00225
NZ_CP064385.1	42997	43254		plus	multiple stress resistance protein BhsA	bhsA	0	protein-coding		WP_000800159.1	85	IUJ38_RS00230
NZ_CP064385.1	43351	44316		minus	L,D-transpeptidase LdtC	ldtC	0	protein-coding		WP_000482967.1	321	IUJ38_RS00235
NZ_CP064385.1	44464	47910		minus	transcription-repair coupling factor	mfd	0	protein-coding		WP_001114323.1	1148	IUJ38_RS00240
NZ_CP064385.1	48248	49447		plus	lipoprotein-releasing ABC transporter permease subunit LolC	lolC	0	protein-coding		WP_001518787.1	399	IUJ38_RS00245
NZ_CP064385.1	49440	50141		plus	lipoprotein-releasing ABC transporter ATP-binding protein LolD	lolD	0	protein-coding		WP_001033714.1	233	IUJ38_RS00250
NZ_CP064385.1	50141	51385		plus	lipoprotein-releasing ABC transporter permease subunit LolE	lolE	0	protein-coding		WP_000168091.1	414	IUJ38_RS00255
NZ_CP064385.1	51414	52325		plus	N-acetylglucosamine kinase	nagK	0	protein-coding		WP_000291338.1	303	IUJ38_RS00260
NZ_CP064385.1	52344	53165		plus	Sir2 family NAD+-dependent deacetylase	cobB	0	protein-coding		WP_001191856.1	273	IUJ38_RS00265
NZ_CP064385.1	53247	54293		minus	spermidine/putrescine ABC transporter substrate-binding protein PotD	potD	0	protein-coding		WP_000759329.1	348	IUJ38_RS00270
NZ_CP064385.1	54318	55097		minus	spermidine/putrescine ABC transporter permease PotC	potC	0	protein-coding		WP_000580299.1	259	IUJ38_RS00275
NZ_CP064385.1	55413	56423		minus	SPI-2 type III secretion system effector SifA	sifA	0	protein-coding		WP_001520468.1	336	IUJ38_RS00280
NZ_CP064385.1	56752	57615		minus	spermidine/putrescine ABC transporter permease PotB	potB	0	protein-coding		WP_000799391.1	287	IUJ38_RS00285
NZ_CP064385.1	57599	58735		minus	spermidine/putrescine ABC transporter ATP-binding protein PotA	potA	0	protein-coding		WP_000531607.1	378	IUJ38_RS00290
NZ_CP064385.1	58986	60215		plus	peptidase T	pepT	0	protein-coding		WP_000359410.1	409	IUJ38_RS00295
NZ_CP064385.1	60219	61553		plus	tetratricopeptide repeat protein		0	protein-coding		WP_000944537.1	444	IUJ38_RS00300
NZ_CP064385.1	61593	62714		minus	ribosomal protein uL16 3-hydroxylase		0	protein-coding		WP_000456516.1	373	IUJ38_RS00305
NZ_CP064385.1	62795	64258		minus	two-component system sensor histidine kinase PhoQ	phoQ	0	protein-coding		WP_001031687.1	487	IUJ38_RS00310
NZ_CP064385.1	64258	64929		minus	two-component system response regulator PhoP	phoP	0	protein-coding		WP_001537766.1	223	IUJ38_RS00315
NZ_CP064385.1	65056	66426		minus	adenylosuccinate lyase	purB	0	protein-coding		WP_000423763.1	456	IUJ38_RS00320
NZ_CP064385.1	66430	67071		minus	high frequency lysogenization protein HflD	hflD	0	protein-coding		WP_001519653.1	213	IUJ38_RS00325
NZ_CP064385.1	67158	68264		minus	tRNA 2-thiouridine(34) synthase MnmA	mnmA	0	protein-coding		WP_000004541.1	368	IUJ38_RS00330
NZ_CP064385.1	68318	68779		minus	NUDIX hydrolase		0	protein-coding		WP_000476067.1	153	IUJ38_RS00335
NZ_CP064385.1	68791	69120		minus	lysozyme inhibitor LprI family protein		0	protein-coding		WP_000825957.1	109	IUJ38_RS00340
NZ_CP064385.1	69117	69782		minus	23S rRNA pseudouridine(2457) synthase RluE	rluE	0	protein-coding		WP_001249412.1	221	IUJ38_RS00345
NZ_CP064385.1	69954	71204		plus	NADP-dependent isocitrate dehydrogenase	icd	0	protein-coding		WP_000444508.1	416	IUJ38_RS00350
NZ_CP064385.1	71652	72776		plus	type III secretion system effector SopF	sopF	0	protein-coding		WP_000917257.1	374	IUJ38_RS00355
NZ_CP064385.1	73233	73436		minus	hypothetical protein		0	protein-coding		WP_000787622.1	67	IUJ38_RS24175
NZ_CP064385.1	73758	74546		minus	putative envelope lipoprotein EnvF	envF	0	protein-coding		WP_001033408.1	262	IUJ38_RS00360
NZ_CP064385.1	75035	75274		minus	virulence protein MsgA	msgA	0	protein-coding		WP_000497451.1	79	IUJ38_RS00365
NZ_CP064385.1	75465	75986		minus	RICIN domain-containing protein		0	protein-coding		WP_001520581.1	173	IUJ38_RS00370
NZ_CP064385.1	76401	76613		minus	cold shock-like protein CspF	cspF	0	protein-coding		WP_001537306.1	70	IUJ38_RS00375
NZ_CP064385.1	76745	77008		minus	virulence protein PagD	pagD	0	protein-coding		WP_001535993.1	87	IUJ38_RS00380
NZ_CP064385.1	77820	78377		plus	virulence membrane protein PagC	pagC	0	protein-coding		WP_000789471.1	185	IUJ38_RS00385
NZ_CP064385.1	78783	78859		plus	tRNA-Arg		0	tRNA				IUJ38_RS00390
NZ_CP064385.1	79614	79958		minus	c-type lysozyme inhibitor		0	protein-coding		WP_000977725.1	114	IUJ38_RS00395
NZ_CP064385.1	80661	80933		plus	hypothetical protein		0	protein-coding		WP_000480529.1	90	IUJ38_RS00400
NZ_CP064385.1	81085	81552		plus	Hsp20 family protein		0	protein-coding		WP_001218118.1	155	IUJ38_RS00405
NZ_CP064385.1	81891	82934		plus	sialidase family protein		0	protein-coding		WP_000761746.1	347	IUJ38_RS00410
NZ_CP064385.1	83017	83547		minus	cytochrome b		0	protein-coding		WP_000929982.1	176	IUJ38_RS00415
NZ_CP064385.1	83696	84010		minus	TRL-like family protein		0	protein-coding		WP_000182479.1	104	IUJ38_RS00420
NZ_CP064385.1	84692	86326		plus	ABC transporter substrate-binding protein		0	protein-coding		WP_000946082.1	544	IUJ38_RS00425
NZ_CP064385.1	86326	87300		plus	ABC transporter permease		0	protein-coding		WP_001520270.1	324	IUJ38_RS00430
NZ_CP064385.1	87290	88102		plus	ABC transporter permease		0	protein-coding		WP_000966645.1	270	IUJ38_RS00435
NZ_CP064385.1	88096	88893		plus	ATP-binding cassette domain-containing protein		0	protein-coding		WP_000950207.1	265	IUJ38_RS00440
NZ_CP064385.1	88887	89477		plus	ATP-binding cassette domain-containing protein		0	protein-coding		WP_000947460.1	196	IUJ38_RS00445
NZ_CP064385.1	89559	90692		minus	mechanosensitive ion channel family protein		0	protein-coding		WP_000456065.1	377	IUJ38_RS00450
NZ_CP064385.1	90886	91212		plus	four-helix bundle copper-binding protein		0	protein-coding		WP_001183699.1	108	IUJ38_RS00455
NZ_CP064385.1	91221	91297		plus	tRNA-Arg		0	tRNA				IUJ38_RS00460
NZ_CP064385.1	91409	92056		plus	metal-binding protein ZinT	zinT	0	protein-coding		WP_001574476.1	215	IUJ38_RS00465
NZ_CP064385.1	92165	92953		plus	cryptic aminoglycoside nucleotidyltransferase ANT(3'')/ANT(9)	aadA	0	protein-coding		WP_000175803.1	262	IUJ38_RS00470
NZ_CP064385.1	93098	93691		plus	helix-turn-helix domain-containing protein		0	protein-coding		WP_001738208.1	197	IUJ38_RS00475
NZ_CP064385.1	93760	94608		plus	MerR family transcriptional regulator		0	protein-coding		WP_000190263.1	282	IUJ38_RS00480
NZ_CP064385.1	94863	95111		minus	biofilm/acid-resistance regulator YmgB/AriR		0	protein-coding		WP_000208086.1	82	IUJ38_RS00485
NZ_CP064385.1	95190	95339		minus	hypothetical protein		0	protein-coding		WP_000908464.1	49	IUJ38_RS00490
NZ_CP064385.1	95422	95967		plus	chorismate mutase		0	protein-coding		WP_000617985.1	181	IUJ38_RS00495
NZ_CP064385.1	96164	96802		plus	leucine efflux protein LeuE	leuE	0	protein-coding		WP_000457190.1	212	IUJ38_RS00500
NZ_CP064385.1	96975	97337		plus	DUF1971 domain-containing protein YeaR	yeaR	0	protein-coding		WP_001248987.1	120	IUJ38_RS00505
NZ_CP064385.1	97340	97522		plus	DUF1869 domain-containing protein		0	protein-coding		WP_000513733.1	60	IUJ38_RS00510
NZ_CP064385.1	97752	98393		plus	hypothetical protein		0	protein-coding		WP_000762776.1	213	IUJ38_RS00515
NZ_CP064385.1	98708	98956		plus	GlsB/YeaQ/YmgE family stress response membrane protein		0	protein-coding		WP_000512149.1	82	IUJ38_RS00520
NZ_CP064385.1	99095	99193		minus	YoaK family small membrane protein		0	protein-coding		WP_001589065.1	32	IUJ38_RS00525
NZ_CP064385.1	99389	99640		plus	putative hemolysin		0	protein-coding		WP_000673492.1	83	IUJ38_RS00530
NZ_CP064385.1	99709	100020		plus	hypothetical protein		0	protein-coding		WP_000487126.1	103	IUJ38_RS00535
NZ_CP064385.1	100006	100353		minus	DUF488 domain-containing protein		0	protein-coding		WP_001222527.1	115	IUJ38_RS00540
NZ_CP064385.1	100472	101656		minus	CynX/NimT family MFS transporter		0	protein-coding		WP_000205341.1	394	IUJ38_RS00545
NZ_CP064385.1	101757	102551		plus	AraC family transcriptional regulator		0	protein-coding		WP_000579793.1	264	IUJ38_RS00550
NZ_CP064385.1	102531	102977		minus	DUF441 domain-containing protein		0	protein-coding		WP_000460698.1	148	IUJ38_RS00555
NZ_CP064385.1	103183	103290		plus	small membrane protein YoaI	yoaI	0	protein-coding		WP_000272241.1	35	IUJ38_RS00560
NZ_CP064385.1	103287	103805		minus	YbaK/prolyl-tRNA synthetase associated domain-containing protein		0	protein-coding		WP_010989016.1	172	IUJ38_RS00565
NZ_CP064385.1	103855	105348		minus	diguanylate cyclase DgcJ	dgcJ	0	protein-coding		WP_001048646.1	497	IUJ38_RS00570
NZ_CP064385.1	105642	105839		plus	hypothetical protein		0	protein-coding		WP_012218875.1	65	IUJ38_RS00575
NZ_CP064385.1	105989	107275		minus	YeaH/YhbH family protein		0	protein-coding		WP_000219714.1	428	IUJ38_RS00580
NZ_CP064385.1	107398	109332		minus	protein kinase YeaG	yeaG	0	protein-coding		WP_001518010.1	644	IUJ38_RS00585
NZ_CP064385.1	109759	110505		plus	MipA/OmpV family protein		0	protein-coding		WP_000163762.1	248	IUJ38_RS00590
NZ_CP064385.1	110795	111991		plus	anaerobic sulfatase maturase		0	protein-coding		WP_000029246.1	398	IUJ38_RS00595
NZ_CP064385.1	112088	112945		plus	aldo/keto reductase		0	protein-coding		WP_000843751.1	285	IUJ38_RS00600
NZ_CP064385.1	113044	113928		minus	D-hexose-6-phosphate mutarotase		0	protein-coding		WP_000608662.1	294	IUJ38_RS00605
NZ_CP064385.1	114263	115258		minus	glyceraldehyde-3-phosphate dehydrogenase	gapA	0	protein-coding		WP_000153505.1	331	IUJ38_RS00610
NZ_CP064385.1	115600	116013		plus	peptide-methionine (R)-S-oxide reductase MsrB	msrB	0	protein-coding		WP_001519539.1	137	IUJ38_RS00615
NZ_CP064385.1	116055	116333		plus	YeaC family protein		0	protein-coding		WP_001046864.1	92	IUJ38_RS00620
NZ_CP064385.1	116685	117341		minus	bifunctional nicotinamidase/pyrazinamidase	pncA	0	protein-coding		WP_000184708.1	218	IUJ38_RS00625
NZ_CP064385.1	117368	118384		minus	asparaginase	ansA	0	protein-coding		WP_001170134.1	338	IUJ38_RS00630
NZ_CP064385.1	118480	120336		minus	signal peptide peptidase SppA	sppA	0	protein-coding		WP_001259876.1	618	IUJ38_RS00635
NZ_CP064385.1	120510	121061		plus	NAD(P)H nitroreductase		0	protein-coding		WP_000339313.1	183	IUJ38_RS00640
NZ_CP064385.1	121179	122222		plus	selenide, water dikinase SelD	selD	0	protein-coding		WP_001294900.1	347	IUJ38_RS00645
NZ_CP064385.1	122227	124176		plus	DNA topoisomerase III	topB	0	protein-coding		WP_001235865.1	649	IUJ38_RS00650
NZ_CP064385.1	124206	125549		minus	NADP-specific glutamate dehydrogenase	gdhA	0	protein-coding		WP_000372869.1	447	IUJ38_RS00655
NZ_CP064385.1	125788	126063		plus	YnjH family protein		0	protein-coding		WP_001254681.1	91	IUJ38_RS00660
NZ_CP064385.1	126023	126439		minus	pyrimidine (deoxy)nucleoside triphosphate diphosphatase		0	protein-coding		WP_000592132.1	138	IUJ38_RS00665
NZ_CP064385.1	126512	127318		minus	exodeoxyribonuclease III	xthA	0	protein-coding		WP_000673954.1	268	IUJ38_RS00670
NZ_CP064385.1	127764	128990		plus	succinylornithine/acetylornithine transaminase	astC	0	protein-coding		WP_000059493.1	408	IUJ38_RS00675
NZ_CP064385.1	128981	130015		plus	arginine N-succinyltransferase	astA	0	protein-coding		WP_001263889.1	344	IUJ38_RS00680
NZ_CP064385.1	130012	131490		plus	succinylglutamate-semialdehyde dehydrogenase	astD	0	protein-coding		WP_000177268.1	492	IUJ38_RS00685
NZ_CP064385.1	131487	132830		plus	N-succinylarginine dihydrolase	astB	0	protein-coding		WP_000123950.1	447	IUJ38_RS00690
NZ_CP064385.1	132823	133791		plus	succinylglutamate desuccinylase	astE	0	protein-coding		WP_000368454.1	322	IUJ38_RS00695
NZ_CP064385.1	134127	134612		plus	ATP-independent periplasmic protein-refolding chaperone Spy	spy	0	protein-coding		WP_001228998.1	161	IUJ38_RS00700
NZ_CP064385.1	134687	135568		minus	excinuclease Cho	cho	0	protein-coding		WP_001526281.1	293	IUJ38_RS00705
NZ_CP064385.1	135689	136516		minus	NAD(+) synthase	nadE	0	protein-coding		WP_000174981.1	275	IUJ38_RS00710
NZ_CP064385.1	136735	137076		plus	osmotically-inducible lipoprotein OsmE	osmE	0	protein-coding		WP_001039301.1	113	IUJ38_RS00715
NZ_CP064385.1	137377	137697		plus	PTS N,N'-diacetylchitobiose transporter subunit IIB	chbB	0	protein-coding		WP_000412161.1	106	IUJ38_RS00720
NZ_CP064385.1	137780	139138		plus	PTS N,N'-diacetylchitobiose transporter subunit IIC	chbC	0	protein-coding		WP_000073064.1	452	IUJ38_RS00725
NZ_CP064385.1	139189	139536		plus	PTS N,N'-diacetylchitobiose transporter subunit IIA	chbA	0	protein-coding		WP_000459883.1	115	IUJ38_RS00730
NZ_CP064385.1	139547	140389		plus	transcriptional regulator ChbR	chbR	0	protein-coding		WP_000983393.1	280	IUJ38_RS00735
NZ_CP064385.1	140514	141869		plus	6-phospho-beta-glucosidase		0	protein-coding		WP_000078785.1	451	IUJ38_RS00740
NZ_CP064385.1	141882	142640		plus	chitin disaccharide deacetylase	chbG	0	protein-coding		WP_000442738.1	252	IUJ38_RS00745
NZ_CP064385.1	142684	144936		minus	catalase HPII	katE	0	protein-coding		WP_000019119.1	750	IUJ38_RS00750
NZ_CP064385.1	145301	145543		plus	cell division activator CedA	cedA	0	protein-coding		WP_000977512.1	80	IUJ38_RS00755
NZ_CP064385.1	145645	147036		minus	cystine/sulfocysteine:cation symporter	tcyP	0	protein-coding		WP_001010662.1	463	IUJ38_RS00760
NZ_CP064385.1	147173	147772		minus	metal-dependent hydrolase		0	protein-coding		WP_000505804.1	199	IUJ38_RS00765
NZ_CP064385.1	147910	148578		minus	hexitol phosphatase HxpB	hxpB	0	protein-coding		WP_000106848.1	222	IUJ38_RS00770
NZ_CP064385.1	148727	149263		plus	YniB family protein		0	protein-coding		WP_000222158.1	178	IUJ38_RS00775
NZ_CP064385.1	149306	150166		minus	fructosamine kinase family protein		0	protein-coding		WP_000267686.1	286	IUJ38_RS00780
NZ_CP064385.1	150273	150563		minus	type V toxin-antitoxin system endoribonuclease antitoxin GhoS	ghoS	0	protein-coding		WP_000146127.1	96	IUJ38_RS00785
NZ_CP064385.1	150660	151592		minus	6-phosphofructokinase II	pfkB	0	protein-coding		WP_000251707.1	310	IUJ38_RS00790
NZ_CP064385.1	151881	152639		plus	DUF481 domain-containing protein		0	protein-coding		WP_000770981.1	252	IUJ38_RS00795
NZ_CP064385.1	152688	153647		minus	lipid A deacylase LpxR family protein		0	protein-coding		WP_001046438.1	319	IUJ38_RS00800
NZ_CP064385.1	153790	154104		plus	membrane protein		0	protein-coding		WP_000916602.1	104	IUJ38_RS00805
NZ_CP064385.1	154101	154955		plus	DNA/RNA non-specific endonuclease		0	protein-coding		WP_001044098.1	284	IUJ38_RS00810
NZ_CP064385.1	155128	155334		plus	hypothetical protein		0	protein-coding		WP_011233063.1	68	IUJ38_RS00815
NZ_CP064385.1	155657	156880		minus	O-antigen polymerase Rfc	rfc	0	protein-coding		WP_000905563.1	407	IUJ38_RS00820
NZ_CP064385.1	157772	159700		plus	threonine--tRNA ligase	thrS	0	protein-coding		WP_001144223.1	642	IUJ38_RS00825
NZ_CP064385.1	159704	160246		plus	translation initiation factor IF-3	infC	0	protein-coding		WP_001574431.1	180	IUJ38_RS00830
NZ_CP064385.1	160342	160539		plus	50S ribosomal protein L35	rpmI	0	protein-coding		WP_001124225.1	65	IUJ38_RS00835
NZ_CP064385.1	160590	160946		plus	50S ribosomal protein L20	rplT	0	protein-coding		WP_000124850.1	118	IUJ38_RS00840
NZ_CP064385.1	161067	161111		plus	pheST operon leader peptide PheM	pheM	0	protein-coding		WP_001386830.1	14	IUJ38_RS00845
NZ_CP064385.1	161248	162231		plus	phenylalanine--tRNA ligase subunit alpha	pheS	0	protein-coding		WP_000018570.1	327	IUJ38_RS00850
NZ_CP064385.1	162247	164634		plus	phenylalanine--tRNA ligase subunit beta	pheT	0	protein-coding		WP_000672402.1	795	IUJ38_RS00855
NZ_CP064385.1	164639	164938		plus	integration host factor subunit alpha	ihfA	0	protein-coding		WP_001229266.1	99	IUJ38_RS00860
NZ_CP064385.1	165141	166121		plus	vitamin B12 ABC transporter permease BtuC	btuC	0	protein-coding		WP_000954984.1	326	IUJ38_RS00865
NZ_CP064385.1	166213	166764		plus	glutathione peroxidase		0	protein-coding		WP_001181565.1	183	IUJ38_RS00870
NZ_CP064385.1	166764	167513		plus	vitamin B12 ABC transporter ATP-binding protein BtuD	btuD	0	protein-coding		WP_000080607.1	249	IUJ38_RS00875
NZ_CP064385.1	167590	168054		plus	C40 family peptidase		0	protein-coding		WP_001213256.1	154	IUJ38_RS00880
NZ_CP064385.1	168368	169081		plus	anti-FlhDC factor YdiV	ydiV	0	protein-coding		WP_000562005.1	237	IUJ38_RS00885
NZ_CP064385.1	169143	170585		plus	protein adenylyltransferase SelO	selO	0	protein-coding		WP_000175669.1	480	IUJ38_RS00890
NZ_CP064385.1	170620	170811		minus	hemin uptake protein HemP	hemP	0	protein-coding		WP_000089115.1	63	IUJ38_RS00895
NZ_CP064385.1	170968	172014		minus	3-deoxy-7-phosphoheptulonate synthase AroH	aroH	0	protein-coding		WP_001082196.1	348	IUJ38_RS00900
NZ_CP064385.1	172170	173003		minus	posphoenolpyruvate synthetase regulatory kinase/phosphorylase PpsR	ppsR	0	protein-coding		WP_000370992.1	277	IUJ38_RS00905
NZ_CP064385.1	173340	175718		plus	phosphoenolpyruvate synthase	ppsA	0	protein-coding		WP_000069340.1	792	IUJ38_RS00910
NZ_CP064385.1	175760	177400		minus	medium-chain fatty-acid--CoA ligase	fadK	0	protein-coding		WP_000117497.1	546	IUJ38_RS00915
NZ_CP064385.1	177490	177783		minus	ferredoxin family protein		0	protein-coding		WP_000093362.1	97	IUJ38_RS00920
NZ_CP064385.1	177780	179066		minus	FAD-dependent oxidoreductase		0	protein-coding		WP_001278565.1	428	IUJ38_RS00925
NZ_CP064385.1	179123	180058		minus	electron transfer flavoprotein subunit alpha		0	protein-coding		WP_001015871.1	311	IUJ38_RS00930
NZ_CP064385.1	180080	180844		minus	electron transfer flavoprotein		0	protein-coding		WP_000692105.1	254	IUJ38_RS00935
NZ_CP064385.1	181307	182197		plus	AraC family transcriptional regulator		0	protein-coding		WP_000284836.1	296	IUJ38_RS00940
NZ_CP064385.1	182273	183424		minus	acyl-CoA dehydrogenase		0	protein-coding		WP_000347819.1	383	IUJ38_RS00945
NZ_CP064385.1	183438	185033		minus	acyl CoA:acetate/3-ketoacid CoA transferase		0	protein-coding		WP_000700599.1	531	IUJ38_RS00950
NZ_CP064385.1	185187	185945		minus	type I 3-dehydroquinate dehydratase	aroD	0	protein-coding		WP_000860225.1	252	IUJ38_RS00955
NZ_CP064385.1	185990	186856		minus	quinate/shikimate dehydrogenase	ydiB	0	protein-coding		WP_000383490.1	288	IUJ38_RS00960
NZ_CP064385.1	186923	188158		minus	MFS transporter		0	protein-coding		WP_000081208.1	411	IUJ38_RS00965
NZ_CP064385.1	188522	189733		minus	MFS transporter		0	protein-coding		WP_000797678.1	403	IUJ38_RS00970
NZ_CP064385.1	189874	190233		minus	YdiL family protein		0	protein-coding		WP_000980452.1	119	IUJ38_RS00975
NZ_CP064385.1	190401	190508		minus	antisense sRNA RprA	rprA	0	antisense_RNA				IUJ38_RS00980
NZ_CP064385.1	190691	191809		minus	AI-2E family transporter YdiK	ydiK	0	protein-coding		WP_000248615.1	372	IUJ38_RS00985
NZ_CP064385.1	192074	195130		plus	D-2-hydroxyglutarate dehydrogenase YdiJ	ydiJ	0	protein-coding		WP_000612921.1	1018	IUJ38_RS00990
NZ_CP064385.1	195127	195537		plus	1,4-dihydroxy-2-naphthoyl-CoA hydrolase	menI	0	protein-coding		WP_000637930.1	136	IUJ38_RS00995
NZ_CP064385.1	195636	195824		plus	YdiH family protein		0	protein-coding		WP_001537749.1	62	IUJ38_RS01000
NZ_CP064385.1	196112	197458		minus	L-cystine transporter		0	protein-coding		WP_000261866.1	448	IUJ38_RS01005
NZ_CP064385.1	197885	198253		plus	Fe-S cluster assembly scaffold SufA	sufA	0	protein-coding		WP_000418970.1	122	IUJ38_RS01010
NZ_CP064385.1	198262	199749		plus	Fe-S cluster assembly protein SufB	sufB	0	protein-coding		WP_000089383.1	495	IUJ38_RS01015
NZ_CP064385.1	199766	200512		plus	Fe-S cluster assembly ATPase SufC	sufC	0	protein-coding		WP_000948902.1	248	IUJ38_RS01020
NZ_CP064385.1	200487	201758		plus	Fe-S cluster assembly protein SufD	sufD	0	protein-coding		WP_000907925.1	423	IUJ38_RS01025
NZ_CP064385.1	201755	202975		plus	cysteine desulfurase SufS	sufS	0	protein-coding		WP_000143859.1	406	IUJ38_RS01030
NZ_CP064385.1	202988	203404		plus	cysteine desulfuration protein SufE	sufE	0	protein-coding		WP_000729468.1	138	IUJ38_RS01035
NZ_CP064385.1	203559	204560		plus	L,D-transpeptidase LdtE	ldtE	0	protein-coding		WP_000817059.1	333	IUJ38_RS01040
NZ_CP064385.1	204627	204866		minus	major outer membrane lipoprotein		0	protein-coding		WP_001082332.1	79	IUJ38_RS01045
NZ_CP064385.1	204949	205185		minus	murein lipoprotein Lpp	lpp	0	protein-coding		WP_001082307.1	78	IUJ38_RS01050
NZ_CP064385.1	205496	206908		minus	pyruvate kinase PykF	pykF	0	protein-coding		WP_000751447.1	470	IUJ38_RS01055
NZ_CP064385.1	206916	207146		minus	protein YnhH		0	protein-coding		WP_418143684.1	76	IUJ38_RS24250
NZ_CP064385.1	207310	208653		minus	APC family permease		0	protein-coding		WP_000756089.1	447	IUJ38_RS01060
NZ_CP064385.1	208675	209568		minus	proline iminopeptidase-family hydrolase		0	protein-coding		WP_001000510.1	297	IUJ38_RS01065
NZ_CP064385.1	209627	210364		minus	glutamine amidotransferase		0	protein-coding		WP_000697187.1	245	IUJ38_RS01070
NZ_CP064385.1	210376	211602		minus	PfkB family carbohydrate kinase		0	protein-coding		WP_000471807.1	408	IUJ38_RS01075
NZ_CP064385.1	211925	214987		minus	tetrathionate reductase subunit TtrA	ttrA	0	protein-coding		WP_000002375.1	1020	IUJ38_RS01080
NZ_CP064385.1	214980	216002		minus	tetrathionate reductase subunit TtrC	ttrC	0	protein-coding		WP_000149760.1	340	IUJ38_RS01085
NZ_CP064385.1	216003	216737		minus	tetrathionate reductase subunit TtrB	ttrB	0	protein-coding		WP_001523928.1	244	IUJ38_RS01090
NZ_CP064385.1	216919	218697		plus	tetrathionate respiration histidine kinase TtrS	ttrS	0	protein-coding		WP_001214413.1	592	IUJ38_RS01095
NZ_CP064385.1	218672	219292		plus	tetrathionate respiration response regulator TtrR	ttrR	0	protein-coding		WP_000190927.1	206	IUJ38_RS01100
NZ_CP064385.1	219390	219602		plus	fumarate hydratase FumD	fumD	0	protein-coding		WP_000165779.1	70	IUJ38_RS01105
NZ_CP064385.1	219698	220657		minus	transcriptional regulator MlrB	mlrB	0	protein-coding		WP_001060729.1	319	IUJ38_RS01110
NZ_CP064385.1	220830	221558		minus	MerR family transcriptional regulator		0	protein-coding		WP_000122324.1	242	IUJ38_RS01115
NZ_CP064385.1	221737	222375		minus	two component system response regulator		0	protein-coding		WP_000666335.1	212	IUJ38_RS01120
NZ_CP064385.1	222406	225168		minus	two component system sensor kinase		0	protein-coding		WP_001050769.1	920	IUJ38_RS01125
NZ_CP064385.1	225569	225970		plus	SPI-2 type III secretion system protein SpiC	spiC	0	protein-coding		WP_001738217.1	133	IUJ38_RS01130
NZ_CP064385.1	225972	227465		plus	SPI-2 type III secretion system protein SpiA	spiA	0	protein-coding		WP_000261284.1	497	IUJ38_RS01135
NZ_CP064385.1	227446	228657		plus	SctD family type III secretion system inner membrane ring subunit SsaD	ssaD	0	protein-coding		WP_000323786.1	403	IUJ38_RS01140
NZ_CP064385.1	228665	228907		plus	YscE family type III secretion system co-chaperone SsaE	ssaE	0	protein-coding		WP_000210202.1	80	IUJ38_RS01145
NZ_CP064385.1	229171	229497		plus	SPI-2 type III secretion system chaperone SseA	sseA	0	protein-coding		WP_001738219.1	108	IUJ38_RS01150
NZ_CP064385.1	229504	230094		plus	SPI-2 type III secretion system translocon protein SseB	sseB	0	protein-coding		WP_000094422.1	196	IUJ38_RS01155
NZ_CP064385.1	230091	230564		plus	SycD/LcrH family type III secretion system chaperone SscA	sscA	0	protein-coding		WP_000711029.1	157	IUJ38_RS01160
NZ_CP064385.1	230567	232021		plus	SPI-2 type III secretion system translocon protein SseC	sseC	0	protein-coding		WP_001079760.1	484	IUJ38_RS01165
NZ_CP064385.1	232037	232624		plus	SPI-2 type III secretion system translocon protein SseD	sseD	0	protein-coding		WP_000388323.1	195	IUJ38_RS01170
NZ_CP064385.1	232627	233043		plus	LcrR family type III secretion system chaperone SseE	sseE	0	protein-coding		WP_000249606.1	138	IUJ38_RS01175
NZ_CP064385.1	233095	233529		plus	SycD/LcrH family type III secretion system chaperone SscB	sscB	0	protein-coding		WP_000979963.1	144	IUJ38_RS01180
NZ_CP064385.1	233545	234327		plus	type III secretion systems effector SseF	sseF	0	protein-coding		WP_000690718.1	260	IUJ38_RS01185
NZ_CP064385.1	234324	235013		plus	pathogenicity island 2 effector protein SseG	sseG	0	protein-coding		WP_000805851.1	229	IUJ38_RS01190
NZ_CP064385.1	235107	235322		plus	type III secretion system needle filament protein SsaG	ssaG	0	protein-coding		WP_000350226.1	71	IUJ38_RS01195
NZ_CP064385.1	235300	235590		plus	EscG/YscG/SsaH family type III secretion system needle protein co-chaperone		0	protein-coding		WP_000444713.1	96	IUJ38_RS01200
NZ_CP064385.1	235602	235850		plus	SctI family type III secretion system inner rod subunit SsaI	ssaI	0	protein-coding		WP_001574409.1	82	IUJ38_RS01205
NZ_CP064385.1	235847	236596		plus	SPI-2 type III secretion system apparatus lipoprotein SsaJ	ssaJ	0	protein-coding		WP_000862874.1	249	IUJ38_RS01210
NZ_CP064385.1	236614	237162		plus	type III secretion system domain-containing protein		0	protein-coding		WP_001526945.1	182	IUJ38_RS01215
NZ_CP064385.1	237159	237833		plus	SPI-2 type III secretion system apparatus protein SsaK	ssaK	0	protein-coding		WP_000011201.1	224	IUJ38_RS01220
NZ_CP064385.1	237799	238815		plus	SPI-2 type III secretion system apparatus protein SsaL	ssaL	0	protein-coding		WP_000238877.1	338	IUJ38_RS01225
NZ_CP064385.1	238873	239241		plus	SPI-2 type III secretion system apparatus protein SsaM	ssaM	0	protein-coding		WP_000383702.1	122	IUJ38_RS01230
NZ_CP064385.1	239226	241271		plus	SPI-2 type III secretion system apparatus protein SsaV	ssaV	0	protein-coding		WP_001258231.1	681	IUJ38_RS01235
NZ_CP064385.1	241261	242562		plus	SctN family type III secretion system ATPase SsaN	ssaN	0	protein-coding		WP_000787213.1	433	IUJ38_RS01240
NZ_CP064385.1	242565	242942		plus	SPI-2 type III secretion system apparatus protein SsaO	ssaO	0	protein-coding		WP_000449089.1	125	IUJ38_RS01245
NZ_CP064385.1	242923	243297		plus	SPI-2 type III secretion system apparatus protein SsaP	ssaP	0	protein-coding		WP_001223304.1	124	IUJ38_RS01250
NZ_CP064385.1	243278	244246		plus	SPI-2 type III secretion system cytoplasmic ring protein SsaQ	ssaQ	0	protein-coding		WP_000944192.1	322	IUJ38_RS01255
NZ_CP064385.1	244314	244961		plus	SPI-2 type III secretion system export apparatus protein SsaR	ssaR	0	protein-coding		WP_000056367.1	215	IUJ38_RS01260
NZ_CP064385.1	244958	245224		plus	SPI-2 type III secretion system apparatus protein SsaS	ssas	0	protein-coding		WP_000999982.1	88	IUJ38_RS01265
NZ_CP064385.1	245225	246004		plus	SPI-2 type III secretion system apparatus protein SsaT	ssaT	0	protein-coding		WP_000068764.1	259	IUJ38_RS01270
NZ_CP064385.1	246001	247059		plus	SPI-2 type III secretion system apparatus protein SsaU	ssaU	0	protein-coding		WP_001291716.1	352	IUJ38_RS01275
NZ_CP064385.1	247217	247293		minus	tRNA-Val		0	tRNA				IUJ38_RS01280
NZ_CP064385.1	247304	247380		minus	tRNA-Val		0	tRNA				IUJ38_RS01285
NZ_CP064385.1	247532	248905		minus	multidrug efflux MATE transporter MdtK	mdtK	0	protein-coding		WP_001175077.1	457	IUJ38_RS01290
NZ_CP064385.1	249122	249763		plus	riboflavin synthase		0	protein-coding		WP_000493971.1	213	IUJ38_RS01295
NZ_CP064385.1	249805	250953		minus	cyclopropane fatty acyl phospholipid synthase	cfa	0	protein-coding		WP_000098879.1	382	IUJ38_RS01300
NZ_CP064385.1	251243	252448		minus	purine nucleoside transporter PunC	punC	0	protein-coding		WP_001182309.1	401	IUJ38_RS01305
NZ_CP064385.1	252561	253493		plus	DNA-binding transcriptional activator PunR	punR	0	protein-coding		WP_000269523.1	310	IUJ38_RS01310
NZ_CP064385.1	253490	254515		minus	HTH-type transcriptional repressor PurR	purR	0	protein-coding		WP_000190993.1	341	IUJ38_RS01315
NZ_CP064385.1	254811	254900		plus	cytochrome bd-I oxidase subunit CydH		0	protein-coding		WP_000102277.1	29	IUJ38_RS01320
NZ_CP064385.1	254983	255564		minus	superoxide dismutase [Fe]	sodB	0	protein-coding		WP_000007299.1	193	IUJ38_RS01325
NZ_CP064385.1	255691	256512		minus	C40 family peptidase		0	protein-coding		WP_001520344.1	273	IUJ38_RS01330
NZ_CP064385.1	256847	257194		plus	monothiol glutaredoxin 4	grxD	0	protein-coding		WP_000108176.1	115	IUJ38_RS01335
NZ_CP064385.1	257272	257919		minus	ribonuclease T	rnt	0	protein-coding		WP_001282267.1	215	IUJ38_RS01340
NZ_CP064385.1	258020	258427		minus	lactoylglutathione lyase	gloA	0	protein-coding		WP_001237787.1	135	IUJ38_RS01345
NZ_CP064385.1	258496	259593		minus	alkene reductase		0	protein-coding		WP_000092932.1	365	IUJ38_RS01350
NZ_CP064385.1	259652	260251		minus	TetR/AcrR family transcriptional regulator		0	protein-coding		WP_001041823.1	199	IUJ38_RS01355
NZ_CP064385.1	260354	260593		plus	DUF1289 domain-containing protein		0	protein-coding		WP_001519323.1	79	IUJ38_RS01360
NZ_CP064385.1	260644	261540		plus	aldo/keto reductase		0	protein-coding		WP_000250717.1	298	IUJ38_RS01365
NZ_CP064385.1	261620	262141		plus	superoxide dismutase [Cu-Zn] SodC2	sodC2	0	protein-coding		WP_000826819.1	173	IUJ38_RS01370
NZ_CP064385.1	262117	264156		minus	FUSC family protein		0	protein-coding		WP_000777608.1	679	IUJ38_RS01375
NZ_CP064385.1	264156	265016		minus	efflux RND transporter periplasmic adaptor subunit		0	protein-coding		WP_001520441.1	286	IUJ38_RS01380
NZ_CP064385.1	265019	265255		minus	DUF1656 domain-containing protein		0	protein-coding		WP_000649755.1	78	IUJ38_RS01385
NZ_CP064385.1	265450	265890		plus	transcriptional regulator SlyA	slyA	0	protein-coding		WP_000764553.1	146	IUJ38_RS01390
NZ_CP064385.1	265938	266405		minus	outer membrane lipoprotein SlyB	slyB	0	protein-coding		WP_000597179.1	155	IUJ38_RS01395
NZ_CP064385.1	266677	267798		plus	anhydro-N-acetylmuramic acid kinase	anmK	0	protein-coding		WP_000835011.1	373	IUJ38_RS01400
NZ_CP064385.1	267886	268215		plus	C-type lysozyme inhibitor	mliC	0	protein-coding		WP_001132086.1	109	IUJ38_RS01405
NZ_CP064385.1	268274	268930		plus	pyridoxamine 5'-phosphate oxidase	pdxH	0	protein-coding		WP_001282334.1	218	IUJ38_RS01410
NZ_CP064385.1	269057	270331		plus	tyrosine--tRNA ligase	tyrS	0	protein-coding		WP_000168626.1	424	IUJ38_RS01415
NZ_CP064385.1	270391	271251		plus	pyridoxal kinase PdxY	pdxY	0	protein-coding		WP_000789732.1	286	IUJ38_RS01420
NZ_CP064385.1	271310	271915		minus	glutathione transferase GstA	gstA	0	protein-coding		WP_000765727.1	201	IUJ38_RS01425
NZ_CP064385.1	272020	273525		minus	dipeptide/tripeptide permease DtpA	dtpA	0	protein-coding		WP_000100911.1	501	IUJ38_RS01430
NZ_CP064385.1	274127	274762		minus	endonuclease III	nth	0	protein-coding		WP_001030318.1	211	IUJ38_RS01435
NZ_CP064385.1	274762	275454		minus	electron transport complex subunit E		0	protein-coding		WP_001289628.1	230	IUJ38_RS01440
NZ_CP064385.1	275457	276077		minus	electron transport complex subunit RsxG	rsxG	0	protein-coding		WP_000920822.1	206	IUJ38_RS01445
NZ_CP064385.1	276081	277139		minus	electron transport complex subunit RsxD	rsxD	0	protein-coding		WP_000231891.1	352	IUJ38_RS01450
NZ_CP064385.1	277140	279347		minus	electron transport complex subunit RsxC	rsxC	0	protein-coding		WP_000915668.1	735	IUJ38_RS01455
NZ_CP064385.1	279340	279918		minus	electron transport complex subunit RsxB	rsxB	0	protein-coding		WP_001092597.1	192	IUJ38_RS01460
NZ_CP064385.1	279918	280499		minus	electron transport complex subunit RsxA	rsxA	0	protein-coding		WP_000133179.1	193	IUJ38_RS01465
NZ_CP064385.1	280576	281016		minus	DUF2569 domain-containing protein		0	protein-coding		WP_000214061.1	146	IUJ38_RS01470
NZ_CP064385.1	281105	281320		minus	transcription modulator YdgT	ydgT	0	protein-coding		WP_000217946.1	71	IUJ38_RS01475
NZ_CP064385.1	281618	281743		minus	division septum protein Blr	blr	0	protein-coding		WP_001708800.1	41	IUJ38_RS01480
NZ_CP064385.1	281951	282991		plus	oxidoreductase		0	protein-coding		WP_000998242.1	346	IUJ38_RS01485
NZ_CP064385.1	283066	284067		minus	adenosine deaminase	add	0	protein-coding		WP_000565569.1	333	IUJ38_RS01490
NZ_CP064385.1	284292	284423		minus	uncharacterized gene		0	pseudogene				IUJ38_RS01495
NZ_CP064385.1	284433	284652		minus	uncharacterized gene		0	pseudogene				IUJ38_RS01500
NZ_CP064385.1	284771	286279		minus	YdgA family protein		0	protein-coding		WP_000753326.1	502	IUJ38_RS01505
NZ_CP064385.1	286382	287557		minus	mannose-6-phosphate isomerase	manA	0	protein-coding		WP_001170627.1	391	IUJ38_RS01510
NZ_CP064385.1	287757	289403		plus	class I fumarate hydratase	fumB	0	protein-coding		WP_000066601.1	548	IUJ38_RS01515
NZ_CP064385.1	289571	290974		plus	class II fumarate hydratase	fumC	0	protein-coding		WP_000259121.1	467	IUJ38_RS01520
NZ_CP064385.1	290971	291900		minus	DNA replication terminus site-binding protein	tus	0	protein-coding		WP_000092490.1	309	IUJ38_RS01525
NZ_CP064385.1	291976	293277		minus	two-component system sensor histidine kinase RstB	rstB	0	protein-coding		WP_000732951.1	433	IUJ38_RS01530
NZ_CP064385.1	293388	295094		minus	amidohydrolase		0	protein-coding		WP_000928682.1	568	IUJ38_RS01535
NZ_CP064385.1	295247	296380		minus	porin OmpC	ompC	0	protein-coding		WP_000824309.1	377	IUJ38_RS01540
NZ_CP064385.1	296860	297591		minus	two-component system response regulator RstA	rstA	0	protein-coding		WP_001080048.1	243	IUJ38_RS01545
NZ_CP064385.1	297718	298053		plus	GlpM family protein		0	protein-coding		WP_000524874.1	111	IUJ38_RS01550
NZ_CP064385.1	298115	299497		minus	amino acid permease		0	protein-coding		WP_000412353.1	460	IUJ38_RS01555
NZ_CP064385.1	299796	300740		minus	DUF1471 family protein YdgH	ydgH	0	protein-coding		WP_000769294.1	314	IUJ38_RS01560
NZ_CP064385.1	301267	302796		plus	Re/Si-specific NAD(P)(+) transhydrogenase subunit alpha	pntA	0	protein-coding		WP_001219362.1	509	IUJ38_RS01570
NZ_CP064385.1	302807	304195		plus	Re/Si-specific NAD(P)(+) transhydrogenase subunit beta	pntB	0	protein-coding		WP_000014056.1	462	IUJ38_RS01575
NZ_CP064385.1	304370	305404		minus	AI-2E family transporter		0	protein-coding		WP_001118268.1	344	IUJ38_RS01580
NZ_CP064385.1	305540	305710		plus	protein YdgV		0	protein-coding		WP_001539987.1	56	IUJ38_RS24255
NZ_CP064385.1	305822	306184		plus	multidrug/spermidine efflux SMR transporter subunit MdtJ	mdtJ	0	protein-coding		WP_000500278.1	120	IUJ38_RS01585
NZ_CP064385.1	306171	306500		plus	multidrug/spermidine efflux SMR transporter subunit MdtI	mdtI	0	protein-coding		WP_001183821.1	109	IUJ38_RS01590
NZ_CP064385.1	306540	307361		minus	trypsin-like serine peptidase		0	protein-coding		WP_000549642.1	273	IUJ38_RS01595
NZ_CP064385.1	307630	307878		minus	acid resistance repetitive basic protein Asr	asr	0	protein-coding		WP_000756314.1	82	IUJ38_RS01600
NZ_CP064385.1	308114	308206		plus	KPN_01571 family protein		0	protein-coding		WP_001068154.1	30	IUJ38_RS01605
NZ_CP064385.1	308273	309526		minus	MFS transporter		0	protein-coding		WP_000091796.1	417	IUJ38_RS01610
NZ_CP064385.1	309646	310545		plus	LysR family transcriptional regulator		0	protein-coding		WP_001019577.1	299	IUJ38_RS01615
NZ_CP064385.1	310673	311893		plus	sugar metabolism global transcriptional regulator Mlc	mlc	0	protein-coding		WP_000225096.1	406	IUJ38_RS01620
NZ_CP064385.1	312019	312714		plus	dethiobiotin synthase	bioD	0	protein-coding		WP_000919233.1	231	IUJ38_RS01625
NZ_CP064385.1	312670	313959		minus	voltage-gated ClC-type chloride channel ClcB	clcB	0	protein-coding		WP_000554911.1	429	IUJ38_RS01630
NZ_CP064385.1	314095	315243		minus	osmoprotectant ABC transporter ATP-binding protein OsmV	osmV	0	protein-coding		WP_000593086.1	382	IUJ38_RS01635
NZ_CP064385.1	315243	315890		minus	osmoprotectant ABC transporter permease OsmW	osmW	0	protein-coding		WP_000379677.1	215	IUJ38_RS01640
NZ_CP064385.1	315900	316802		minus	osmoprotectant ABC transporter substrate-binding protein OsmX	osmX	0	protein-coding		WP_001211193.1	300	IUJ38_RS01645
NZ_CP064385.1	316831	317541		minus	osmoprotectant ABC transporter permease OsmY	osmY	0	protein-coding		WP_000557304.1	236	IUJ38_RS01650
NZ_CP064385.1	317846	318460		minus	Tat proofreading chaperone DmsD	dmsD	0	protein-coding		WP_000206561.1	204	IUJ38_RS01655
NZ_CP064385.1	318503	319360		minus	dimethyl sulfoxide reductase anchor subunit family protein		0	protein-coding		WP_000534700.1	285	IUJ38_RS01660
NZ_CP064385.1	319362	319979		minus	dimethylsulfoxide reductase iron-sulfur subunit DmsB	dmsB	0	protein-coding		WP_000213064.1	205	IUJ38_RS01665
NZ_CP064385.1	319990	322425		minus	selenate/tellurate reductase subunit YnfF	ynfF	0	protein-coding		WP_000705294.1	811	IUJ38_RS01670
NZ_CP064385.1	322524	324962		minus	selenate/tellurate reductase subunit YnfE	ynfE	0	protein-coding		WP_001117604.1	812	IUJ38_RS01675
NZ_CP064385.1	325119	325427		minus	DUF1161 domain-containing protein		0	protein-coding		WP_000975516.1	102	IUJ38_RS01680
NZ_CP064385.1	325531	326241		plus	YnfC family lipoprotein		0	protein-coding		WP_000743122.1	236	IUJ38_RS01685
NZ_CP064385.1	326282	326842		minus	spermidine N1-acetyltransferase	speG	0	protein-coding		WP_000199997.1	186	IUJ38_RS01690
NZ_CP064385.1	326878	327219		minus	DUF1283 family protein		0	protein-coding		WP_001066440.1	113	IUJ38_RS01695
NZ_CP064385.1	327372	327698		plus	YnfA family protein		0	protein-coding		WP_000921389.1	108	IUJ38_RS01700
NZ_CP064385.1	327820	329034		plus	starvation-sensing protein RspA	rspA	0	protein-coding		WP_000706264.1	404	IUJ38_RS01705
NZ_CP064385.1	329045	330064		plus	Zn-dependent oxidoreductase		0	protein-coding		WP_000836487.1	339	IUJ38_RS01710
NZ_CP064385.1	330118	331497		plus	uncharacterized gene		0	pseudogene				IUJ38_RS01715
NZ_CP064385.1	331641	333107		plus	mannitol dehydrogenase family protein		0	protein-coding		WP_001181258.1	488	IUJ38_RS01720
NZ_CP064385.1	333174	333377		minus	putative selenium delivery protein YdfZ	ydfZ	0	protein-coding		WP_000989267.1	67	IUJ38_RS01725
NZ_CP064385.1	333558	334244		minus	GntR family transcriptional regulator		0	protein-coding		WP_000215563.1	228	IUJ38_RS01730
NZ_CP064385.1	334374	335120		minus	bifunctional NADP-dependent 3-hydroxy acid dehydrogenase/3-hydroxypropionate dehydrogenase YdfG	ydfG	0	protein-coding		WP_000636564.1	248	IUJ38_RS01735
NZ_CP064385.1	335259	337301		plus	peptidyl-dipeptidase Dcp	dcp	0	protein-coding		WP_000106265.1	680	IUJ38_RS01740
NZ_CP064385.1	337646	337828		plus	con-10 family general stress protein		0	protein-coding		WP_000807642.1	60	IUJ38_RS01745
NZ_CP064385.1	337948	338475		minus	2-oxo-tetronate isomerase		0	protein-coding		WP_001235357.1	175	IUJ38_RS01750
NZ_CP064385.1	338902	339294		plus	YdeI family stress tolerance OB fold protein		0	protein-coding		WP_000776348.1	130	IUJ38_RS01755
NZ_CP064385.1	339533	339643		minus	hypothetical protein		0	protein-coding		WP_418895766.1	36	IUJ38_RS24260
NZ_CP064385.1	339643	339738		minus	protein MgtS	mgtS	0	protein-coding		WP_000901531.1	31	IUJ38_RS01760
NZ_CP064385.1	339986	341173		minus	efflux MFS transporter YdeE	ydeE	0	protein-coding		WP_001068050.1	395	IUJ38_RS01765
NZ_CP064385.1	341401	342303		plus	O-acetylserine/cysteine exporter	eamA	0	protein-coding		WP_000987751.1	300	IUJ38_RS01770
NZ_CP064385.1	342422	342637		minus	multiple antibiotic resistance protein MarB	marB	0	protein-coding		WP_000783049.1	71	IUJ38_RS01775
NZ_CP064385.1	342666	343049		minus	MDR efflux pump AcrAB transcriptional activator MarA	marA	0	protein-coding		WP_000091194.1	127	IUJ38_RS01780
NZ_CP064385.1	343069	343503		minus	multiple antibiotic resistance transcriptional regulator MarR	marR	0	protein-coding		WP_000843434.1	144	IUJ38_RS01785
NZ_CP064385.1	343762	344427		plus	MarC family NAAT transporter		0	protein-coding		WP_000968968.1	221	IUJ38_RS01790
NZ_CP064385.1	344474	345664		minus	sugar transporter		0	protein-coding		WP_000154625.1	396	IUJ38_RS01795
NZ_CP064385.1	345780	346652		minus	putrescine utilization regulator PtrR	ptrR	0	protein-coding		WP_000366538.1	290	IUJ38_RS01800
NZ_CP064385.1	346755	348143		plus	succinate-semialdehyde dehydrogenase	sad	0	protein-coding		WP_000178397.1	462	IUJ38_RS01805
NZ_CP064385.1	348216	349142		plus	glutaminase B	glsB	0	protein-coding		WP_000090081.1	308	IUJ38_RS01810
NZ_CP064385.1	349142	349501		plus	DUF4186 domain-containing protein		0	protein-coding		WP_000992449.1	119	IUJ38_RS01815
NZ_CP064385.1	349758	350672		plus	bestrophin family protein		0	protein-coding		WP_001670736.1	304	IUJ38_RS01820
NZ_CP064385.1	350728	351270		minus	YybH family protein		0	protein-coding		WP_000513122.1	180	IUJ38_RS01825
NZ_CP064385.1	351987	353105		plus	porin OmpC	ompC	0	protein-coding		WP_000758335.1	372	IUJ38_RS01830
NZ_CP064385.1	353246	353587		minus	hydrogenase maturation nickel metallochaperone HypA	hypA	0	protein-coding		WP_000544773.1	113	IUJ38_RS01835
NZ_CP064385.1	353600	354487		minus	ATP/GTP-binding protein		0	protein-coding		WP_001189401.1	295	IUJ38_RS01840
NZ_CP064385.1	354475	355536		minus	hydrogenase expression/formation C-terminal domain-containing protein		0	protein-coding		WP_001016743.1	353	IUJ38_RS01845
NZ_CP064385.1	355554	355964		minus	thioredoxin domain-containing protein		0	protein-coding		WP_000155978.1	136	IUJ38_RS01850
NZ_CP064385.1	355961	356260		minus	HypC/HybG/HupF family hydrogenase formation chaperone	hypC	0	protein-coding		WP_000334904.1	99	IUJ38_RS01855
NZ_CP064385.1	356260	356868		minus	HyaD/HybD family hydrogenase maturation endopeptidase	hybD	0	protein-coding		WP_000852664.1	202	IUJ38_RS01860
NZ_CP064385.1	356874	357617		minus	Ni/Fe-hydrogenase, b-type cytochrome subunit	cybH	0	protein-coding		WP_000924456.1	247	IUJ38_RS01865
NZ_CP064385.1	357568	359370		minus	nickel-dependent hydrogenase large subunit		0	protein-coding		WP_000331199.1	600	IUJ38_RS01870
NZ_CP064385.1	359373	360476		minus	hydrogenase small subunit		0	protein-coding		WP_001194448.1	367	IUJ38_RS01875
NZ_CP064385.1	360905	361996		plus	choloylglycine hydrolase family protein		0	protein-coding		WP_000976498.1	363	IUJ38_RS01880
NZ_CP064385.1	362042	362833		plus	FadR/GntR family transcriptional regulator		0	protein-coding		WP_001518759.1	263	IUJ38_RS01885
NZ_CP064385.1	362892	363917		minus	zinc-binding alcohol dehydrogenase family protein		0	protein-coding		WP_000864924.1	341	IUJ38_RS01890
NZ_CP064385.1	363892	365178		minus	MFS transporter		0	protein-coding		WP_000824240.1	428	IUJ38_RS01895
NZ_CP064385.1	365355	366911		minus	PhoPQ-activated pathogenicity-related family protein		0	protein-coding		WP_000476912.1	518	IUJ38_RS01900
NZ_CP064385.1	366981	368222		minus	MFS transporter		0	protein-coding		WP_001095738.1	413	IUJ38_RS01905
NZ_CP064385.1	368212	369720		minus	FAD-dependent oxidoreductase		0	protein-coding		WP_000199411.1	502	IUJ38_RS01910
NZ_CP064385.1	369765	370253		plus	MarR family winged helix-turn-helix transcriptional regulator		0	protein-coding		WP_001293638.1	162	IUJ38_RS01915
NZ_CP064385.1	370446	371525		plus	S-adenosylmethionine:tRNA ribosyltransferase-isomerase		0	protein-coding		WP_000954688.1	359	IUJ38_RS01920
NZ_CP064385.1	371577	371966		minus	RidA family protein		0	protein-coding		WP_000194089.1	129	IUJ38_RS01925
NZ_CP064385.1	372137	372421		minus	type II toxin-antitoxin system RelE family toxin		0	protein-coding		WP_000221343.1	94	IUJ38_RS01930
NZ_CP064385.1	372411	372659		minus	type II toxin-antitoxin system Phd/YefM family antitoxin		0	protein-coding		WP_000885424.1	82	IUJ38_RS01935
NZ_CP064385.1	372924	373022		plus	uncharacterized gene		0	pseudogene				IUJ38_RS24180
NZ_CP064385.1	373016	373348		plus	DUF1493 family protein		0	protein-coding		WP_000253154.1	110	IUJ38_RS01945
NZ_CP064385.1	373491	374399		plus	hypothetical protein		0	protein-coding		WP_010989018.1	302	IUJ38_RS01950
NZ_CP064385.1	374401	375169		minus	uncharacterized gene		0	pseudogene				IUJ38_RS01955
NZ_CP064385.1	375977	377443		minus	hypothetical protein		0	protein-coding		WP_000987828.1	488	IUJ38_RS01960
NZ_CP064385.1	377702	378709		plus	LacI family DNA-binding transcriptional regulator		0	protein-coding		WP_000201080.1	335	IUJ38_RS01965
NZ_CP064385.1	378853	380304		plus	Na+/H+ antiporter NhaC	nhaC	0	protein-coding		WP_001276616.1	483	IUJ38_RS01970
NZ_CP064385.1	380317	381519		plus	MalY/PatB family protein		0	protein-coding		WP_000347159.1	400	IUJ38_RS01975
NZ_CP064385.1	381632	383707		minus	glycogen debranching protein GlgX	glgX	0	protein-coding		WP_000210601.1	691	IUJ38_RS01980
NZ_CP064385.1	383764	386292		minus	malto-oligosyltrehalose synthase	treY	0	protein-coding		WP_000613145.1	842	IUJ38_RS01985
NZ_CP064385.1	386289	388073		minus	malto-oligosyltrehalose trehalohydrolase	treZ	0	protein-coding		WP_000095534.1	594	IUJ38_RS01990
NZ_CP064385.1	388202	388987		minus	OBAP family protein		0	protein-coding		WP_000698598.1	261	IUJ38_RS01995
NZ_CP064385.1	389130	389459		minus	acid-activated periplasmic chaperone HdeB	hdeB	0	protein-coding		WP_001032161.1	109	IUJ38_RS02000
NZ_CP064385.1	389809	390240		minus	OsmC family protein		0	protein-coding		WP_000152297.1	143	IUJ38_RS02005
NZ_CP064385.1	390753	390968		plus	biofilm-dependent modulation protein	bdm	0	protein-coding		WP_000495700.1	71	IUJ38_RS02010
NZ_CP064385.1	391063	391206		plus	stationary-phase-induced ribosome-associated protein	sra	0	protein-coding		WP_000841559.1	47	IUJ38_RS02015
NZ_CP064385.1	391383	393080		plus	NAD-dependent malic enzyme		0	protein-coding		WP_000450511.1	565	IUJ38_RS02020
NZ_CP064385.1	393366	394376		plus	alcohol dehydrogenase AdhP	adhP	0	protein-coding		WP_000642447.1	336	IUJ38_RS02025
NZ_CP064385.1	394467	395123		minus	formate dehydrogenase-N subunit gamma	fdnI	0	protein-coding		WP_000045657.1	218	IUJ38_RS02030
NZ_CP064385.1	395116	396000		minus	formate dehydrogenase subunit beta	fdxH	0	protein-coding		WP_000061599.1	294	IUJ38_RS02035
NZ_CP064385.1	396014	399061		minus	formate dehydrogenase-N subunit alpha	fdnG	0	protein-coding		WP_010989019.1	1015	IUJ38_RS02040
NZ_CP064385.1	399339	400220		plus	aromatic amino acid efflux DMT transporter YddG	yddG	0	protein-coding		WP_000203799.1	293	IUJ38_RS02045
NZ_CP064385.1	400745	401833		plus	porin OmpD	ompD	0	protein-coding		WP_000769035.1	362	IUJ38_RS02050
NZ_CP064385.1	401977	402357		plus	GFA family protein		0	protein-coding		WP_014343841.1	126	IUJ38_RS02055
NZ_CP064385.1	402382	403869		minus	methyl viologen efflux MFS transporter SmvA	smvA	0	protein-coding		WP_000489731.1	495	IUJ38_RS02060
NZ_CP064385.1	403987	404565		plus	TetR family transcriptional regulator		0	protein-coding		WP_000121043.1	192	IUJ38_RS02065
NZ_CP064385.1	404780	406168		plus	NarK family nitrate/nitrite MFS transporter		0	protein-coding		WP_000198251.1	462	IUJ38_RS02070
NZ_CP064385.1	406260	410000		plus	nitrate reductase subunit alpha		0	protein-coding		WP_000040398.1	1246	IUJ38_RS02075
NZ_CP064385.1	409997	411541		plus	nitrate reductase subunit beta	narH	0	protein-coding		WP_000702596.1	514	IUJ38_RS02080
NZ_CP064385.1	411541	412236		plus	nitrate reductase molybdenum cofactor assembly chaperone	narW	0	protein-coding		WP_001166296.1	231	IUJ38_RS02085
NZ_CP064385.1	412233	412913		plus	respiratory nitrate reductase subunit gamma	narI	0	protein-coding		WP_000617106.1	226	IUJ38_RS02090
NZ_CP064385.1	413019	413912		plus	PhzF family isomerase		0	protein-coding		WP_000804282.1	297	IUJ38_RS02095
NZ_CP064385.1	413948	414793		minus	N-hydroxyarylamine O-acetyltransferase	nhoA	0	protein-coding		WP_000200329.1	281	IUJ38_RS02100
NZ_CP064385.1	415077	415709		minus	type III secretion system effector SteA	steA	0	protein-coding		WP_001147134.1	210	IUJ38_RS02105
NZ_CP064385.1	416222	417715		plus	L-asparagine permease	ansP	0	protein-coding		WP_000857101.1	497	IUJ38_RS02110
NZ_CP064385.1	417792	418013		minus	YgdI/YgdR family lipoprotein		0	protein-coding		WP_000732362.1	73	IUJ38_RS02115
NZ_CP064385.1	418158	419219		minus	7-bladed beta-propeller protein YncE		0	protein-coding		WP_000550636.1	353	IUJ38_RS02120
NZ_CP064385.1	419483	421603		plus	TonB-dependent receptor PqqU	pqqU	0	protein-coding		WP_000692042.1	706	IUJ38_RS02125
NZ_CP064385.1	421670	422335		minus	colanic acid/biofilm transcriptional regulator McbR	mcbR	0	protein-coding		WP_001119592.1	221	IUJ38_RS02130
NZ_CP064385.1	422669	423706		minus	NADPH-dependent curcumin/dihydrocurcumin reductase		0	protein-coding		WP_001517827.1	345	IUJ38_RS02135
NZ_CP064385.1	423918	424433		plus	L-methionine sulfoximine/L-methionine sulfone acetyltransferase	mddA	0	protein-coding		WP_000155373.1	171	IUJ38_RS02140
NZ_CP064385.1	424433	424882		plus	DMT family transporter		0	protein-coding		WP_001076571.1	149	IUJ38_RS02145
NZ_CP064385.1	424887	425120		minus	YdcY family protein		0	protein-coding		WP_000018720.1	77	IUJ38_RS02150
NZ_CP064385.1	425344	426663		plus	virulence-associated effector SrfA	srfA	0	protein-coding		WP_001129948.1	439	IUJ38_RS02155
NZ_CP064385.1	426668	429649		plus	virulence factor SrfB		0	protein-coding		WP_000960833.1	993	IUJ38_RS02160
NZ_CP064385.1	429646	431790		plus	virulence-associated effector SrfC	srfC	0	protein-coding		WP_000165648.1	714	IUJ38_RS02165
NZ_CP064385.1	431835	432008		minus	GhoT/OrtT family toxin		0	protein-coding		WP_000171943.1	57	IUJ38_RS02170
NZ_CP064385.1	432207	432302		plus	stress response membrane protein YncL	yncL	0	protein-coding		WP_001103198.1	31	IUJ38_RS02175
NZ_CP064385.1	432407	433852		minus	aminobutyraldehyde dehydrogenase	patD	0	protein-coding		WP_000158107.1	481	IUJ38_RS02180
NZ_CP064385.1	433967	435391		minus	GntR family transcriptional regulator YdcR	ycdR	0	protein-coding		WP_000760692.1	474	IUJ38_RS02185
NZ_CP064385.1	435527	436297		minus	M15 family metallopeptidase		0	protein-coding		WP_000237715.1	256	IUJ38_RS02190
NZ_CP064385.1	436556	436786		minus	hypothetical protein		0	protein-coding		WP_001597849.1	76	IUJ38_RS02195
NZ_CP064385.1	436819	437217		minus	regulatory protein UgtL		0	protein-coding		WP_000747896.1	132	IUJ38_RS02200
NZ_CP064385.1	437754	438704		plus	SPI-2 type III secretion system effector SifB	sifB	0	protein-coding		WP_001122926.1	316	IUJ38_RS02205
NZ_CP064385.1	438978	439208		plus	DUF2554 family protein		0	protein-coding		WP_000956438.1	76	IUJ38_RS02210
NZ_CP064385.1	439209	441173		minus	peptidase U32 family protein		0	protein-coding		WP_001249753.1	654	IUJ38_RS02215
NZ_CP064385.1	441252	441788		minus	helix-turn-helix domain-containing protein		0	protein-coding		WP_000369555.1	178	IUJ38_RS02220
NZ_CP064385.1	441879	443057		plus	benzoate/H(+) symporter BenE family transporter		0	protein-coding		WP_001238501.1	392	IUJ38_RS02225
NZ_CP064385.1	443111	443779		minus	DUF3313 domain-containing protein		0	protein-coding		WP_001259025.1	222	IUJ38_RS02230
NZ_CP064385.1	443935	444531		minus	tellurite resistance methyltransferase TehB	tehB	0	protein-coding		WP_000218280.1	198	IUJ38_RS02235
NZ_CP064385.1	444518	445531		minus	dicarboxylate transporter/tellurite-resistance protein TehA	tehA	0	protein-coding		WP_001244002.1	337	IUJ38_RS02240
NZ_CP064385.1	445638	446618		plus	YdcK family protein	ydcK	0	protein-coding		WP_000170589.1	326	IUJ38_RS02245
NZ_CP064385.1	446615	447154		minus	50S ribosomal protein L7/L12-serine acetyltransferase	rimL	0	protein-coding		WP_000229304.1	179	IUJ38_RS02250
NZ_CP064385.1	447371	448489		plus	M42 family metallopeptidase		0	protein-coding		WP_000144617.1	372	IUJ38_RS02255
NZ_CP064385.1	448486	448767		plus	PTS sugar transporter subunit IIB SgcB	sgcB	0	protein-coding		WP_000976132.1	93	IUJ38_RS02260
NZ_CP064385.1	448778	450091		plus	PTS sugar transporter subunit IIC SgcC	sgcC	0	protein-coding		WP_000460835.1	437	IUJ38_RS02265
NZ_CP064385.1	450105	450911		plus	BtpA family protein SgcQ	sgcQ	0	protein-coding		WP_000118615.1	268	IUJ38_RS02270
NZ_CP064385.1	451043	451480		plus	SgcA family PTS sugar transporter subunit IIA	sgcA	0	protein-coding		WP_000606458.1	145	IUJ38_RS02275
NZ_CP064385.1	451492	452124		plus	ribulose-phosphate 3 epimerase family protein		0	protein-coding		WP_000600616.1	210	IUJ38_RS02280
NZ_CP064385.1	452140	452931		plus	DeoR/GlpR family DNA-binding transcription regulator		0	protein-coding		WP_001670738.1	263	IUJ38_RS02285
NZ_CP064385.1	452931	453368		plus	aminoglycoside 6'-N-acetyltransferase AAC(6')-Iaa	aac(6')	0	protein-coding		WP_000354865.1	145	IUJ38_RS02290
NZ_CP064385.1	453415	454617		minus	lactate oxidase		0	protein-coding		WP_000848076.1	400	IUJ38_RS02295
NZ_CP064385.1	454629	455204		minus	YceI family protein		0	protein-coding		WP_001024311.1	191	IUJ38_RS02300
NZ_CP064385.1	455400	457055		minus	glucan biosynthesis protein D		0	protein-coding		WP_001081943.1	551	IUJ38_RS02305
NZ_CP064385.1	457275	458783		minus	carboxylesterase/lipase family protein		0	protein-coding		WP_000933996.1	502	IUJ38_RS02310
NZ_CP064385.1	458832	460175		minus	2-oxoadipate dioxygenase/decarboxylase HglS	hglS	0	protein-coding		WP_000024091.1	447	IUJ38_RS02315
NZ_CP064385.1	460468	461391		plus	LysR substrate-binding domain-containing protein		0	protein-coding		WP_000414259.1	307	IUJ38_RS02320
NZ_CP064385.1	461452	463077		minus	methyl-accepting chemotaxis protein		0	protein-coding		WP_000528484.1	541	IUJ38_RS02325
NZ_CP064385.1	463246	464364		minus	S-(hydroxymethyl)glutathione dehydrogenase/class III alcohol dehydrogenase		0	protein-coding		WP_000842141.1	372	IUJ38_RS02330
NZ_CP064385.1	464396	464671		minus	metal/formaldehyde-sensitive transcriptional repressor		0	protein-coding		WP_001120770.1	91	IUJ38_RS02335
NZ_CP064385.1	465194	465595		plus	type III secretion system effector SteB	steB	0	protein-coding		WP_001540100.1	133	IUJ38_RS02340
NZ_CP064385.1	465724	466440		minus	STM1630 family protein		0	protein-coding		WP_000997195.1	238	IUJ38_RS02345
NZ_CP064385.1	466866	468092		plus	SPI-2 type III secretion system effector SseJ	sseJ	0	protein-coding		WP_001131430.1	408	IUJ38_RS02350
NZ_CP064385.1	468213	468557		minus	DUF1294 domain-containing protein		0	protein-coding		WP_000281185.1	114	IUJ38_RS02355
NZ_CP064385.1	469464	470225		plus	transporter substrate-binding domain-containing protein		0	protein-coding		WP_000949370.1	253	IUJ38_RS02360
NZ_CP064385.1	470232	470879		plus	amino acid ABC transporter permease		0	protein-coding		WP_000094453.1	215	IUJ38_RS02365
NZ_CP064385.1	470904	471635		plus	amino acid ABC transporter ATP-binding protein		0	protein-coding		WP_001196340.1	243	IUJ38_RS02370
NZ_CP064385.1	471632	472312		plus	amino acid ABC transporter permease		0	protein-coding		WP_000560166.1	226	IUJ38_RS02375
NZ_CP064385.1	472449	473999		plus	glycosyltransferase family 39 protein		0	protein-coding		WP_001520091.1	516	IUJ38_RS02380
NZ_CP064385.1	474463	475125		plus	class I SAM-dependent methyltransferase		0	protein-coding		WP_001520112.1	220	IUJ38_RS02385
NZ_CP064385.1	475396	475926		minus	cytochrome b561	cybB	0	protein-coding		WP_000527273.1	176	IUJ38_RS02390
NZ_CP064385.1	476043	476843		minus	YdcF family protein		0	protein-coding		WP_001098498.1	266	IUJ38_RS02395
NZ_CP064385.1	476907	480809		minus	ATP-dependent RNA helicase HrpA	hrpA	0	protein-coding		WP_000139701.1	1300	IUJ38_RS02400
NZ_CP064385.1	481010	481615		plus	FMN-dependent NADH-azoreductase	azoR	0	protein-coding		WP_000048924.1	201	IUJ38_RS02405
NZ_CP064385.1	481612	482061		minus	GFA family protein		0	protein-coding		WP_001521629.1	149	IUJ38_RS02410
NZ_CP064385.1	482204	482527		minus	YdbL family probable chaperone protein		0	protein-coding		WP_000760345.1	107	IUJ38_RS02415
NZ_CP064385.1	482535	482726		minus	YnbE family lipoprotein		0	protein-coding		WP_000784063.1	63	IUJ38_RS02420
NZ_CP064385.1	482726	485362		minus	YdbH family protein		0	protein-coding		WP_000677012.1	878	IUJ38_RS02425
NZ_CP064385.1	485602	486591		plus	D-lactate dehydrogenase	ldhA	0	protein-coding		WP_000762206.1	329	IUJ38_RS02430
NZ_CP064385.1	486702	487112		plus	heat shock protein HslJ	hslJ	0	protein-coding		WP_000725242.1	136	IUJ38_RS02435
NZ_CP064385.1	487156	487422		minus	putative hemolysin		0	protein-coding		WP_001200680.1	88	IUJ38_RS02440
NZ_CP064385.1	487338	487637		plus	hypothetical protein		0	protein-coding		WP_001137722.1	99	IUJ38_RS02445
NZ_CP064385.1	487698	491222		plus	pyruvate:ferredoxin (flavodoxin) oxidoreductase	nifJ	0	protein-coding		WP_001193265.1	1174	IUJ38_RS02450
NZ_CP064385.1	491704	492138		plus	universal stress protein UspF	uspF	0	protein-coding		WP_001082296.1	144	IUJ38_RS02455
NZ_CP064385.1	492188	492526		minus	SMR family transporter		0	protein-coding		WP_000159242.1	112	IUJ38_RS02460
NZ_CP064385.1	492519	492671		minus	hypothetical protein		0	protein-coding		WP_000089153.1	50	IUJ38_RS24185
NZ_CP064385.1	492627	492830		plus	uncharacterized gene		0	pseudogene				IUJ38_RS02465
NZ_CP064385.1	492882	493817		plus	tRNA 2-thiocytidine(32) synthetase TtcA	ttcA	0	protein-coding		WP_001156208.1	311	IUJ38_RS02470
NZ_CP064385.1	493861	495234		minus	ATP-dependent RNA helicase DbpA	dbpA	0	protein-coding		WP_000206674.1	457	IUJ38_RS02475
NZ_CP064385.1	495263	495445		minus	proline-rich small protein YnaL		0	protein-coding		WP_001670836.1	60	IUJ38_RS24265
NZ_CP064385.1	495721	496704		minus	zinc transporter ZntB	zntB	0	protein-coding		WP_000387373.1	327	IUJ38_RS02480
NZ_CP064385.1	496850	498004		minus	methyl-accepting chemotaxis protein		0	protein-coding		WP_000945608.1	384	IUJ38_RS02485
NZ_CP064385.1	498415	498978		minus	DNA endonuclease SmrA	smrA	0	protein-coding		WP_001046799.1	187	IUJ38_RS02490
NZ_CP064385.1	499236	499751		plus	methylated-DNA--[protein]-cysteine S-methyltransferase	ogt	0	protein-coding		WP_000945036.1	171	IUJ38_RS02495
NZ_CP064385.1	499947	500699		plus	fumarate/nitrate reduction transcriptional regulator Fnr	fnr	0	protein-coding		WP_000611914.1	250	IUJ38_RS02500
NZ_CP064385.1	500850	501797		plus	universal stress protein UspE	uspE	0	protein-coding		WP_001262138.1	315	IUJ38_RS02505
NZ_CP064385.1	501852	502106		minus	DUF2534 family protein		0	protein-coding		WP_000605645.1	84	IUJ38_RS02510
NZ_CP064385.1	502345	503376		plus	mechanosensitive ion channel family protein		0	protein-coding		WP_000493665.1	343	IUJ38_RS02515
NZ_CP064385.1	503462	504064		minus	helix-turn-helix domain-containing protein		0	protein-coding		WP_000163371.1	200	IUJ38_RS02520
NZ_CP064385.1	504108	504794		plus	B3/B4 domain-containing protein		0	protein-coding		WP_000097253.1	228	IUJ38_RS02525
NZ_CP064385.1	504822	505160		plus	uncharacterized gene		0	pseudogene				IUJ38_RS02530
NZ_CP064385.1	505266	505823		minus	redoxin family protein		0	protein-coding		WP_001062614.1	185	IUJ38_RS02535
NZ_CP064385.1	505922	506752		minus	two-partner-like secretion system exoprotein ZirS	zirS	0	protein-coding		WP_001242915.1	276	IUJ38_RS02540
NZ_CP064385.1	506773	508755		minus	two-partner secretion translocator ZirT	zirT	0	protein-coding		WP_000232032.1	660	IUJ38_RS02545
NZ_CP064385.1	508830	509675		minus	two-partner-like secretion system exoprotein ZirU	zirU	0	protein-coding		WP_000273696.1	281	IUJ38_RS02550
NZ_CP064385.1	509969	510826		plus	GyrI-like domain-containing protein		0	protein-coding		WP_010989022.1	285	IUJ38_RS02555
NZ_CP064385.1	511217	512326		plus	hypothetical protein		0	protein-coding		WP_000275493.1	369	IUJ38_RS02560
NZ_CP064385.1	512540	512776		minus	YgdI/YgdR family lipoprotein		0	protein-coding		WP_001168019.1	78	IUJ38_RS02565
NZ_CP064385.1	512905	513495		minus	TetR/AcrR family transcriptional regulator		0	protein-coding		WP_000208473.1	196	IUJ38_RS02570
NZ_CP064385.1	513573	514286		plus	SDR family oxidoreductase	bdcA	0	protein-coding		WP_000171963.1	237	IUJ38_RS02575
NZ_CP064385.1	514377	515246		minus	aldo/keto reductase		0	protein-coding		WP_000456774.1	289	IUJ38_RS02580
NZ_CP064385.1	515520	516425		minus	LysR family transcriptional regulator		0	protein-coding		WP_000359201.1	301	IUJ38_RS02585
NZ_CP064385.1	516544	517473		plus	aromatic alcohol reductase		0	protein-coding		WP_000814362.1	309	IUJ38_RS02590
NZ_CP064385.1	517570	519183		minus	peptide ABC transporter substrate-binding protein		0	protein-coding		WP_001216554.1	537	IUJ38_RS02595
NZ_CP064385.1	519373	520101		plus	murein tripeptide amidase MpaA	mpaA	0	protein-coding		WP_000219126.1	242	IUJ38_RS02600
NZ_CP064385.1	520076	521041		minus	L-Ala-D/L-Glu epimerase	ycjG	0	protein-coding		WP_001258061.1	321	IUJ38_RS02605
NZ_CP064385.1	521157	521663		plus	thiol peroxidase	tpx	0	protein-coding		WP_000084401.1	168	IUJ38_RS02610
NZ_CP064385.1	521753	523294		minus	transcriptional regulator TyrR	tyrR	0	protein-coding		WP_001235493.1	513	IUJ38_RS02615
NZ_CP064385.1	523442	524503		minus	YcjF family protein		0	protein-coding		WP_001294459.1	353	IUJ38_RS02620
NZ_CP064385.1	524500	525897		minus	YcjX family GTP-binding protein		0	protein-coding		WP_000825847.1	465	IUJ38_RS02625
NZ_CP064385.1	526046	526360		minus	thiosulfate sulfurtransferase PspE	pspE	0	protein-coding		WP_000913428.1	104	IUJ38_RS02630
NZ_CP064385.1	526436	526654		minus	phage shock protein PspD	pspD	0	protein-coding		WP_001097607.1	72	IUJ38_RS02635
NZ_CP064385.1	526677	527036		minus	envelope stress response membrane protein PspC	pspC	0	protein-coding		WP_000508938.1	119	IUJ38_RS02640
NZ_CP064385.1	527036	527260		minus	envelope stress response membrane protein PspB	pspB	0	protein-coding		WP_001274953.1	74	IUJ38_RS02645
NZ_CP064385.1	527320	527988		minus	phage shock protein PspA	pspA	0	protein-coding		WP_000510996.1	222	IUJ38_RS02650
NZ_CP064385.1	528159	529139		plus	phage shock protein operon transcriptional activator	pspF	0	protein-coding		WP_001738297.1	326	IUJ38_RS02655
NZ_CP064385.1	529251	530900		plus	peptide ABC transporter substrate-binding protein SapA	sapA	0	protein-coding		WP_001241629.1	549	IUJ38_RS02660
NZ_CP064385.1	530897	531862		plus	peptide ABC transporter permease SapB	sapB	0	protein-coding		WP_000583298.1	321	IUJ38_RS02665
NZ_CP064385.1	531849	532739		plus	peptide ABC transporter permease SapC	sapC	0	protein-coding		WP_001146150.1	296	IUJ38_RS02670
NZ_CP064385.1	532739	533731		plus	peptide ABC transporter ATP-binding protein SapD	sapD	0	protein-coding		WP_001128868.1	330	IUJ38_RS02675
NZ_CP064385.1	533733	534539		plus	peptide ABC transporter ATP-binding protein SapF	sapF	0	protein-coding		WP_000230462.1	268	IUJ38_RS02680
NZ_CP064385.1	534555	535264		minus	uncharacterized gene		0	pseudogene				IUJ38_RS02685
NZ_CP064385.1	535730	537103		minus	SPI-2 type III secretion system effector kinase SteC	steC	0	protein-coding		WP_001116926.1	457	IUJ38_RS02690
NZ_CP064385.1	537138	537317		plus	hypothetical protein		0	protein-coding		WP_010989024.1	59	IUJ38_RS02695
NZ_CP064385.1	537292	537591		plus	hypothetical protein		0	protein-coding		WP_010989025.1	99	IUJ38_RS02700
NZ_CP064385.1	537709	538497		plus	enoyl-ACP reductase FabI	fabI	0	protein-coding		WP_000506505.1	262	IUJ38_RS02705
NZ_CP064385.1	538697	539677		plus	CMD domain-containing protein		0	protein-coding		WP_000434196.1	326	IUJ38_RS02710
NZ_CP064385.1	539919	541853		plus	exoribonuclease II		0	protein-coding		WP_000485055.1	644	IUJ38_RS02715
NZ_CP064385.1	542115	544097		plus	cyclic di-GMP phosphodiesterase	pdeR	0	protein-coding		WP_001623919.1	660	IUJ38_RS02720
NZ_CP064385.1	544219	544398		plus	YciZ family protein		0	protein-coding		WP_001279854.1	59	IUJ38_RS02725
NZ_CP064385.1	544485	545237		plus	DNA-binding transcriptional regulator YciT		0	protein-coding		WP_001088593.1	250	IUJ38_RS02730
NZ_CP064385.1	545496	545714		plus	osmotically-inducible lipoprotein OsmB	osmB	0	protein-coding		WP_000481166.1	72	IUJ38_RS02735
NZ_CP064385.1	545834	546160		minus	stress response translation initiation inhibitor YciH	yciH	0	protein-coding		WP_001285199.1	108	IUJ38_RS02740
NZ_CP064385.1	546160	546897		minus	orotidine-5'-phosphate decarboxylase	pyrF	0	protein-coding		WP_001542125.1	245	IUJ38_RS02745
NZ_CP064385.1	547088	548257		minus	lipopolysaccharide assembly protein LapB	lapB	0	protein-coding		WP_000891378.1	389	IUJ38_RS02750
NZ_CP064385.1	548264	548572		minus	LapA family protein		0	protein-coding		WP_000876301.1	102	IUJ38_RS02755
NZ_CP064385.1	548722	549486		minus	phosphatidylglycerophosphatase B	pgpB	0	protein-coding		WP_000948651.1	254	IUJ38_RS02760
NZ_CP064385.1	549682	550272		plus	GTP cyclohydrolase II	ribA	0	protein-coding		WP_001176284.1	196	IUJ38_RS02765
NZ_CP064385.1	550328	553003		minus	aconitate hydratase AcnA	acnA	0	protein-coding		WP_000099475.1	891	IUJ38_RS02770
NZ_CP064385.1	553186	553278		minus	small membrane protein YmiC	ymiC	0	protein-coding		WP_223148964.1	30	IUJ38_RS02775
NZ_CP064385.1	553388	553558		minus	YciX family protein		0	protein-coding		WP_000029029.1	56	IUJ38_RS02780
NZ_CP064385.1	553559	553699		minus	YmiA family putative membrane protein		0	protein-coding		WP_213083417.1	46	IUJ38_RS02785
NZ_CP064385.1	553980	554954		minus	HTH-type transcriptional regulator CysB	cysB	0	protein-coding		WP_000776233.1	324	IUJ38_RS02790
NZ_CP064385.1	555365	557962		minus	type I DNA topoisomerase	topA	0	protein-coding		WP_000513593.1	865	IUJ38_RS02795
NZ_CP064385.1	558365	558616		plus	YciN family protein		0	protein-coding		WP_000548616.1	83	IUJ38_RS02800
NZ_CP064385.1	558658	559704		minus	protease SohB	sohB	0	protein-coding		WP_000422082.1	348	IUJ38_RS02805
NZ_CP064385.1	559942	560703		plus	YciK family oxidoreductase		0	protein-coding		WP_000559310.1	253	IUJ38_RS02810
NZ_CP064385.1	560700	561290		plus	cob(I)yrinic acid a,c-diamide adenosyltransferase	cobO	0	protein-coding		WP_001278856.1	196	IUJ38_RS02815
NZ_CP064385.1	561377	562252		minus	23S rRNA pseudouridine(2605) synthase RluB	rluB	0	protein-coding		WP_001291233.1	291	IUJ38_RS02820
NZ_CP064385.1	562353	562973		minus	L-threonylcarbamoyladenylate synthase		0	protein-coding		WP_000077250.1	206	IUJ38_RS02825
NZ_CP064385.1	562981	563862		minus	RNase RNM	rnm	0	protein-coding		WP_000500442.1	293	IUJ38_RS02830
NZ_CP064385.1	563984	564028		plus	trp operon leader peptide	trpL	0	protein-coding		WP_010989026.1	14	IUJ38_RS02835
NZ_CP064385.1	564123	565685		plus	anthranilate synthase component 1		0	protein-coding		WP_001194371.1	520	IUJ38_RS02840
NZ_CP064385.1	565685	567280		plus	bifunctional anthranilate synthase glutamate amidotransferase component TrpG/anthranilate phosphoribosyltransferase TrpD	trpD	0	protein-coding		WP_000763494.1	531	IUJ38_RS02845
NZ_CP064385.1	567284	568642		plus	bifunctional indole-3-glycerol-phosphate synthase TrpC/phosphoribosylanthranilate isomerase TrpF	trpCF	0	protein-coding		WP_001195296.1	452	IUJ38_RS02850
NZ_CP064385.1	568652	569845		plus	tryptophan synthase subunit beta	trpB	0	protein-coding		WP_000209485.1	397	IUJ38_RS02855
NZ_CP064385.1	569845	570651		plus	tryptophan synthase subunit alpha	trpA	0	protein-coding		WP_000443030.1	268	IUJ38_RS02860
NZ_CP064385.1	571131	571313		plus	con-10 family general stress protein		0	protein-coding		WP_000807657.1	60	IUJ38_RS02865
NZ_CP064385.1	571403	571906		plus	YciE/YciF ferroxidase family protein		0	protein-coding		WP_001022822.1	167	IUJ38_RS02870
NZ_CP064385.1	571980	572486		plus	ferritin-like domain-containing protein		0	protein-coding		WP_001109977.1	168	IUJ38_RS02875
NZ_CP064385.1	572506	573384		plus	manganese catalase family protein		0	protein-coding		WP_000488349.1	292	IUJ38_RS02880
NZ_CP064385.1	573466	574104		minus	outer membrane protein OmpW	ompW	0	protein-coding		WP_000714799.1	212	IUJ38_RS02885
NZ_CP064385.1	574442	574846		plus	YkgJ family cysteine cluster protein		0	protein-coding		WP_000114955.1	134	IUJ38_RS02890
NZ_CP064385.1	574872	575615		plus	YciC family protein		0	protein-coding		WP_000028507.1	247	IUJ38_RS02895
NZ_CP064385.1	575672	576211		plus	septation protein A		0	protein-coding		WP_000808682.1	179	IUJ38_RS02900
NZ_CP064385.1	576372	576773		plus	acyl-CoA thioester hydrolase YciA	yciA	0	protein-coding		WP_000210317.1	133	IUJ38_RS02905
NZ_CP064385.1	576833	577561		minus	TonB system transport protein TonB	tonB	0	protein-coding		WP_001520573.1	242	IUJ38_RS02910
NZ_CP064385.1	577785	578081		plus	YciI family protein		0	protein-coding		WP_000967605.1	98	IUJ38_RS02915
NZ_CP064385.1	578125	578298		minus	YciY family protein		0	protein-coding		WP_001531561.1	57	IUJ38_RS02920
NZ_CP064385.1	578441	579901		plus	cardiolipin synthase	cls	0	protein-coding		WP_000206886.1	486	IUJ38_RS02925
NZ_CP064385.1	579935	580264		plus	HI1450 family dsDNA-mimic protein		0	protein-coding		WP_000425069.1	109	IUJ38_RS02930
NZ_CP064385.1	580312	581148		minus	ion transporter		0	protein-coding		WP_000059074.1	278	IUJ38_RS02935
NZ_CP064385.1	581196	582200		minus	murein tripeptide/oligopeptide ABC transporter ATP-binding protein OppF	oppF	0	protein-coding		WP_000994696.1	334	IUJ38_RS02940
NZ_CP064385.1	582197	583204		minus	ABC transporter ATP-binding protein		0	protein-coding		WP_000058857.1	335	IUJ38_RS02945
NZ_CP064385.1	583216	584124		minus	oligopeptide ABC transporter permease OppC	oppC	0	protein-coding		WP_000979653.1	302	IUJ38_RS02950
NZ_CP064385.1	584139	585059		minus	oligopeptide ABC transporter permease OppB	oppB	0	protein-coding		WP_000911097.1	306	IUJ38_RS02955
NZ_CP064385.1	585181	586812		minus	oligopeptide ABC transporter substrate-binding protein OppA	oppA	0	protein-coding		WP_001521098.1	543	IUJ38_RS02960
NZ_CP064385.1	587577	588224		minus	YchE family NAAT transporter		0	protein-coding		WP_000615840.1	215	IUJ38_RS02965
NZ_CP064385.1	588701	591379		plus	bifunctional acetaldehyde-CoA/alcohol dehydrogenase	adhE	0	protein-coding		WP_000301678.1	892	IUJ38_RS02970
NZ_CP064385.1	591576	592193		minus	thymidine kinase	tdk	0	protein-coding		WP_000068097.1	205	IUJ38_RS02975
NZ_CP064385.1	592856	593269		plus	histone-like nucleoid-structuring protein H-NS	hns	0	protein-coding		WP_001287383.1	137	IUJ38_RS02980
NZ_CP064385.1	593401	594309		minus	UTP--glucose-1-phosphate uridylyltransferase GalU	galU	0	protein-coding		WP_000729450.1	302	IUJ38_RS02985
NZ_CP064385.1	594512	595525		minus	two-component system response regulator RssB	rssB	0	protein-coding		WP_000193432.1	337	IUJ38_RS02990
NZ_CP064385.1	595616	596521		minus	patatin-like phospholipase RssA	rssA	0	protein-coding		WP_001230572.1	301	IUJ38_RS02995
NZ_CP064385.1	596632	597090		plus	YchJ family protein		0	protein-coding		WP_001682412.1	152	IUJ38_RS03000
NZ_CP064385.1	597141	597983		plus	formyltetrahydrofolate deformylase	purU	0	protein-coding		WP_001191156.1	280	IUJ38_RS03005
NZ_CP064385.1	598142	598226		plus	tRNA-Tyr		0	tRNA				IUJ38_RS03010
NZ_CP064385.1	598271	598396		plus	RtT sRNA		0	ncRNA				IUJ38_RS03015
NZ_CP064385.1	598431	598515		plus	tRNA-Tyr		0	tRNA				IUJ38_RS03020
NZ_CP064385.1	598559	598689		plus	RtT sRNA		0	ncRNA				IUJ38_RS03025
NZ_CP064385.1	598733	598863		plus	RtT sRNA		0	ncRNA				IUJ38_RS03030
NZ_CP064385.1	598907	599038		plus	RtT sRNA		0	ncRNA				IUJ38_RS03035
NZ_CP064385.1	599082	599212		plus	RtT sRNA		0	ncRNA				IUJ38_RS03040
NZ_CP064385.1	599299	600828		minus	tetratricopeptide repeat protein		0	protein-coding		WP_001212712.1	509	IUJ38_RS03045
NZ_CP064385.1	601070	601747		minus	respiratory nitrate reductase subunit gamma	narI	0	protein-coding		WP_000545594.1	225	IUJ38_RS03050
NZ_CP064385.1	601747	602457		minus	nitrate reductase molybdenum cofactor assembly chaperone	narJ	0	protein-coding		WP_000571667.1	236	IUJ38_RS03055
NZ_CP064385.1	602454	603989		minus	nitrate reductase subunit beta	narH	0	protein-coding		WP_000702625.1	511	IUJ38_RS03060
NZ_CP064385.1	603986	607729		minus	nitrate reductase subunit alpha		0	protein-coding		WP_000032881.1	1247	IUJ38_RS03065
NZ_CP064385.1	608117	609514		minus	nitrate transporter NarK	narK	0	protein-coding		WP_000018997.1	465	IUJ38_RS03070
NZ_CP064385.1	609855	611651		plus	nitrate/nitrite two-component system sensor histidine kinase NarX	narX	0	protein-coding		WP_000476244.1	598	IUJ38_RS03075
NZ_CP064385.1	611644	612294		plus	two-component system response regulator NarL	narL	0	protein-coding		WP_001064598.1	216	IUJ38_RS03080
NZ_CP064385.1	612295	613719		minus	YchO/YchP family invasin		0	protein-coding		WP_000008985.1	474	IUJ38_RS03085
NZ_CP064385.1	613896	614249		plus	DsrE/DsrF/TusD sulfur relay family protein		0	protein-coding		WP_001179794.1	117	IUJ38_RS03090
NZ_CP064385.1	614329	614559		minus	putative cation transport regulator ChaB	chaB	0	protein-coding		WP_001146392.1	76	IUJ38_RS03095
NZ_CP064385.1	614826	615926		plus	sodium-potassium/proton antiporter ChaA	chaA	0	protein-coding		WP_000148418.1	366	IUJ38_RS03100
NZ_CP064385.1	615980	616834		minus	3-deoxy-8-phosphooctulonate synthase	kdsA	0	protein-coding		WP_000811046.1	284	IUJ38_RS03105
NZ_CP064385.1	616872	617681		minus	invasion regulator SirB1	sirB1	0	protein-coding		WP_001257065.1	269	IUJ38_RS03110
NZ_CP064385.1	617685	618074		minus	invasion regulator SirB2	sirB2	0	protein-coding		WP_000150667.1	129	IUJ38_RS03115
NZ_CP064385.1	618071	618904		minus	peptide chain release factor N(5)-glutamine methyltransferase	prmC	0	protein-coding		WP_000347310.1	277	IUJ38_RS03120
NZ_CP064385.1	618904	619986		minus	peptide chain release factor 1	prfA	0	protein-coding		WP_000804703.1	360	IUJ38_RS03125
NZ_CP064385.1	620027	621283		minus	glutamyl-tRNA reductase	hemA	0	protein-coding		WP_000173208.1	418	IUJ38_RS03130
NZ_CP064385.1	621597	622220		plus	lipoprotein insertase outer membrane protein LolB	lolB	0	protein-coding		WP_000174484.1	207	IUJ38_RS03135
NZ_CP064385.1	622217	623068		plus	4-(cytidine 5'-diphospho)-2-C-methyl-D-erythritol kinase	ispE	0	protein-coding		WP_000988246.1	283	IUJ38_RS03140
NZ_CP064385.1	623334	624281		plus	ribose-phosphate diphosphokinase	prs	0	protein-coding		WP_001518537.1	315	IUJ38_RS03145
NZ_CP064385.1	624406	626091		plus	C4-dicarboxylic acid transporter DauA	dauA	0	protein-coding		WP_001037181.1	561	IUJ38_RS03150
NZ_CP064385.1	626136	626414		minus	stress-induced protein YchH	ychH	0	protein-coding		WP_000823878.1	92	IUJ38_RS03155
NZ_CP064385.1	626690	627274		plus	aminoacyl-tRNA hydrolase	pth	0	protein-coding		WP_000985595.1	194	IUJ38_RS03160
NZ_CP064385.1	627391	628482		plus	redox-regulated ATPase YchF	ychF	0	protein-coding		WP_000505850.1	363	IUJ38_RS03165
NZ_CP064385.1	628641	629906		minus	DUF4427 domain-containing protein		0	protein-coding		WP_000794388.1	421	IUJ38_RS03170
NZ_CP064385.1	630401	631519		plus	hydrogenase 1 small subunit	hyaA	0	protein-coding		WP_001058312.1	372	IUJ38_RS03175
NZ_CP064385.1	631516	633309		plus	Ni/Fe-hydrogenase large subunit	hyaB	0	protein-coding		WP_000070978.1	597	IUJ38_RS03180
NZ_CP064385.1	633328	634059		plus	Ni/Fe-hydrogenase b-type cytochrome subunit	hyaC	0	protein-coding		WP_000147036.1	243	IUJ38_RS03185
NZ_CP064385.1	634056	634652		plus	hydrogenase 1 maturation protease	hyaD	0	protein-coding		WP_000993803.1	198	IUJ38_RS03190
NZ_CP064385.1	634642	635046		plus	hydrogenase-1 operon protein HyaE	hyaE	0	protein-coding		WP_001262581.1	134	IUJ38_RS03195
NZ_CP064385.1	635043	635891		plus	hydrogenase expression/formation protein		0	protein-coding		WP_000063377.1	282	IUJ38_RS03200
NZ_CP064385.1	635966	637510		plus	cytochrome bd-II oxidase subunit 1	appC	0	protein-coding		WP_000263610.1	514	IUJ38_RS03205
NZ_CP064385.1	637522	638658		plus	cytochrome d ubiquinol oxidase subunit II	appB	0	protein-coding		WP_000888114.1	378	IUJ38_RS03210
NZ_CP064385.1	638671	638760		plus	cytochrome bd-II oxidase subunit CbdX	cbdX	0	protein-coding		WP_000270301.1	29	IUJ38_RS03215
NZ_CP064385.1	639155	640429		plus	Glu/Leu/Phe/Val family dehydrogenase		0	protein-coding		WP_001526439.1	424	IUJ38_RS03220
NZ_CP064385.1	640643	642355		plus	alpha,alpha-trehalase		0	protein-coding		WP_000612820.1	570	IUJ38_RS03225
NZ_CP064385.1	642418	642672		minus	GlsB/YeaQ/YmgE family stress response membrane protein		0	protein-coding		WP_000511323.1	84	IUJ38_RS03230
NZ_CP064385.1	642841	643575		plus	flagellar brake protein YcgR	ycgR	0	protein-coding		WP_000017421.1	244	IUJ38_RS03235
NZ_CP064385.1	643589	644200		minus	membrane-bound lytic murein transglycosylase EmtA	emtA	0	protein-coding		WP_000776974.1	203	IUJ38_RS03240
NZ_CP064385.1	644371	645285		plus	muramoyltetrapeptide carboxypeptidase	ldcA	0	protein-coding		WP_000051601.1	304	IUJ38_RS03245
NZ_CP064385.1	645382	647097		plus	uncharacterized gene		0	pseudogene				IUJ38_RS03250
NZ_CP064385.1	647053	647145		minus	uncharacterized gene		0	pseudogene				IUJ38_RS24270
NZ_CP064385.1	647178	648248		minus	catabolic alanine racemase DadX	dadX	0	protein-coding		WP_000197903.1	356	IUJ38_RS03255
NZ_CP064385.1	648262	649560		minus	D-amino acid dehydrogenase		0	protein-coding		WP_001266937.1	432	IUJ38_RS03260
NZ_CP064385.1	649883	651415		plus	SpoVR family protein		0	protein-coding		WP_001240769.1	510	IUJ38_RS03265
NZ_CP064385.1	651462	652181		minus	fatty acid metabolism transcriptional regulator FadR	fadR	0	protein-coding		WP_000234826.1	239	IUJ38_RS03270
NZ_CP064385.1	652401	653945		plus	Na(+)/H(+) antiporter NhaB	nhaB	0	protein-coding		WP_000406435.1	514	IUJ38_RS03275
NZ_CP064385.1	654087	654617		plus	disulfide bond formation protein DsbB	dsbB	0	protein-coding		WP_000943475.1	176	IUJ38_RS03280
NZ_CP064385.1	654726	655067		plus	TehB family protein		0	protein-coding		WP_000018967.1	113	IUJ38_RS03285
NZ_CP064385.1	655139	655312		minus	GnsA/GnsB family addiction module toxin		0	protein-coding		WP_001083582.1	57	IUJ38_RS03290
NZ_CP064385.1	655504	655641		minus	hypothetical protein		0	protein-coding		WP_001519337.1	45	IUJ38_RS03295
NZ_CP064385.1	655993	656439		minus	cysteine cluster protein YcgN		0	protein-coding		WP_001285703.1	148	IUJ38_RS03300
NZ_CP064385.1	656532	657191		minus	fumarylacetoacetate hydrolase family protein		0	protein-coding		WP_001519895.1	219	IUJ38_RS03305
NZ_CP064385.1	657241	657534		minus	YcgL domain-containing protein		0	protein-coding		WP_001525604.1	97	IUJ38_RS03310
NZ_CP064385.1	657660	658367		plus	septum site-determining protein MinC	minC	0	protein-coding		WP_000072527.1	235	IUJ38_RS03315
NZ_CP064385.1	658391	659203		plus	septum site-determining protein MinD	minD	0	protein-coding		WP_000101047.1	270	IUJ38_RS03320
NZ_CP064385.1	659207	659473		plus	cell division topological specificity factor MinE	minE	0	protein-coding		WP_001185666.1	88	IUJ38_RS03325
NZ_CP064385.1	659595	660722		minus	ribonuclease D	rnd	0	protein-coding		WP_001109130.1	375	IUJ38_RS03330
NZ_CP064385.1	660795	662480		minus	long-chain-fatty-acid--CoA ligase FadD	fadD	0	protein-coding		WP_000758418.1	561	IUJ38_RS03335
NZ_CP064385.1	662685	663266		minus	Slp family lipoprotein		0	protein-coding		WP_000290594.1	193	IUJ38_RS03340
NZ_CP064385.1	663338	664033		minus	tRNA (adenosine(37)-N6)-threonylcarbamoyltransferase complex dimerization subunit type 1 TsaB	tsaB	0	protein-coding		WP_001221014.1	231	IUJ38_RS03345
NZ_CP064385.1	664091	666001		minus	DNA repair helicase YoaA		0	protein-coding		WP_000128807.1	636	IUJ38_RS03350
NZ_CP064385.1	666132	666476		plus	RidA family protein		0	protein-coding		WP_000029550.1	114	IUJ38_RS03355
NZ_CP064385.1	666482	666661		minus	YoaH family protein		0	protein-coding		WP_000457328.1	59	IUJ38_RS03360
NZ_CP064385.1	666742	668106		plus	aminodeoxychorismate synthase component 1	pabB	0	protein-coding		WP_000978464.1	454	IUJ38_RS03365
NZ_CP064385.1	668110	668688		plus	CoA pyrophosphatase		0	protein-coding		WP_000381544.1	192	IUJ38_RS03370
NZ_CP064385.1	668952	670316		plus	L-serine ammonia-lyase	sdaA	0	protein-coding		WP_000624277.1	454	IUJ38_RS03375
NZ_CP064385.1	670454	672055		plus	EAL domain-containing protein		0	protein-coding		WP_001192525.1	533	IUJ38_RS03380
NZ_CP064385.1	672077	673636		minus	CNNM family cation transport protein YoaE	yoaE	0	protein-coding		WP_000421815.1	519	IUJ38_RS03385
NZ_CP064385.1	673624	673956		minus	protein YoaL		0	protein-coding		WP_011233029.1	110	IUJ38_RS24275
NZ_CP064385.1	674109	675077		plus	PTS mannose transporter subunit IIAB	manX	0	protein-coding		WP_000150521.1	322	IUJ38_RS03390
NZ_CP064385.1	675130	675930		plus	PTS mannose transporter subunit IIC	manY	0	protein-coding		WP_000406918.1	266	IUJ38_RS03395
NZ_CP064385.1	675943	676794		plus	PTS mannose transporter subunit IID		0	protein-coding		WP_001518647.1	283	IUJ38_RS03400
NZ_CP064385.1	676852	677322		plus	DUF986 family protein		0	protein-coding		WP_000156281.1	156	IUJ38_RS03405
NZ_CP064385.1	677720	678286		plus	manganese efflux pump MntP	mntP	0	protein-coding		WP_001518359.1	188	IUJ38_RS03410
NZ_CP064385.1	678283	679092		minus	23S rRNA (guanine(745)-N(1))-methyltransferase	rlmA	0	protein-coding		WP_000010923.1	269	IUJ38_RS03415
NZ_CP064385.1	679158	680903		minus	peptidoglycan glycosyltransferase FtsI	ftsI	0	protein-coding		WP_000730322.1	581	IUJ38_RS03420
NZ_CP064385.1	681123	681332		minus	transcription antiterminator/RNA stability regulator CspE	cspE	0	protein-coding		WP_001062678.1	69	IUJ38_RS03425
NZ_CP064385.1	681345	681488		minus	DUF2627 domain-containing protein		0	protein-coding		WP_001537930.1	47	IUJ38_RS03430
NZ_CP064385.1	682137	682424		minus	YebO family protein		0	protein-coding		WP_001000660.1	95	IUJ38_RS03435
NZ_CP064385.1	682495	682638		minus	PhoP/PhoQ regulatory lipoprotein MgrB	mgrB	0	protein-coding		WP_000714547.1	47	IUJ38_RS03440
NZ_CP064385.1	682796	683035		plus	invasion protein YobH	yobH	0	protein-coding		WP_001236777.1	79	IUJ38_RS03445
NZ_CP064385.1	683247	684038		minus	DNA-binding transcriptional regulator KdgR	kdgR	0	protein-coding		WP_001262195.1	263	IUJ38_RS03450
NZ_CP064385.1	684214	685587		plus	MFS transporter		0	protein-coding		WP_000416127.1	457	IUJ38_RS03455
NZ_CP064385.1	685635	686516		minus	protease HtpX	htpX	0	protein-coding		WP_000984498.1	293	IUJ38_RS03460
NZ_CP064385.1	686710	688758		minus	carboxy terminal-processing peptidase	prc	0	protein-coding		WP_001091237.1	682	IUJ38_RS03465
NZ_CP064385.1	688778	689464		minus	RNA chaperone ProQ	proQ	0	protein-coding		WP_000431401.1	228	IUJ38_RS03470
NZ_CP064385.1	689562	690059		minus	GAF domain-containing protein		0	protein-coding		WP_001518229.1	165	IUJ38_RS03475
NZ_CP064385.1	690188	691471		plus	membrane integrity lipid transport subunit YebS	yebS	0	protein-coding		WP_001207294.1	427	IUJ38_RS03480
NZ_CP064385.1	691440	694073		plus	PqiB family protein		0	protein-coding		WP_001535256.1	877	IUJ38_RS03485
NZ_CP064385.1	694151	695590		plus	16S rRNA (cytosine(1407)-C(5))-methyltransferase RsmF	rsmF	0	protein-coding		WP_001542138.1	479	IUJ38_RS03490
NZ_CP064385.1	695708	695944		plus	YebV family protein		0	protein-coding		WP_024131108.1	78	IUJ38_RS03495
NZ_CP064385.1	696055	696246		plus	YdfD/YebW family protein		0	protein-coding		WP_000457836.1	63	IUJ38_RS03500
NZ_CP064385.1	696265	696915		minus	protein-serine/threonine phosphatase	pphA	0	protein-coding		WP_000986176.1	216	IUJ38_RS03505
NZ_CP064385.1	696933	697148		minus	hypothetical protein		0	protein-coding		WP_001574231.1	71	IUJ38_RS24190
NZ_CP064385.1	697139	697303		minus	membrane protein		0	protein-coding		WP_001134856.1	54	IUJ38_RS03510
NZ_CP064385.1	697588	698310		minus	SPI-1 type III secretion system guanine nucleotide exchange factor SopE2	sopE2	0	protein-coding		WP_000182072.1	240	IUJ38_RS03515
NZ_CP064385.1	698994	699389		plus	DUF1398 domain-containing protein		0	protein-coding		WP_000422882.1	131	IUJ38_RS03520
NZ_CP064385.1	699719	700195		plus	hypothetical protein		0	protein-coding		WP_000030934.1	158	IUJ38_RS03525
NZ_CP064385.1	700583	701002		minus	GNAT family N-acetyltransferase		0	protein-coding		WP_000354408.1	139	IUJ38_RS03530
NZ_CP064385.1	701372	701641		plus	hypothetical protein		0	protein-coding		WP_001752421.1	89	IUJ38_RS03535
NZ_CP064385.1	701807	701947		plus	hypothetical protein		0	protein-coding		WP_001617922.1	46	IUJ38_RS03540
NZ_CP064385.1	702093	703287		minus	uncharacterized gene		0	pseudogene				IUJ38_RS03545
NZ_CP064385.1	703357	703779		plus	uncharacterized gene		0	pseudogene				IUJ38_RS03550
NZ_CP064385.1	705083	705997		plus	PhoPQ-activated DMT family transporter PagO		0	protein-coding		WP_001233446.1	304	IUJ38_RS03555
NZ_CP064385.1	706130	706288		plus	DUF5993 family protein		0	protein-coding		WP_000480735.1	52	IUJ38_RS03560
NZ_CP064385.1	706298	706912		plus	disulfide bond formation protein B		0	protein-coding		WP_000848069.1	204	IUJ38_RS03565
NZ_CP064385.1	707239	707385		minus	uncharacterized gene		0	pseudogene				IUJ38_RS24280
NZ_CP064385.1	707400	707546		plus	hypothetical protein		0	protein-coding		WP_001520350.1	48	IUJ38_RS24285
NZ_CP064385.1	708060	708185		minus	hypothetical protein		0	protein-coding		WP_000457876.1	41	IUJ38_RS03575
NZ_CP064385.1	708176	708365		plus	uncharacterized gene		0	pseudogene				IUJ38_RS03580
NZ_CP064385.1	708755	708955		plus	vesicle-borne virulence factor PagK	pagK	0	protein-coding		WP_010989029.1	66	IUJ38_RS03585
NZ_CP064385.1	709052	709564		minus	uncharacterized gene		0	pseudogene				IUJ38_RS03590
NZ_CP064385.1	709592	709864		minus	uncharacterized gene		0	pseudogene				IUJ38_RS03595
NZ_CP064385.1	709874	710098		minus	uncharacterized gene		0	pseudogene				IUJ38_RS24290
NZ_CP064385.1	710091	710351		minus	uncharacterized gene		0	pseudogene				IUJ38_RS03600
NZ_CP064385.1	710406	710594		plus	hypothetical protein		0	protein-coding		WP_001521334.1	62	IUJ38_RS03605
NZ_CP064385.1	710659	710826		plus	lytic enzyme		0	protein-coding		WP_000789530.1	55	IUJ38_RS03610
NZ_CP064385.1	711083	711616		minus	DUF2514 domain-containing protein		0	protein-coding		WP_001050882.1	177	IUJ38_RS03615
NZ_CP064385.1	711670	711861		minus	uncharacterized gene		0	pseudogene				IUJ38_RS03620
NZ_CP064385.1	711850	712575		plus	uncharacterized gene		0	pseudogene				IUJ38_RS24295
NZ_CP064385.1	712575	713498		plus	uncharacterized gene		0	pseudogene				IUJ38_RS03630
NZ_CP064385.1	713872	714225		minus	YebY family protein		0	protein-coding		WP_000722368.1	117	IUJ38_RS03635
NZ_CP064385.1	714242	715117		minus	copper homeostasis membrane protein CopD	copD	0	protein-coding		WP_000979702.1	291	IUJ38_RS03640
NZ_CP064385.1	715118	715492		minus	CopC domain-containing protein YobA	yobA	0	protein-coding		WP_000168393.1	124	IUJ38_RS03645
NZ_CP064385.1	715630	715860		plus	DNA polymerase III subunit theta		0	protein-coding		WP_000856224.1	76	IUJ38_RS03650
NZ_CP064385.1	715968	716624		plus	carbon-nitrogen hydrolase family protein		0	protein-coding		WP_000100258.1	218	IUJ38_RS03655
NZ_CP064385.1	716648	717346		plus	exodeoxyribonuclease X	exoX	0	protein-coding		WP_000944282.1	232	IUJ38_RS03660
NZ_CP064385.1	717381	719432		minus	oligopeptidase B	ptrB	0	protein-coding		WP_000936999.1	683	IUJ38_RS03665
NZ_CP064385.1	719645	720304		minus	tellurite resistance TerB family protein		0	protein-coding		WP_000024706.1	219	IUJ38_RS03670
NZ_CP064385.1	720398	720751		minus	protein YebF	yebF	0	protein-coding		WP_001042119.1	117	IUJ38_RS03675
NZ_CP064385.1	720819	721109		minus	DNA damage-inducible protein YebG	yebG	0	protein-coding		WP_000257723.1	96	IUJ38_RS03680
NZ_CP064385.1	721240	722418		plus	formate-dependent phosphoribosylglycinamide formyltransferase	purT	0	protein-coding		WP_000173431.1	392	IUJ38_RS03685
NZ_CP064385.1	722518	723159		minus	bifunctional 4-hydroxy-2-oxoglutarate aldolase/2-dehydro-3-deoxy-phosphogluconate aldolase	kdgA	0	protein-coding		WP_000800497.1	213	IUJ38_RS03690
NZ_CP064385.1	723197	725008		minus	phosphogluconate dehydratase	edd	0	protein-coding		WP_001069113.1	603	IUJ38_RS03695
NZ_CP064385.1	725243	726718		minus	glucose-6-phosphate dehydrogenase	zwf	0	protein-coding		WP_000301711.1	491	IUJ38_RS03700
NZ_CP064385.1	727060	727929		plus	MurR/RpiR family transcriptional regulator		0	protein-coding		WP_001056720.1	289	IUJ38_RS03705
NZ_CP064385.1	728053	729495		plus	pyruvate kinase	pyk	0	protein-coding		WP_000091156.1	480	IUJ38_RS03710
NZ_CP064385.1	729568	730539		minus	lauroyl-Kdo(2)-lipid IV(A) myristoyltransferase	lpxM	0	protein-coding		WP_000448401.1	323	IUJ38_RS03715
NZ_CP064385.1	730656	731975		minus	murein DD-endopeptidase MepM	mepM	0	protein-coding		WP_001184028.1	439	IUJ38_RS03720
NZ_CP064385.1	731991	732935		minus	zinc ABC transporter substrate-binding protein ZnuA	znuA	0	protein-coding		WP_000939597.1	314	IUJ38_RS03725
NZ_CP064385.1	733014	733769		plus	zinc ABC transporter ATP-binding protein ZnuC	znuC	0	protein-coding		WP_000203014.1	251	IUJ38_RS03730
NZ_CP064385.1	733766	734551		plus	zinc ABC transporter permease subunit ZnuB	znuB	0	protein-coding		WP_000571508.1	261	IUJ38_RS03735
NZ_CP064385.1	734630	735640		minus	Holliday junction branch migration DNA helicase RuvB	ruvB	0	protein-coding		WP_000568508.1	336	IUJ38_RS03740
NZ_CP064385.1	735649	736260		minus	Holliday junction branch migration protein RuvA	ruvA	0	protein-coding		WP_000580335.1	203	IUJ38_RS03745
NZ_CP064385.1	736680	737576		plus	DUF4034 domain-containing protein		0	protein-coding		WP_010989032.1	298	IUJ38_RS03750
NZ_CP064385.1	738203	738802		plus	YebB family permuted papain-like enzyme		0	protein-coding		WP_000716748.1	199	IUJ38_RS03755
NZ_CP064385.1	738804	739325		minus	crossover junction endodeoxyribonuclease RuvC	ruvC	0	protein-coding		WP_000022509.1	173	IUJ38_RS03760
NZ_CP064385.1	739362	740102		minus	YebC/PmpR family DNA-binding transcriptional regulator		0	protein-coding		WP_000907242.1	246	IUJ38_RS03765
NZ_CP064385.1	740132	740584		minus	dihydroneopterin triphosphate diphosphatase	nudB	0	protein-coding		WP_000653693.1	150	IUJ38_RS03770
NZ_CP064385.1	740687	742459		minus	aspartate--tRNA ligase	aspS	0	protein-coding		WP_001258636.1	590	IUJ38_RS03775
NZ_CP064385.1	742784	743350		plus	hydrolase		0	protein-coding		WP_000916144.1	188	IUJ38_RS03780
NZ_CP064385.1	743347	744165		plus	DUF72 domain-containing protein		0	protein-coding		WP_000639226.1	272	IUJ38_RS03785
NZ_CP064385.1	744218	744613		plus	MAPEG family protein		0	protein-coding		WP_000252975.1	131	IUJ38_RS03790
NZ_CP064385.1	744654	745397		plus	carboxy-S-adenosyl-L-methionine synthase CmoA	cmoA	0	protein-coding		WP_000019609.1	247	IUJ38_RS03795
NZ_CP064385.1	745394	746365		plus	tRNA 5-methoxyuridine(34)/uridine 5-oxyacetic acid(34) synthase CmoB	cmoB	0	protein-coding		WP_000569041.1	323	IUJ38_RS03800
NZ_CP064385.1	746601	747347		minus	copper homeostasis protein CutC	cutC	0	protein-coding		WP_001185770.1	248	IUJ38_RS03805
NZ_CP064385.1	747367	747936		minus	VOC family protein		0	protein-coding		WP_000024794.1	189	IUJ38_RS03810
NZ_CP064385.1	748173	749906		plus	arginine--tRNA ligase	argS	0	protein-coding		WP_001025361.1	577	IUJ38_RS03815
NZ_CP064385.1	750095	751966		plus	penicillin-binding protein 2	mrdA	0	protein-coding		WP_000142877.1	623	IUJ38_RS03820
NZ_CP064385.1	752020	753159		minus	beta-galactosidase BglB		0	protein-coding		WP_000989908.1	379	IUJ38_RS03825
NZ_CP064385.1	753396	753788		minus	flagellar protein FlhE	flhE	0	protein-coding		WP_001233619.1	130	IUJ38_RS03830
NZ_CP064385.1	753788	755866		minus	flagellar biosynthesis protein FlhA	flhA	0	protein-coding		WP_000002386.1	692	IUJ38_RS03835
NZ_CP064385.1	755859	757010		minus	flagellar biosynthesis protein FlhB	flhB	0	protein-coding		WP_000797081.1	383	IUJ38_RS03840
NZ_CP064385.1	757204	757848		minus	protein phosphatase CheZ	cheZ	0	protein-coding		WP_000983586.1	214	IUJ38_RS03845
NZ_CP064385.1	757859	758248		minus	chemotaxis response regulator CheY	cheY	0	protein-coding		WP_000763861.1	129	IUJ38_RS03850
NZ_CP064385.1	758266	759315		minus	protein-glutamate methylesterase/protein glutamine deamidase	cheB	0	protein-coding		WP_000036392.1	349	IUJ38_RS03855
NZ_CP064385.1	759312	760178		minus	protein-glutamate O-methyltransferase CheR	cheR	0	protein-coding		WP_000204362.1	288	IUJ38_RS03860
NZ_CP064385.1	760332	761993		minus	methyl-accepting chemotaxis protein II	tar	0	protein-coding		WP_000483274.1	553	IUJ38_RS03865
NZ_CP064385.1	762230	762733		minus	chemotaxis protein CheW	cheW	0	protein-coding		WP_000147295.1	167	IUJ38_RS03870
NZ_CP064385.1	762754	764769		minus	chemotaxis protein CheA	cheA	0	protein-coding		WP_000061302.1	671	IUJ38_RS03875
NZ_CP064385.1	764774	765703		minus	flagellar motor protein MotB	motB	0	protein-coding		WP_000795653.1	309	IUJ38_RS03880
NZ_CP064385.1	765700	766587		minus	flagellar motor stator protein MotA	motA	0	protein-coding		WP_000906312.1	295	IUJ38_RS03885
NZ_CP064385.1	766712	767296		minus	flagellar transcriptional regulator FlhC	flhC	0	protein-coding		WP_000605987.1	194	IUJ38_RS03890
NZ_CP064385.1	767293	767634		minus	flagellar transcriptional regulator FlhD	flhD	0	protein-coding		WP_001518146.1	113	IUJ38_RS03895
NZ_CP064385.1	768317	768433		plus	hypothetical protein		0	protein-coding		WP_001617301.1	38	IUJ38_RS03900
NZ_CP064385.1	768430	768858		plus	universal stress protein UspC	uspC	0	protein-coding		WP_000122606.1	142	IUJ38_RS03905
NZ_CP064385.1	768876	770297		minus	alpha,alpha-trehalose-phosphate synthase	otsA	0	protein-coding		WP_000089042.1	473	IUJ38_RS03910
NZ_CP064385.1	770272	771075		minus	trehalose-phosphatase	otsB	0	protein-coding		WP_000830111.1	267	IUJ38_RS03915
NZ_CP064385.1	771298	771479		minus	uncharacterized gene	araH	0	pseudogene				IUJ38_RS03920
NZ_CP064385.1	771708	772265		minus	DJ-1/PfpI family protein		0	protein-coding		WP_000754800.1	185	IUJ38_RS03925
NZ_CP064385.1	772816	773319		plus	non-heme ferritin-like protein		0	protein-coding		WP_000741707.1	167	IUJ38_RS03930
NZ_CP064385.1	773498	774136		minus	RpiB/LacA/LacB family sugar-phosphate isomerase		0	protein-coding		WP_000684804.1	212	IUJ38_RS03935
NZ_CP064385.1	774392	774727		plus	YecR-like family lipoprotein		0	protein-coding		WP_000803229.1	111	IUJ38_RS03940
NZ_CP064385.1	774967	775464		plus	non-heme ferritin	ftnA	0	protein-coding		WP_000920611.1	165	IUJ38_RS03945
NZ_CP064385.1	775510	775749		minus	YecH family metal-binding protein		0	protein-coding		WP_000377238.1	79	IUJ38_RS03950
NZ_CP064385.1	775976	777187		plus	tyrosine transporter TyrP	tyrP	0	protein-coding		WP_001562965.1	403	IUJ38_RS03955
NZ_CP064385.1	777262	777927		minus	YecA/YgfB family protein		0	protein-coding		WP_000781520.1	221	IUJ38_RS03960
NZ_CP064385.1	778165	778491		minus	glucose-6-phosphate dehydrogenase		0	protein-coding		WP_000240837.1	108	IUJ38_RS03965
NZ_CP064385.1	778704	780143		minus	SH3 domain-containing C40 family peptidase		0	protein-coding		WP_010989033.1	479	IUJ38_RS03970
NZ_CP064385.1	780356	780688		minus	membrane protein		0	protein-coding		WP_001682427.1	110	IUJ38_RS03975
NZ_CP064385.1	780938	781024		minus	tRNA-Leu		0	tRNA				IUJ38_RS03980
NZ_CP064385.1	781036	781109		minus	tRNA-Cys		0	tRNA				IUJ38_RS03985
NZ_CP064385.1	781162	781237		minus	tRNA-Gly		0	tRNA				IUJ38_RS03990
NZ_CP064385.1	781389	781937		minus	CDP-diacylglycerol--glycerol-3-phosphate 3-phosphatidyltransferase	pgsA	0	protein-coding		WP_001160192.1	182	IUJ38_RS03995
NZ_CP064385.1	781994	783826		minus	excinuclease ABC subunit UvrC	uvrC	0	protein-coding		WP_001289461.1	610	IUJ38_RS04000
NZ_CP064385.1	783823	784479		minus	UvrY/SirA/GacA family response regulator transcription factor	uvrY	0	protein-coding		WP_000611323.1	218	IUJ38_RS04005
NZ_CP064385.1	784791	784946		plus	hypothetical protein		0	protein-coding		WP_000546186.1	51	IUJ38_RS04010
NZ_CP064385.1	784943	785167		plus	DUF2594 family protein		0	protein-coding		WP_000106483.1	74	IUJ38_RS04015
NZ_CP064385.1	785234	785956		minus	quorum-sensing transcriptional regulator SdiA	sdiA	0	protein-coding		WP_001157166.1	240	IUJ38_RS04020
NZ_CP064385.1	786188	786940		minus	L-cystine ABC transporter ATP-binding protein TcyN	tcyN	0	protein-coding		WP_001273026.1	250	IUJ38_RS04025
NZ_CP064385.1	786937	787605		minus	cystine ABC transporter permease	tcyL	0	protein-coding		WP_001158238.1	222	IUJ38_RS04030
NZ_CP064385.1	787626	788612		minus	D-cysteine desulfhydrase	dcyD	0	protein-coding		WP_001128180.1	328	IUJ38_RS04035
NZ_CP064385.1	788766	789566		minus	cystine ABC transporter substrate-binding protein	tcyJ	0	protein-coding		WP_000761635.1	266	IUJ38_RS04040
NZ_CP064385.1	789713	790264		minus	flagella biosynthesis regulatory protein FliZ	fliZ	0	protein-coding		WP_000218080.1	183	IUJ38_RS04045
NZ_CP064385.1	790323	791042		minus	RNA polymerase sigma factor FliA		0	protein-coding		WP_001087453.1	239	IUJ38_RS04050
NZ_CP064385.1	791311	791769		minus	IS200/IS605-like element IS200F family transposase	tnpA	0	protein-coding		WP_000502119.1	152	IUJ38_RS04055
NZ_CP064385.1	791950	793155		minus	flagellin lysine-N-methylase	fliB	0	protein-coding		WP_000659236.1	401	IUJ38_RS04060
NZ_CP064385.1	793234	794721		minus	FliC/FljB family flagellin		0	protein-coding		WP_000079805.1	495	IUJ38_RS04065
NZ_CP064385.1	794978	796381		plus	flagellar filament capping protein FliD	fliD	0	protein-coding		WP_000146802.1	467	IUJ38_RS04070
NZ_CP064385.1	796396	796803		plus	flagellar export chaperone FliS	fliS	0	protein-coding		WP_000287764.1	135	IUJ38_RS04075
NZ_CP064385.1	796803	797171		plus	flagella biosynthesis regulatory protein FliT	fliT	0	protein-coding		WP_000204899.1	122	IUJ38_RS04080
NZ_CP064385.1	797243	798727		plus	alpha-amylase	amyA	0	protein-coding		WP_000795487.1	494	IUJ38_RS04085
NZ_CP064385.1	798767	799192		minus	lipoprotein YedD	yedD	0	protein-coding		WP_000754695.1	141	IUJ38_RS04090
NZ_CP064385.1	799378	800583		plus	selenium metabolism membrane protein YedE/FdhT	yedE	0	protein-coding		WP_001535233.1	401	IUJ38_RS04095
NZ_CP064385.1	800580	800813		plus	sulfurtransferase-like selenium metabolism protein YedF	yedF	0	protein-coding		WP_000790504.1	77	IUJ38_RS04100
NZ_CP064385.1	801078	801464		plus	hypothetical protein		0	protein-coding		WP_000639596.1	128	IUJ38_RS04105
NZ_CP064385.1	801584	801898		minus	flagellar hook-basal body complex protein FliE	fliE	0	protein-coding		WP_000719036.1	104	IUJ38_RS04110
NZ_CP064385.1	802115	803797		plus	flagellar basal-body MS-ring/collar protein FliF	fliF	0	protein-coding		WP_001276834.1	560	IUJ38_RS04115
NZ_CP064385.1	803790	804785		plus	flagellar motor switch protein FliG	fliG	0	protein-coding		WP_000067735.1	331	IUJ38_RS04120
NZ_CP064385.1	804778	805485		plus	flagellar assembly protein FliH	fliH	0	protein-coding		WP_000064163.1	235	IUJ38_RS04125
NZ_CP064385.1	805485	806855		plus	flagellar protein export ATPase FliI	fliI	0	protein-coding		WP_000213257.1	456	IUJ38_RS04130
NZ_CP064385.1	806877	807320		plus	flagellar export protein FliJ	fliJ	0	protein-coding		WP_000046981.1	147	IUJ38_RS04135
NZ_CP064385.1	807317	808534		plus	flagellar hook length control protein FliK	fliK	0	protein-coding		WP_000631669.1	405	IUJ38_RS04140
NZ_CP064385.1	808639	809106		plus	flagellar basal body-associated protein FliL	fliL	0	protein-coding		WP_000132169.1	155	IUJ38_RS04145
NZ_CP064385.1	809111	810115		plus	flagellar motor switch protein FliM	fliM	0	protein-coding		WP_000502811.1	334	IUJ38_RS04150
NZ_CP064385.1	810112	810525		plus	flagellar motor switch protein FliN	fliN	0	protein-coding		WP_001282115.1	137	IUJ38_RS04155
NZ_CP064385.1	810525	810902		plus	flagellar biosynthetic protein FliO	fliO	0	protein-coding		WP_000978276.1	125	IUJ38_RS04160
NZ_CP064385.1	810902	811639		plus	flagellar type III secretion system pore protein FliP	fliP	0	protein-coding		WP_001253410.1	245	IUJ38_RS04165
NZ_CP064385.1	811649	811918		plus	flagellar biosynthesis protein FliQ	fliQ	0	protein-coding		WP_000187355.1	89	IUJ38_RS04170
NZ_CP064385.1	811927	812721		plus	flagellar biosynthetic protein FliR	fliR	0	protein-coding		WP_000616953.1	264	IUJ38_RS04175
NZ_CP064385.1	813003	813626		plus	transcriptional regulator RcsA	rcsA	0	protein-coding		WP_000103974.1	207	IUJ38_RS04180
NZ_CP064385.1	813665	813859		minus	protein DsrB	dsrB	0	protein-coding		WP_000867218.1	64	IUJ38_RS04185
NZ_CP064385.1	813988	814215		plus	YodD family peroxide/acid resistance protein	yodD	0	protein-coding		WP_000844798.1	75	IUJ38_RS04190
NZ_CP064385.1	814525	815340		plus	mannosyl-3-phosphoglycerate phosphatase-related protein		0	protein-coding		WP_000948794.1	271	IUJ38_RS04195
NZ_CP064385.1	815319	817031		minus	cellulose biosynthesis regulator diguanylate cyclase DgcQ	dgcQ	0	protein-coding		WP_001119821.1	570	IUJ38_RS04200
NZ_CP064385.1	817196	817381		minus	YodC family protein		0	protein-coding		WP_000232161.1	61	IUJ38_RS04205
NZ_CP064385.1	817458	818375		minus	DUF808 domain-containing protein		0	protein-coding		WP_085983315.1	305	IUJ38_RS04210
NZ_CP064385.1	818545	819465		plus	drug/metabolite exporter YedA	yedA	0	protein-coding		WP_001212264.1	306	IUJ38_RS04215
NZ_CP064385.1	819454	819924		minus	very short patch repair endonuclease		0	protein-coding		WP_000785978.1	156	IUJ38_RS04220
NZ_CP064385.1	819905	821335		minus	DNA cytosine methyltransferase		0	protein-coding		WP_001157322.1	476	IUJ38_RS04225
NZ_CP064385.1	821409	822104		minus	phosphohydrolase		0	protein-coding		WP_000377041.1	231	IUJ38_RS04230
NZ_CP064385.1	822196	822495		minus	cell division protein DrpB	drpB	0	protein-coding		WP_000107430.1	99	IUJ38_RS04235
NZ_CP064385.1	823145	824341		plus	porin OmpS1	ompS1	0	protein-coding		WP_001080680.1	398	IUJ38_RS04240
NZ_CP064385.1	824602	824790		minus	cold shock small protein YmcF		0	protein-coding		WP_024131109.1	62	IUJ38_RS04245
NZ_CP064385.1	824801	825013		minus	transcription antiterminator/RNA stability regulator CspE	cspE	0	protein-coding		WP_000208509.1	70	IUJ38_RS04250
NZ_CP064385.1	825468	826736		minus	Y-family DNA polymerase		0	protein-coding		WP_000457662.1	422	IUJ38_RS04255
NZ_CP064385.1	826739	827158		minus	translesion error-prone DNA polymerase V autoproteolytic subunit		0	protein-coding		WP_000394196.1	139	IUJ38_RS04260
NZ_CP064385.1	827749	827838		minus	tRNA-Ser		0	tRNA				IUJ38_RS04270
NZ_CP064385.1	827927	828724		plus	DgsA anti-repressor MtfA	mtfA	0	protein-coding		WP_000598920.1	265	IUJ38_RS04275
NZ_CP064385.1	828825	828900		plus	tRNA-Asn		0	tRNA				IUJ38_RS04280
NZ_CP064385.1	829068	829373		plus	uncharacterized gene		0	pseudogene				IUJ38_RS04285
NZ_CP064385.1	829795	829870		plus	tRNA-Asn		0	tRNA				IUJ38_RS04290
NZ_CP064385.1	830034	830507		plus	peptidase		0	protein-coding		WP_001219015.1	157	IUJ38_RS04295
NZ_CP064385.1	830605	830739		minus	hypothetical protein		0	protein-coding		WP_001524547.1	44	IUJ38_RS24130
NZ_CP064385.1	830982	831449		plus	uncharacterized gene		0	pseudogene				IUJ38_RS04300
NZ_CP064385.1	831535	831813		plus	uncharacterized gene		0	pseudogene				IUJ38_RS04305
NZ_CP064385.1	832497	834191		plus	SEL1-like repeat protein		0	protein-coding		WP_010989035.1	564	IUJ38_RS04310
NZ_CP064385.1	834248	835978		plus	hypothetical protein		0	protein-coding		WP_000669109.1	576	IUJ38_RS04315
NZ_CP064385.1	836036	836140		minus	uncharacterized gene		0	pseudogene				IUJ38_RS04320
NZ_CP064385.1	836188	836361		plus	hypothetical protein		0	protein-coding		WP_000957535.1	57	IUJ38_RS04325
NZ_CP064385.1	836883	838337		minus	AMP nucleosidase		0	protein-coding		WP_000428191.1	484	IUJ38_RS04330
NZ_CP064385.1	838383	838544		plus	hypothetical protein		0	protein-coding		WP_014343862.1	53	IUJ38_RS04335
NZ_CP064385.1	838533	838859		minus	DUF1493 family protein		0	protein-coding		WP_000228158.1	108	IUJ38_RS04340
NZ_CP064385.1	838853	839316		minus	uncharacterized gene		0	pseudogene				IUJ38_RS04345
NZ_CP064385.1	839737	839812		minus	tRNA-Asn		0	tRNA				IUJ38_RS04350
NZ_CP064385.1	839953	841410		minus	EmmdR/YeeO family multidrug/toxin efflux MATE transporter		0	protein-coding		WP_001669456.1	485	IUJ38_RS04355
NZ_CP064385.1	841570	841645		plus	tRNA-Asn		0	tRNA				IUJ38_RS04360
NZ_CP064385.1	841872	842801		minus	L,D-transpeptidase	ldtA	0	protein-coding		WP_001252816.1	309	IUJ38_RS04365
NZ_CP064385.1	842879	843949		minus	nicotinate-nucleotide--dimethylbenzimidazole phosphoribosyltransferase	cobT	0	protein-coding		WP_001193983.1	356	IUJ38_RS04370
NZ_CP064385.1	843976	844719		minus	adenosylcobinamide-GDP ribazoletransferase	cobS	0	protein-coding		WP_000039997.1	247	IUJ38_RS04375
NZ_CP064385.1	844716	845261		minus	bifunctional adenosylcobinamide kinase/adenosylcobinamide-phosphate guanylyltransferase	cobU	0	protein-coding		WP_000973145.1	181	IUJ38_RS04380
NZ_CP064385.1	845258	846778		minus	cobyric acid synthase		0	protein-coding		WP_000189662.1	506	IUJ38_RS04385
NZ_CP064385.1	846775	847590		minus	energy-coupling factor ABC transporter ATP-binding protein		0	protein-coding		WP_000881552.1	271	IUJ38_RS04390
NZ_CP064385.1	847599	848276		minus	energy-coupling factor ABC transporter transmembrane protein		0	protein-coding		WP_000147137.1	225	IUJ38_RS04395
NZ_CP064385.1	848263	848544		minus	energy-coupling factor ABC transporter substrate-binding protein		0	protein-coding		WP_000753212.1	93	IUJ38_RS04400
NZ_CP064385.1	848546	849283		minus	cobalt ECF transporter S component CbiM	cbiM	0	protein-coding		WP_000764336.1	245	IUJ38_RS04405
NZ_CP064385.1	849280	849993		minus	cobalt-factor II C(20)-methyltransferase		0	protein-coding		WP_001013552.1	237	IUJ38_RS04410
NZ_CP064385.1	849990	850784		minus	sirohydrochlorin cobaltochelatase	cbiK	0	protein-coding		WP_000709784.1	264	IUJ38_RS04415
NZ_CP064385.1	850787	851578		minus	cobalt-precorrin-6A reductase		0	protein-coding		WP_001001975.1	263	IUJ38_RS04420
NZ_CP064385.1	851575	852300		minus	precorrin-3B C(17)-methyltransferase		0	protein-coding		WP_000953646.1	241	IUJ38_RS04425
NZ_CP064385.1	852300	853355		minus	cobalt-precorrin 5A hydrolase	cbiG	0	protein-coding		WP_001098914.1	351	IUJ38_RS04430
NZ_CP064385.1	853336	854109		minus	cobalt-precorrin-4 methyltransferase		0	protein-coding		WP_000004870.1	257	IUJ38_RS04435
NZ_CP064385.1	854093	854671		minus	decarboxylating cobalt-precorrin-6B (C(15))-methyltransferase		0	protein-coding		WP_000650985.1	192	IUJ38_RS04440
NZ_CP064385.1	854661	855266		minus	cobalt-precorrin-7 (C(5))-methyltransferase		0	protein-coding		WP_000958833.1	201	IUJ38_RS04445
NZ_CP064385.1	855260	856399		minus	cobalt-precorrin-5B (C(1))-methyltransferase CbiD	cbiD	0	protein-coding		WP_001292908.1	379	IUJ38_RS04450
NZ_CP064385.1	856399	857031		minus	cobalt-precorrin-8 methylmutase		0	protein-coding		WP_000558988.1	210	IUJ38_RS04455
NZ_CP064385.1	857042	858001		minus	adenosylcobinamide-phosphate synthase CbiB	cbiB	0	protein-coding		WP_000153648.1	319	IUJ38_RS04460
NZ_CP064385.1	857998	859377		minus	cobyrinic acid a,c-diamide synthase CobB		0	protein-coding		WP_000741259.1	459	IUJ38_RS04465
NZ_CP064385.1	859975	860886		minus	transcriptional regulator PocR	pocR	0	protein-coding		WP_000622326.1	303	IUJ38_RS04470
NZ_CP064385.1	861103	861897		minus	propanediol diffusion facilitator PduF	pduF	0	protein-coding		WP_001000023.1	264	IUJ38_RS04475
NZ_CP064385.1	862422	862706		plus	propanediol utilization microcompartment protein PduA	pduA	0	protein-coding		WP_001183618.1	94	IUJ38_RS04480
NZ_CP064385.1	862703	863515		plus	propanediol utilization microcompartment protein PduB	pduB	0	protein-coding		WP_000097497.1	270	IUJ38_RS04485
NZ_CP064385.1	863534	865198		plus	propanediol dehydratase large subunit PduC	pduC	0	protein-coding		WP_001256896.1	554	IUJ38_RS04490
NZ_CP064385.1	865209	865883		plus	propanediol dehydratase medium subunit PduD	pduD	0	protein-coding		WP_000405048.1	224	IUJ38_RS04495
NZ_CP064385.1	865898	866419		plus	propanediol dehydratase small subunit PduE	pduE	0	protein-coding		WP_001090597.1	173	IUJ38_RS04500
NZ_CP064385.1	866429	868261		plus	propanediol dehydratase reactivase alpha subunit PduG	pduG	0	protein-coding		WP_001268876.1	610	IUJ38_RS04505
NZ_CP064385.1	868251	868601		plus	propanediol dehydratase reactivase beta subunit PduH	pduH	0	protein-coding		WP_000377961.1	116	IUJ38_RS04510
NZ_CP064385.1	868620	868895		plus	propanediol utilization microcompartment protein PduJ	pduJ	0	protein-coding		WP_001057755.1	91	IUJ38_RS04515
NZ_CP064385.1	868899	869381		plus	propanediol utilization microcompartment protein PduK	pduK	0	protein-coding		WP_001284390.1	160	IUJ38_RS04520
NZ_CP064385.1	869381	870013		plus	phosphate propanoyltransferase		0	protein-coding		WP_000356709.1	210	IUJ38_RS04525
NZ_CP064385.1	870010	870501		plus	propanediol utilization microcompartment protein PduM	pduM	0	protein-coding		WP_001012956.1	163	IUJ38_RS04530
NZ_CP064385.1	870505	870780		plus	propanediol utilization microcompartment protein PduN	pduN	0	protein-coding		WP_000549824.1	91	IUJ38_RS04535
NZ_CP064385.1	870790	871800		plus	two-domain cob(I)yrinic acid a,c-diamide adenosyltransferase PduO	pduO	0	protein-coding		WP_001029484.1	336	IUJ38_RS04540
NZ_CP064385.1	871797	873191		plus	CoA-acylating propionaldehyde dehydrogenase PduP	pduP	0	protein-coding		WP_001097680.1	464	IUJ38_RS04545
NZ_CP064385.1	873203	874315		plus	1-propanol dehydrogenase PduQ	pduQ	0	protein-coding		WP_001091448.1	370	IUJ38_RS04550
NZ_CP064385.1	874312	875667		plus	cobalamin reductase PduS	pduS	0	protein-coding		WP_000100782.1	451	IUJ38_RS04555
NZ_CP064385.1	875670	876224		plus	propanediol utilization microcompartment protein PduT	pduT	0	protein-coding		WP_000075772.1	184	IUJ38_RS04560
NZ_CP064385.1	876224	876574		plus	propanediol utilization microcompartment protein PduU	pduU	0	protein-coding		WP_000441103.1	116	IUJ38_RS04565
NZ_CP064385.1	876579	877031		plus	propanediol utilization protein PduV	pduV	0	protein-coding		WP_000826277.1	150	IUJ38_RS04570
NZ_CP064385.1	877016	878230		plus	propanediol utilization propionate kinase PduW	pduW	0	protein-coding		WP_000120647.1	404	IUJ38_RS04575
NZ_CP064385.1	878324	879190		plus	L-threonine kinase PduX	pduX	0	protein-coding		WP_001526166.1	288	IUJ38_RS04580
NZ_CP064385.1	879224	879559		minus	DUF496 family protein		0	protein-coding		WP_000450405.1	111	IUJ38_RS04585
NZ_CP064385.1	879804	880862		minus	FUSC family protein		0	protein-coding		WP_001200854.1	352	IUJ38_RS04590
NZ_CP064385.1	880981	881448		minus	DNA gyrase inhibitor SbmC	sbmC	0	protein-coding		WP_000384326.1	155	IUJ38_RS04595
NZ_CP064385.1	881601	882773		minus	serine-type D-Ala-D-Ala carboxypeptidase DacD	dacD	0	protein-coding		WP_000925042.1	390	IUJ38_RS04600
NZ_CP064385.1	882897	883661		minus	thiosulfate reductase cytochrome B subunit	phsC	0	protein-coding		WP_001092559.1	254	IUJ38_RS04605
NZ_CP064385.1	883658	884236		minus	thiosulfate reductase electron transport protein PhsB	phsB	0	protein-coding		WP_001016236.1	192	IUJ38_RS04610
NZ_CP064385.1	884251	886527		minus	thiosulfate reductase PhsA	phsA	0	protein-coding		WP_000028228.1	758	IUJ38_RS04615
NZ_CP064385.1	886787	886879		minus	uncharacterized gene		0	pseudogene				IUJ38_RS04620
NZ_CP064385.1	887146	889494		plus	SPI-1 type III secretion system effector HECT-type E3 ubiquitin transferase SopA	sopA	0	protein-coding		WP_000703998.1	782	IUJ38_RS04625
NZ_CP064385.1	889624	889701		minus	uncharacterized gene		0	pseudogene				IUJ38_RS04630
NZ_CP064385.1	889837	891267		plus	exodeoxyribonuclease I	sbcB	0	protein-coding		WP_000216711.1	476	IUJ38_RS04635
NZ_CP064385.1	891403	892761		minus	putrescine/proton symporter PlaP	plaP	0	protein-coding		WP_001519005.1	452	IUJ38_RS04640
NZ_CP064385.1	892751	892813		minus	membrane protein YoeI	yoeI	0	protein-coding		WP_096335044.1	20	IUJ38_RS04645
NZ_CP064385.1	893047	893961		minus	LysR family transcriptional regulator		0	protein-coding		WP_000803316.1	304	IUJ38_RS04650
NZ_CP064385.1	894007	894831		minus	SDR family oxidoreductase		0	protein-coding		WP_000754712.1	274	IUJ38_RS04655
NZ_CP064385.1	894994	895044		plus	his operon leader peptide	hisL	0	protein-coding		WP_001364200.1	16	IUJ38_RS04660
NZ_CP064385.1	895191	896090		plus	ATP phosphoribosyltransferase	hisG	0	protein-coding		WP_000886603.1	299	IUJ38_RS04665
NZ_CP064385.1	896193	897497		plus	histidinol dehydrogenase	hisD	0	protein-coding		WP_000009626.1	434	IUJ38_RS04670
NZ_CP064385.1	897494	898573		plus	histidinol-phosphate transaminase	hisC	0	protein-coding		WP_000102713.1	359	IUJ38_RS04675
NZ_CP064385.1	898570	899637		plus	bifunctional histidinol-phosphatase/imidazoleglycerol-phosphate dehydratase HisB	hisB	0	protein-coding		WP_000080044.1	355	IUJ38_RS04680
NZ_CP064385.1	899637	900227		plus	imidazole glycerol phosphate synthase subunit HisH	hisH	0	protein-coding		WP_001103591.1	196	IUJ38_RS04685
NZ_CP064385.1	900227	900964		plus	1-(5-phosphoribosyl)-5-[(5-phosphoribosylamino)methylideneamino]imidazole-4-carboxamide isomerase	hisA	0	protein-coding		WP_000586409.1	245	IUJ38_RS04690
NZ_CP064385.1	900946	901722		plus	imidazole glycerol phosphate synthase subunit HisF	hisF	0	protein-coding		WP_000880125.1	258	IUJ38_RS04695
NZ_CP064385.1	901716	902327		plus	bifunctional phosphoribosyl-AMP cyclohydrolase/phosphoribosyl-ATP diphosphatase HisIE	hisIE	0	protein-coding		WP_000954848.1	203	IUJ38_RS04700
NZ_CP064385.1	902408	903391		minus	LPS O-antigen chain length determinant protein WzzB	wzzB	0	protein-coding		WP_000215261.1	327	IUJ38_RS04705
NZ_CP064385.1	903534	904700		minus	UDP-glucose 6-dehydrogenase	ugd	0	protein-coding		WP_000704831.1	388	IUJ38_RS04710
NZ_CP064385.1	904937	906343		minus	NADP-dependent phosphogluconate dehydrogenase	gndA	0	protein-coding		WP_000043530.1	468	IUJ38_RS04715
NZ_CP064385.1	906507	907937		minus	undecaprenyl-phosphate galactose phosphotransferase		0	protein-coding		WP_000368707.1	476	IUJ38_RS04720
NZ_CP064385.1	908009	909442		minus	O-antigen biosynthesis phosphomannomutase RfbK	rfbK	0	protein-coding		WP_001103643.1	477	IUJ38_RS04725
NZ_CP064385.1	909429	910868		minus	mannose-1-phosphate guanylyltransferase/mannose-6-phosphate isomerase		0	protein-coding		WP_000009017.1	479	IUJ38_RS04730
NZ_CP064385.1	910869	911813		minus	O antigen biosynthesis rhamnosyltransferase RfbN	rfbN	0	protein-coding		WP_000705151.1	314	IUJ38_RS04735
NZ_CP064385.1	911814	912875		minus	glycosyltransferase family 4 protein		0	protein-coding		WP_001521643.1	353	IUJ38_RS04740
NZ_CP064385.1	913195	914196		minus	abequosyltransferase RfbV	rfbV	0	protein-coding		WP_000908622.1	333	IUJ38_RS04745
NZ_CP064385.1	914201	915493		minus	MATE family efflux transporter		0	protein-coding		WP_010989038.1	430	IUJ38_RS04750
NZ_CP064385.1	915575	916474		minus	CDP-abequose synthase	rfbJ	0	protein-coding		WP_000143399.1	299	IUJ38_RS04755
NZ_CP064385.1	916502	917815		minus	lipopolysaccharide biosynthesis protein RfbH	rfbH	0	protein-coding		WP_000126349.1	437	IUJ38_RS04760
NZ_CP064385.1	917842	918921		minus	CDP-glucose 4,6-dehydratase	rfbG	0	protein-coding		WP_000565905.1	359	IUJ38_RS04765
NZ_CP064385.1	918926	919699		minus	glucose-1-phosphate cytidylyltransferase	rfbF	0	protein-coding		WP_000648784.1	257	IUJ38_RS04770
NZ_CP064385.1	919696	920688		minus	CDP-6-deoxy-delta-3,4-glucoseen reductase		0	protein-coding		WP_000018226.1	330	IUJ38_RS04775
NZ_CP064385.1	920694	921245		minus	dTDP-4-dehydrorhamnose 3,5-epimerase	rfbC	0	protein-coding		WP_000973708.1	183	IUJ38_RS04780
NZ_CP064385.1	921246	922124		minus	glucose-1-phosphate thymidylyltransferase RfbA	rfbA	0	protein-coding		WP_000857529.1	292	IUJ38_RS04785
NZ_CP064385.1	922172	923071		minus	dTDP-4-dehydrorhamnose reductase	rfbD	0	protein-coding		WP_001023662.1	299	IUJ38_RS04790
NZ_CP064385.1	923071	924156		minus	dTDP-glucose 4,6-dehydratase	rfbB	0	protein-coding		WP_000697840.1	361	IUJ38_RS04795
NZ_CP064385.1	924533	925426		minus	GalU regulator GalF	galF	0	protein-coding		WP_000981469.1	297	IUJ38_RS04800
NZ_CP064385.1	925604	927007		minus	colanic acid biosynthesis protein WcaM	wcaM	0	protein-coding		WP_001111841.1	467	IUJ38_RS04805
NZ_CP064385.1	927018	928238		minus	colanic acid biosynthesis glycosyltransferase WcaL	wcaL	0	protein-coding		WP_000868521.1	406	IUJ38_RS04810
NZ_CP064385.1	928235	929515		minus	colanic acid biosynthesis pyruvyl transferase WcaK	wcaK	0	protein-coding		WP_000770904.1	426	IUJ38_RS04815
NZ_CP064385.1	929537	931015		minus	colanic acid undecaprenyl disphosphate flippase WzxC	wzxC	0	protein-coding		WP_000058682.1	492	IUJ38_RS04820
NZ_CP064385.1	931148	932542		minus	undecaprenyl-phosphate glucose phosphotransferase	wcaJ	0	protein-coding		WP_000183155.1	464	IUJ38_RS04825
NZ_CP064385.1	932596	933966		minus	colanic acid biosynthesis phosphomannomutase CpsG	cpsG	0	protein-coding		WP_000164218.1	456	IUJ38_RS04830
NZ_CP064385.1	934077	935519		minus	mannose-1-phosphate guanyltransferase	cpsB	0	protein-coding		WP_000605938.1	480	IUJ38_RS04835
NZ_CP064385.1	935516	936739		minus	colanic acid biosynthesis fucosyltransferase WcaI	wcaI	0	protein-coding		WP_000699632.1	407	IUJ38_RS04840
NZ_CP064385.1	936736	937209		minus	GDP-mannose mannosyl hydrolase		0	protein-coding		WP_001526160.1	157	IUJ38_RS04845
NZ_CP064385.1	937212	938177		minus	GDP-L-fucose synthase	fcl	0	protein-coding		WP_001041701.1	321	IUJ38_RS04850
NZ_CP064385.1	938180	939301		minus	GDP-mannose 4,6-dehydratase	gmd	0	protein-coding		WP_000048160.1	373	IUJ38_RS04855
NZ_CP064385.1	939325	939879		minus	colanic acid biosynthesis acetyltransferase WcaF	wcaF	0	protein-coding		WP_001153603.1	184	IUJ38_RS04860
NZ_CP064385.1	939895	940641		minus	colanic acid biosynthesis glycosyltransferase WcaE	wcaE	0	protein-coding		WP_000480141.1	248	IUJ38_RS04865
NZ_CP064385.1	940654	941868		minus	colanic acid polymerase WcaD	wcaD	0	protein-coding		WP_000091397.1	404	IUJ38_RS04870
NZ_CP064385.1	941843	943060		minus	colanic acid biosynthesis glycosyltransferase WcaC	wcaC	0	protein-coding		WP_001023826.1	405	IUJ38_RS04875
NZ_CP064385.1	943057	943545		minus	colanic acid biosynthesis acetyltransferase WcaB	wcaB	0	protein-coding		WP_000888725.1	162	IUJ38_RS04880
NZ_CP064385.1	943548	944390		minus	colanic acid biosynthesis glycosyltransferase WcaA	wcaA	0	protein-coding		WP_000205695.1	280	IUJ38_RS04885
NZ_CP064385.1	944477	946636		minus	tyrosine-protein kinase Wzc	wzc	0	protein-coding		WP_000136405.1	719	IUJ38_RS04890
NZ_CP064385.1	946633	947082		minus	low molecular weight protein-tyrosine-phosphatase Wzb	wzb	0	protein-coding		WP_000482224.1	149	IUJ38_RS04895
NZ_CP064385.1	947088	948227		minus	polysaccharide export protein		0	protein-coding		WP_000978077.1	379	IUJ38_RS04900
NZ_CP064385.1	948902	950482		plus	TerC family protein		0	protein-coding		WP_000454713.1	526	IUJ38_RS04905
NZ_CP064385.1	950568	952424		minus	outer membrane assembly protein AsmA	asmA	0	protein-coding		WP_001252270.1	618	IUJ38_RS04910
NZ_CP064385.1	952463	953044		minus	dCTP deaminase	dcd	0	protein-coding		WP_001234783.1	193	IUJ38_RS04915
NZ_CP064385.1	953135	953776		minus	uridine kinase	udk	0	protein-coding		WP_000132082.1	213	IUJ38_RS04920
NZ_CP064385.1	954107	957097		plus	MASE1 domain-containing protein		0	protein-coding		WP_000042954.1	996	IUJ38_RS04925
NZ_CP064385.1	957065	957934		minus	DNA-3-methyladenine glycosylase 2	alkA	0	protein-coding		WP_000494714.1	289	IUJ38_RS04930
NZ_CP064385.1	958068	959420		plus	molecular chaperone	yegD	0	protein-coding		WP_000469629.1	450	IUJ38_RS04935
NZ_CP064385.1	959519	959578		minus	type I toxin-antitoxin system Ibs family toxin		0	protein-coding		WP_105887528.1	19	IUJ38_RS04940
NZ_CP064385.1	959861	961102		plus	multidrug efflux RND transporter subunit MdtA	mdtA	0	protein-coding		WP_000678822.1	413	IUJ38_RS04945
NZ_CP064385.1	961102	964224		plus	multidrug efflux RND transporter permease subunit MdtB	mdtB	0	protein-coding		WP_001197805.1	1040	IUJ38_RS04950
NZ_CP064385.1	964225	967305		plus	multidrug efflux RND transporter permease subunit MdtC	mdtC	0	protein-coding		WP_001210077.1	1026	IUJ38_RS04955
NZ_CP064385.1	967302	968714		plus	MFS transporter		0	protein-coding		WP_000137816.1	470	IUJ38_RS04960
NZ_CP064385.1	968714	970117		plus	envelope stress sensor histidine kinase BaeS	baeS	0	protein-coding		WP_000870070.1	467	IUJ38_RS04965
NZ_CP064385.1	970114	970836		plus	envelope stress response regulator BaeR	baeR	0	protein-coding		WP_000137854.1	240	IUJ38_RS04970
NZ_CP064385.1	971105	972307		plus	hypothetical protein		0	protein-coding		WP_000141051.1	400	IUJ38_RS04975
NZ_CP064385.1	972307	973023		plus	DUF1266 domain-containing protein		0	protein-coding		WP_000498586.1	238	IUJ38_RS04980
NZ_CP064385.1	973034	975145		plus	DUF4034 domain-containing protein		0	protein-coding		WP_000434241.1	703	IUJ38_RS04985
NZ_CP064385.1	975261	976622		plus	prephenate-dependent tRNA uridine(34) hydroxylase TrhP	yegQ	0	protein-coding		WP_001517981.1	453	IUJ38_RS04990
NZ_CP064385.1	977073	978119		plus	type III secretion system effector arginine glycosyltransferase SseK2	sseK2	0	protein-coding		WP_010989041.1	348	IUJ38_RS04995
NZ_CP064385.1	978155	978571		minus	CesT family type III secretion system chaperone		0	protein-coding		WP_001669236.1	138	IUJ38_RS05000
NZ_CP064385.1	978693	979028		minus	type III secretion system effector SteD	steD	0	protein-coding		WP_001542166.1	111	IUJ38_RS05005
NZ_CP064385.1	979590	980489		plus	lipid kinase YegS	yegS	0	protein-coding		WP_001273389.1	299	IUJ38_RS05010
NZ_CP064385.1	980542	981594		minus	class I fructose-bisphosphate aldolase	fbaB	0	protein-coding		WP_000129590.1	350	IUJ38_RS05015
NZ_CP064385.1	981848	983119		plus	nucleoside permease		0	protein-coding		WP_000858692.1	423	IUJ38_RS05020
NZ_CP064385.1	983116	984120		plus	ADP-ribosylglycohydrolase family protein		0	protein-coding		WP_000642793.1	334	IUJ38_RS05025
NZ_CP064385.1	984117	985082		plus	PfkB family carbohydrate kinase		0	protein-coding		WP_001012658.1	321	IUJ38_RS05030
NZ_CP064385.1	985056	985802		minus	GntR family transcriptional regulator		0	protein-coding		WP_000434062.1	248	IUJ38_RS05035
NZ_CP064385.1	985838	986638		minus	bifunctional hydroxymethylpyrimidine kinase/phosphomethylpyrimidine kinase	thiD	0	protein-coding		WP_001188957.1	266	IUJ38_RS05040
NZ_CP064385.1	986625	987422		minus	hydroxyethylthiazole kinase	thiM	0	protein-coding		WP_001182156.1	265	IUJ38_RS05045
NZ_CP064385.1	987832	988146		plus	Ni(II)/Co(II) efflux transporter accessory subunit RcnB	rcnB	0	protein-coding		WP_000837534.1	104	IUJ38_RS05050
NZ_CP064385.1	988409	989416		minus	Stc fimbria adhesin StcD		0	protein-coding		WP_000765279.1	335	IUJ38_RS05055
NZ_CP064385.1	989432	991921		minus	fimbrial biogenesis outer membrane usher protein		0	protein-coding		WP_000945364.1	829	IUJ38_RS05060
NZ_CP064385.1	991935	992618		minus	fimbrial biogenesis chaperone StcB	stcB	0	protein-coding		WP_000698773.1	227	IUJ38_RS05065
NZ_CP064385.1	992674	993204		minus	Stc fimbria major subunit StcA	stcA	0	protein-coding		WP_000830686.1	176	IUJ38_RS05070
NZ_CP064385.1	993483	993764		minus	YehE family protein		0	protein-coding		WP_000760404.1	93	IUJ38_RS05075
NZ_CP064385.1	994042	995151		minus	iron-sulfur cluster carrier protein ApbC	apbC	0	protein-coding		WP_001005424.1	369	IUJ38_RS05080
NZ_CP064385.1	995316	997349		plus	methionine--tRNA ligase	metG	0	protein-coding		WP_000195332.1	677	IUJ38_RS05085
NZ_CP064385.1	997590	998048		plus	YehR family lipoprotein		0	protein-coding		WP_000703137.1	152	IUJ38_RS05090
NZ_CP064385.1	998220	998750		plus	YehR family lipoprotein		0	protein-coding		WP_001197952.1	176	IUJ38_RS05095
NZ_CP064385.1	998807	999274		minus	YehS family protein		0	protein-coding		WP_000950413.1	155	IUJ38_RS05100
NZ_CP064385.1	999321	1000040		minus	two-component system response regulator BtsR	btsR	0	protein-coding		WP_000598637.1	239	IUJ38_RS05105
NZ_CP064385.1	1000037	1001722		minus	sensor histidine kinase		0	protein-coding		WP_000272845.1	561	IUJ38_RS05110
NZ_CP064385.1	1001945	1002676		plus	HTH-type transcriptional regulator MlrA	mlrA	0	protein-coding		WP_001240418.1	243	IUJ38_RS05115
NZ_CP064385.1	1002736	1002843		plus	protein YohO		0	protein-coding		WP_001261696.1	35	IUJ38_RS05120
NZ_CP064385.1	1002824	1003555		minus	ABC transporter permease		0	protein-coding		WP_000824855.1	243	IUJ38_RS05125
NZ_CP064385.1	1003539	1004486		minus	ABC transporter ATP-binding protein		0	protein-coding		WP_000569166.1	315	IUJ38_RS05130
NZ_CP064385.1	1004479	1005648		minus	ABC transporter permease		0	protein-coding		WP_001278110.1	389	IUJ38_RS05135
NZ_CP064385.1	1005652	1006569		minus	glycine betaine ABC transporter substrate-binding protein OsmF	osmF	0	protein-coding		WP_000155869.1	305	IUJ38_RS05140
NZ_CP064385.1	1006750	1009047		minus	beta-glucosidase BglX	bglX	0	protein-coding		WP_000871560.1	765	IUJ38_RS05145
NZ_CP064385.1	1009314	1011044		plus	D-lactate dehydrogenase	dld	0	protein-coding		WP_000095232.1	576	IUJ38_RS05150
NZ_CP064385.1	1011102	1012049		minus	D-alanyl-D-alanine endopeptidase	pbpG	0	protein-coding		WP_000911555.1	315	IUJ38_RS05155
NZ_CP064385.1	1012215	1012802		minus	Yip1 family protein		0	protein-coding		WP_001017057.1	195	IUJ38_RS05160
NZ_CP064385.1	1012961	1013530		plus	DedA family protein		0	protein-coding		WP_001523476.1	189	IUJ38_RS05165
NZ_CP064385.1	1013579	1014340		minus	SDR family oxidoreductase		0	protein-coding		WP_000169608.1	253	IUJ38_RS05170
NZ_CP064385.1	1014406	1015842		minus	multidrug resistance outer membrane protein MdtQ	mdtQ	0	protein-coding		WP_001081453.1	478	IUJ38_RS05175
NZ_CP064385.1	1016160	1016243		plus	small membrane protein YohP	yohP	0	protein-coding		WP_000698460.1	27	IUJ38_RS05180
NZ_CP064385.1	1016301	1017239		minus	tRNA dihydrouridine(16) synthase DusC	dusC	0	protein-coding		WP_001264832.1	312	IUJ38_RS05185
NZ_CP064385.1	1017348	1018541		minus	3-hydroxybenzoate 6-monooxygenase		0	protein-coding		WP_000150103.1	397	IUJ38_RS05190
NZ_CP064385.1	1018556	1019200		minus	maleylacetoacetate isomerase	maiA	0	protein-coding		WP_000781183.1	214	IUJ38_RS05195
NZ_CP064385.1	1019209	1019910		minus	fumarylacetoacetate hydrolase family protein		0	protein-coding		WP_000170621.1	233	IUJ38_RS05200
NZ_CP064385.1	1019926	1020963		minus	gentisate 1,2-dioxygenase	gtdA	0	protein-coding		WP_001289857.1	345	IUJ38_RS05205
NZ_CP064385.1	1020975	1022333		minus	3-hydroxybenzoate transporter MhbT	mhbT	0	protein-coding		WP_000194222.1	452	IUJ38_RS05210
NZ_CP064385.1	1022459	1023367		plus	LysR substrate-binding domain-containing protein		0	protein-coding		WP_000024658.1	302	IUJ38_RS05215
NZ_CP064385.1	1023499	1023897		plus	CidA/LrgA family protein		0	protein-coding		WP_000045719.1	132	IUJ38_RS05220
NZ_CP064385.1	1023894	1024589		plus	CidB/LrgB family autolysis modulator		0	protein-coding		WP_000989296.1	231	IUJ38_RS05225
NZ_CP064385.1	1024743	1025627		plus	cytidine deaminase	cdd	0	protein-coding		WP_000553526.1	294	IUJ38_RS05230
NZ_CP064385.1	1025804	1026523		plus	outer membrane permeability protein SanA	sanA	0	protein-coding		WP_000920081.1	239	IUJ38_RS05235
NZ_CP064385.1	1026520	1026765		plus	DUF2542 family protein		0	protein-coding		WP_000605187.1	81	IUJ38_RS05240
NZ_CP064385.1	1026970	1028211		plus	NAD(P)-dependent oxidoreductase		0	protein-coding		WP_001136409.1	413	IUJ38_RS05245
NZ_CP064385.1	1028205	1029440		plus	NAD-dependent dihydropyrimidine dehydrogenase subunit PreA	preA	0	protein-coding		WP_000956095.1	411	IUJ38_RS05250
NZ_CP064385.1	1029515	1030525		minus	galactose/methyl galactoside ABC transporter permease MglC	mglC	0	protein-coding		WP_001275101.1	336	IUJ38_RS05255
NZ_CP064385.1	1030541	1032061		minus	galactose/methyl galactoside ABC transporter ATP-binding protein MglA	mglA	0	protein-coding		WP_000535907.1	506	IUJ38_RS05260
NZ_CP064385.1	1032195	1033193		minus	galactose/glucose ABC transporter substrate-binding protein MglB	mglB	0	protein-coding		WP_001036943.1	332	IUJ38_RS05265
NZ_CP064385.1	1033692	1034714		minus	HTH-type transcriptional regulator GalS	galS	0	protein-coding		WP_000628631.1	340	IUJ38_RS05270
NZ_CP064385.1	1034864	1036006		minus	DUF418 domain-containing protein YeiB	yeiB	0	protein-coding		WP_001526153.1	380	IUJ38_RS05275
NZ_CP064385.1	1036021	1036689		minus	GTP cyclohydrolase I FolE	folE	0	protein-coding		WP_001139611.1	222	IUJ38_RS05280
NZ_CP064385.1	1037019	1037876		plus	S-formylglutathione hydrolase	fghA	0	protein-coding		WP_000425488.1	285	IUJ38_RS05285
NZ_CP064385.1	1037865	1038254		minus	helix-turn-helix domain-containing protein		0	protein-coding		WP_000876817.1	129	IUJ38_RS05290
NZ_CP064385.1	1038259	1039626		minus	L-serine ammonia-lyase		0	protein-coding		WP_000443208.1	455	IUJ38_RS05295
NZ_CP064385.1	1039843	1040730		plus	phosphoserine phosphatase SerB	serB	0	protein-coding		WP_000022915.1	295	IUJ38_RS05300
NZ_CP064385.1	1040763	1042085		plus	MFS transporter		0	protein-coding		WP_000023807.1	440	IUJ38_RS05305
NZ_CP064385.1	1042129	1044120		minus	catecholate siderophore receptor CirA	cirA	0	protein-coding		WP_000488255.1	663	IUJ38_RS05310
NZ_CP064385.1	1044466	1045935		minus	lysine-specific permease	lysP	0	protein-coding		WP_000535000.1	489	IUJ38_RS05315
NZ_CP064385.1	1046125	1046988		minus	DNA-binding transcriptional regulator YeiE	yieE	0	protein-coding		WP_000548308.1	287	IUJ38_RS05320
NZ_CP064385.1	1047109	1048158		plus	YeiH family protein		0	protein-coding		WP_000137960.1	349	IUJ38_RS05325
NZ_CP064385.1	1048237	1049094		plus	deoxyribonuclease IV	nfo	0	protein-coding		WP_000873909.1	285	IUJ38_RS05330
NZ_CP064385.1	1049159	1050847		minus	PTS fructose transporter subunit IIBC	fruA	0	protein-coding		WP_000854414.1	562	IUJ38_RS05335
NZ_CP064385.1	1050864	1051802		minus	1-phosphofructokinase	fruK	0	protein-coding		WP_000091249.1	312	IUJ38_RS05340
NZ_CP064385.1	1051802	1052932		minus	fused PTS fructose transporter subunit IIA/HPr protein	fruB	0	protein-coding		WP_000487287.1	376	IUJ38_RS05345
NZ_CP064385.1	1053301	1054482		plus	sugar efflux transporter SetB	setB	0	protein-coding		WP_000551937.1	393	IUJ38_RS05350
NZ_CP064385.1	1054547	1055212		minus	GNVR domain-containing protein		0	protein-coding		WP_001213882.1	221	IUJ38_RS05355
NZ_CP064385.1	1055214	1055336		minus	membrane protein		0	protein-coding		WP_001519564.1	40	IUJ38_RS05360
NZ_CP064385.1	1055724	1055978		minus	YkgJ family cysteine cluster protein		0	protein-coding		WP_010989043.1	84	IUJ38_RS05365
NZ_CP064385.1	1056302	1056874		plus	elongation factor P-like protein YeiP	yeiP	0	protein-coding		WP_001136822.1	190	IUJ38_RS05370
NZ_CP064385.1	1057087	1058073		plus	CobW family GTP-binding protein		0	protein-coding		WP_000169350.1	328	IUJ38_RS05375
NZ_CP064385.1	1058103	1058822		plus	phosphatase PAP2 family protein		0	protein-coding		WP_000178095.1	239	IUJ38_RS05380
NZ_CP064385.1	1059236	1059808		plus	bifunctional murein DD-endopeptidase/murein LD-carboxypeptidase	mepS	0	protein-coding		WP_000241015.1	190	IUJ38_RS05385
NZ_CP064385.1	1060134	1061690		plus	cyclic di-GMP phosphodiesterase		0	protein-coding		WP_000957746.1	518	IUJ38_RS05390
NZ_CP064385.1	1061797	1063602		plus	extracellular solute-binding protein		0	protein-coding		WP_000561747.1	601	IUJ38_RS05395
NZ_CP064385.1	1063612	1064706		plus	microcin C ABC transporter permease YejB		0	protein-coding		WP_000501623.1	364	IUJ38_RS05400
NZ_CP064385.1	1064706	1065731		plus	ABC transporter permease		0	protein-coding		WP_001137764.1	341	IUJ38_RS05405
NZ_CP064385.1	1065733	1067322		plus	microcin C ABC transporter ATP-binding protein YejF	yejF	0	protein-coding		WP_000203622.1	529	IUJ38_RS05410
NZ_CP064385.1	1067326	1067670		minus	YejG family protein		0	protein-coding		WP_001094639.1	114	IUJ38_RS05415
NZ_CP064385.1	1068061	1069251		minus	Bcr/CflA family multidrug efflux MFS transporter		0	protein-coding		WP_000213347.1	396	IUJ38_RS05420
NZ_CP064385.1	1069279	1069974		minus	16S rRNA pseudouridine(516) synthase RsuA	rsuA	0	protein-coding		WP_001234836.1	231	IUJ38_RS05425
NZ_CP064385.1	1070126	1071886		plus	DNA repair helicase RadD		0	protein-coding		WP_000578121.1	586	IUJ38_RS05430
NZ_CP064385.1	1072011	1072295		plus	50S ribosomal protein L25	rplY	0	protein-coding		WP_000494192.1	94	IUJ38_RS05435
NZ_CP064385.1	1072404	1073024		minus	hypothetical protein		0	protein-coding		WP_000033440.1	206	IUJ38_RS05440
NZ_CP064385.1	1073052	1074059		minus	nucleoid-associated protein YejK	yejK	0	protein-coding		WP_000050806.1	335	IUJ38_RS05445
NZ_CP064385.1	1074239	1074466		plus	YejL family protein		0	protein-coding		WP_001135904.1	75	IUJ38_RS05450
NZ_CP064385.1	1074498	1076258		plus	LPS biosynthesis-modulating metalloenzyme YejM	yejM	0	protein-coding		WP_000256150.1	586	IUJ38_RS05455
NZ_CP064385.1	1076332	1076408		plus	tRNA-Pro		0	tRNA				IUJ38_RS05460
NZ_CP064385.1	1076539	1077042		minus	HumD family translesion DNA polymerase		0	protein-coding		WP_000806401.1	167	IUJ38_RS05465
NZ_CP064385.1	1077070	1077360		plus	DinI family protein		0	protein-coding		WP_000884778.1	96	IUJ38_RS05470
NZ_CP064385.1	1077708	1079537		plus	O-antigen acetyltransferase OafA		0	protein-coding		WP_000639473.1	609	IUJ38_RS05475
NZ_CP064385.1	1079591	1080034		minus	tail fiber assembly protein		0	protein-coding		WP_000022213.1	147	IUJ38_RS05480
NZ_CP064385.1	1080412	1080939		minus	tail fiber assembly protein		0	protein-coding		WP_001215679.1	175	IUJ38_RS05485
NZ_CP064385.1	1080942	1082183		minus	hypothetical protein		0	protein-coding		WP_000554739.1	413	IUJ38_RS05490
NZ_CP064385.1	1082170	1082313		minus	uncharacterized gene		0	pseudogene				IUJ38_RS05495
NZ_CP064385.1	1082289	1082762		minus	uncharacterized gene		0	pseudogene				IUJ38_RS05500
NZ_CP064385.1	1082776	1083105		minus	phage holin, lambda family		0	protein-coding		WP_001120499.1	109	IUJ38_RS05505
NZ_CP064385.1	1083402	1084733		plus	KAP family NTPase		0	protein-coding		WP_000894640.1	443	IUJ38_RS05510
NZ_CP064385.1	1084762	1085130		minus	antiterminator Q family protein		0	protein-coding		WP_010989045.1	122	IUJ38_RS05515
NZ_CP064385.1	1085145	1086134		minus	DUF968 domain-containing protein		0	protein-coding		WP_001202279.1	329	IUJ38_RS05520
NZ_CP064385.1	1086142	1086378		minus	uncharacterized gene		0	pseudogene				IUJ38_RS05525
NZ_CP064385.1	1086463	1088829		minus	SPI-2 type III secretion system effector E3 ubiquitin transferase SspH2	sspH2	0	protein-coding		WP_001115840.1	788	IUJ38_RS05530
NZ_CP064385.1	1089786	1090445		minus	uncharacterized gene		0	pseudogene				IUJ38_RS24300
NZ_CP064385.1	1090592	1090795		plus	virulence protein MsgA		0	protein-coding		WP_001653202.1	67	IUJ38_RS05545
NZ_CP064385.1	1090987	1091550		minus	lipid A 3-O-deacylase PagL	pagL	0	protein-coding		WP_000281877.1	187	IUJ38_RS05550
NZ_CP064385.1	1092280	1092927		plus	nitrate/nitrite response regulator protein NarP	narP	0	protein-coding		WP_001115498.1	215	IUJ38_RS05555
NZ_CP064385.1	1092971	1094014		minus	cytochrome c-type biogenesis protein CcmH		0	protein-coding		WP_001238333.1	347	IUJ38_RS05560
NZ_CP064385.1	1094011	1094568		minus	thiol:disulfide interchange protein DsbE	dsbE	0	protein-coding		WP_000828296.1	185	IUJ38_RS05565
NZ_CP064385.1	1094565	1096496		minus	heme lyase CcmF/NrfE family subunit		0	protein-coding		WP_000982518.1	643	IUJ38_RS05570
NZ_CP064385.1	1096493	1096972		minus	cytochrome c maturation protein CcmE	ccmE	0	protein-coding		WP_001053618.1	159	IUJ38_RS05575
NZ_CP064385.1	1096969	1097181		minus	heme exporter protein CcmD	ccmD	0	protein-coding		WP_000074110.1	70	IUJ38_RS05580
NZ_CP064385.1	1097178	1097915		minus	heme ABC transporter permease		0	protein-coding		WP_000266008.1	245	IUJ38_RS05585
NZ_CP064385.1	1097967	1098626		minus	heme exporter protein CcmB	ccmB	0	protein-coding		WP_000990028.1	219	IUJ38_RS05590
NZ_CP064385.1	1098623	1099240		minus	cytochrome c biogenesis heme-transporting ATPase CcmA	ccmA	0	protein-coding		WP_000888541.1	205	IUJ38_RS05595
NZ_CP064385.1	1099261	1099863		minus	cytochrome c-type protein NapC	napC	0	protein-coding		WP_000431778.1	200	IUJ38_RS05600
NZ_CP064385.1	1099873	1100322		minus	nitrate reductase cytochrome c-type subunit	napB	0	protein-coding		WP_000835182.1	149	IUJ38_RS05605
NZ_CP064385.1	1100438	1101307		minus	quinol dehydrogenase ferredoxin subunit NapH	napH	0	protein-coding		WP_000013529.1	289	IUJ38_RS05610
NZ_CP064385.1	1101294	1101989		minus	ferredoxin-type protein NapG	napG	0	protein-coding		WP_000091673.1	231	IUJ38_RS05615
NZ_CP064385.1	1101996	1104482		minus	nitrate reductase catalytic subunit NapA	napA	0	protein-coding		WP_000778097.1	828	IUJ38_RS05620
NZ_CP064385.1	1104479	1104742		minus	chaperone NapD	napD	0	protein-coding		WP_001260058.1	87	IUJ38_RS05625
NZ_CP064385.1	1104732	1105223		minus	ferredoxin-type protein NapF	napF	0	protein-coding		WP_000228070.1	163	IUJ38_RS05630
NZ_CP064385.1	1105637	1106131		plus	serine protease inhibitor ecotin	eco	0	protein-coding		WP_000781589.1	164	IUJ38_RS05635
NZ_CP064385.1	1106340	1107983		minus	multidrug ABC transporter permease/ATP-binding protein		0	protein-coding		WP_000421590.1	547	IUJ38_RS05640
NZ_CP064385.1	1108059	1108709		minus	DNA oxidative demethylase AlkB	alkB	0	protein-coding		WP_000884990.1	216	IUJ38_RS05645
NZ_CP064385.1	1108712	1109773		minus	bifunctional DNA-binding transcriptional regulator/O6-methylguanine-DNA methyltransferase Ada	ada	0	protein-coding		WP_000975956.1	353	IUJ38_RS05650
NZ_CP064385.1	1109854	1110906		minus	FAD:protein FMN transferase ApbE	apbE	0	protein-coding		WP_000784307.1	350	IUJ38_RS05655
NZ_CP064385.1	1111021	1112157		minus	porin OmpC		0	protein-coding		WP_000865526.1	378	IUJ38_RS05660
NZ_CP064385.1	1112886	1115555		plus	phosphotransferase RcsD	rcsD	0	protein-coding		WP_000083201.1	889	IUJ38_RS05665
NZ_CP064385.1	1115572	1116222		plus	response regulator transcription factor RcsB	rcsB	0	protein-coding		WP_001061919.1	216	IUJ38_RS05670
NZ_CP064385.1	1116325	1119171		minus	two-component system sensor histidine kinase RcsC	rcsC	0	protein-coding		WP_000876078.1	948	IUJ38_RS05675
NZ_CP064385.1	1119289	1121925		minus	DNA topoisomerase (ATP-hydrolyzing) subunit A	gyrA	0	protein-coding		WP_001281271.1	878	IUJ38_RS05680
NZ_CP064385.1	1122335	1123537		minus	mandelate racemase/muconate lactonizing enzyme family protein		0	protein-coding		WP_000705579.1	400	IUJ38_RS05685
NZ_CP064385.1	1123552	1124877		minus	MFS transporter		0	protein-coding		WP_000098078.1	441	IUJ38_RS05690
NZ_CP064385.1	1124927	1125811		plus	GntR family transcriptional regulator		0	protein-coding		WP_000944714.1	294	IUJ38_RS05695
NZ_CP064385.1	1125894	1126622		plus	bifunctional 2-polyprenyl-6-hydroxyphenol methylase/3-demethylubiquinol 3-O-methyltransferase UbiG	ubiG	0	protein-coding		WP_001091009.1	242	IUJ38_RS05700
NZ_CP064385.1	1126978	1129263		plus	class 1a ribonucleoside-diphosphate reductase subunit alpha	nrdA	0	protein-coding		WP_001076487.1	761	IUJ38_RS05705
NZ_CP064385.1	1129376	1130506		plus	class Ia ribonucleoside-diphosphate reductase subunit beta	nrdB	0	protein-coding		WP_000332026.1	376	IUJ38_RS05710
NZ_CP064385.1	1130506	1130760		plus	ferredoxin-like diferric-tyrosyl radical cofactor maintenance protein YfaE	yfaE	0	protein-coding		WP_000533921.1	84	IUJ38_RS05715
NZ_CP064385.1	1130762	1131952		minus	MFS transporter		0	protein-coding		WP_000660244.1	396	IUJ38_RS05720
NZ_CP064385.1	1132114	1132992		plus	LysR family transcriptional regulator		0	protein-coding		WP_000176719.1	292	IUJ38_RS05725
NZ_CP064385.1	1133108	1134178		minus	glycerophosphodiester phosphodiesterase	glpQ	0	protein-coding		WP_000858952.1	356	IUJ38_RS05730
NZ_CP064385.1	1134183	1135541		minus	glycerol-3-phosphate transporter	glpT	0	protein-coding		WP_000948739.1	452	IUJ38_RS05735
NZ_CP064385.1	1135814	1137442		plus	anaerobic glycerol-3-phosphate dehydrogenase subunit A	glpA	0	protein-coding		WP_000857294.1	542	IUJ38_RS05740
NZ_CP064385.1	1137432	1138691		plus	glycerol-3-phosphate dehydrogenase subunit GlpB	glpB	0	protein-coding		WP_000667146.1	419	IUJ38_RS05745
NZ_CP064385.1	1138688	1139878		plus	anaerobic glycerol-3-phosphate dehydrogenase subunit GlpC	glpC	0	protein-coding		WP_001285726.1	396	IUJ38_RS05750
NZ_CP064385.1	1140304	1141326		plus	SPI-2 type III secretion system effector deubiquitinase SseL	sseL	0	protein-coding		WP_001017721.1	340	IUJ38_RS05755
NZ_CP064385.1	1141436	1141612		minus	hypothetical protein		0	protein-coding		WP_001112763.1	58	IUJ38_RS05760
NZ_CP064385.1	1141618	1142421		minus	2-keto-3-deoxy-L-rhamnonate aldolase	yfaU	0	protein-coding		WP_000992941.1	267	IUJ38_RS05765
NZ_CP064385.1	1142447	1143736		minus	MFS transporter		0	protein-coding		WP_000028931.1	429	IUJ38_RS05770
NZ_CP064385.1	1143792	1144997		minus	L-rhamnonate dehydratase	rhmD	0	protein-coding		WP_001521492.1	401	IUJ38_RS05775
NZ_CP064385.1	1145011	1145793		minus	IclR family transcriptional regulator		0	protein-coding		WP_000894170.1	260	IUJ38_RS05780
NZ_CP064385.1	1146043	1147239		minus	nicotinamide mononucleotide deamidase-related protein YfaY		0	protein-coding		WP_000935674.1	398	IUJ38_RS05785
NZ_CP064385.1	1147354	1147896		minus	YfaZ family protein		0	protein-coding		WP_001670658.1	180	IUJ38_RS05790
NZ_CP064385.1	1148175	1148600		plus	nucleoside triphosphatase NudI	nudI	0	protein-coding		WP_001249900.1	141	IUJ38_RS05795
NZ_CP064385.1	1148645	1149250		minus	lipopolysaccharide core heptose(II)-phosphate phosphatase PmrG	pmrG	0	protein-coding		WP_000879248.1	201	IUJ38_RS05800
NZ_CP064385.1	1149549	1150688		plus	UDP-4-amino-4-deoxy-L-arabinose aminotransferase	arnB	0	protein-coding		WP_001279284.1	379	IUJ38_RS05805
NZ_CP064385.1	1150691	1151674		plus	undecaprenyl-phosphate 4-deoxy-4-formamido-L-arabinose transferase	arnC	0	protein-coding		WP_000458893.1	327	IUJ38_RS05810
NZ_CP064385.1	1151671	1153653		plus	bifunctional UDP-4-amino-4-deoxy-L-arabinose formyltransferase/UDP-glucuronic acid oxidase ArnA	arnA	0	protein-coding		WP_000648776.1	660	IUJ38_RS05815
NZ_CP064385.1	1153650	1154549		plus	4-deoxy-4-formamido-L-arabinose-phosphoundecaprenol deformylase	arnD	0	protein-coding		WP_000169761.1	299	IUJ38_RS05820
NZ_CP064385.1	1154546	1156192		plus	lipid IV(A) 4-amino-4-deoxy-L-arabinosyltransferase	arnT	0	protein-coding		WP_000978038.1	548	IUJ38_RS05825
NZ_CP064385.1	1156189	1156524		plus	4-amino-4-deoxy-L-arabinose-phosphoundecaprenol flippase subunit ArnE	arnE	0	protein-coding		WP_000580685.1	111	IUJ38_RS05830
NZ_CP064385.1	1156524	1156901		plus	4-amino-4-deoxy-L-arabinose-phosphoundecaprenol flippase subunit ArnF	arnF	0	protein-coding		WP_000538694.1	125	IUJ38_RS05835
NZ_CP064385.1	1156896	1157153		minus	signal transduction protein PmrD	pmrD	0	protein-coding		WP_000455132.1	85	IUJ38_RS05840
NZ_CP064385.1	1157251	1158618		minus	o-succinylbenzoate--CoA ligase	menE	0	protein-coding		WP_000144677.1	455	IUJ38_RS05845
NZ_CP064385.1	1158615	1159577		minus	o-succinylbenzoate synthase	menC	0	protein-coding		WP_001255561.1	320	IUJ38_RS05850
NZ_CP064385.1	1159577	1160434		minus	1,4-dihydroxy-2-naphthoyl-CoA synthase	menB	0	protein-coding		WP_000640013.1	285	IUJ38_RS05855
NZ_CP064385.1	1160449	1161207		minus	2-succinyl-6-hydroxy-2,4-cyclohexadiene-1-carboxylate synthase	menH	0	protein-coding		WP_000979146.1	252	IUJ38_RS05860
NZ_CP064385.1	1161204	1162874		minus	2-succinyl-5-enolpyruvyl-6-hydroxy-3-cyclohexene-1-carboxylic-acid synthase	menD	0	protein-coding		WP_000116392.1	556	IUJ38_RS05865
NZ_CP064385.1	1162960	1164255		minus	isochorismate synthase MenF	menF	0	protein-coding		WP_000555674.1	431	IUJ38_RS05870
NZ_CP064385.1	1164356	1164661		minus	stress response protein ElaB	elaB	0	protein-coding		WP_001522308.1	101	IUJ38_RS05875
NZ_CP064385.1	1164716	1165177		minus	GNAT family N-acetyltransferase		0	protein-coding		WP_000568155.1	153	IUJ38_RS05880
NZ_CP064385.1	1165238	1166155		plus	ribonuclease BN	rbn	0	protein-coding		WP_000419093.1	305	IUJ38_RS05885
NZ_CP064385.1	1166221	1167222		plus	chemotaxis protein		0	protein-coding		WP_000368558.1	333	IUJ38_RS05890
NZ_CP064385.1	1167263	1169044		minus	vWA domain-containing protein		0	protein-coding		WP_000931746.1	593	IUJ38_RS05895
NZ_CP064385.1	1169564	1169671		plus	hypothetical protein		0	protein-coding		WP_001674899.1	35	IUJ38_RS05900
NZ_CP064385.1	1169932	1171389		minus	NADH-quinone oxidoreductase subunit NuoN	nuoN	0	protein-coding		WP_000156667.1	485	IUJ38_RS05905
NZ_CP064385.1	1171396	1172925		minus	NADH-quinone oxidoreductase subunit M	nuoM	0	protein-coding		WP_000926431.1	509	IUJ38_RS05910
NZ_CP064385.1	1173239	1175080		minus	NADH-quinone oxidoreductase subunit L	nuoL	0	protein-coding		WP_001056582.1	613	IUJ38_RS05915
NZ_CP064385.1	1175077	1175379		minus	NADH-quinone oxidoreductase subunit NuoK	nuoK	0	protein-coding		WP_000612687.1	100	IUJ38_RS05920
NZ_CP064385.1	1175376	1175930		minus	NADH-quinone oxidoreductase subunit J	nuoJ	0	protein-coding		WP_000393522.1	184	IUJ38_RS05925
NZ_CP064385.1	1175941	1176483		minus	NADH-quinone oxidoreductase subunit NuoI	nuoI	0	protein-coding		WP_000172747.1	180	IUJ38_RS05930
NZ_CP064385.1	1176498	1177475		minus	NADH-quinone oxidoreductase subunit NuoH	nuoH	0	protein-coding		WP_000118515.1	325	IUJ38_RS05935
NZ_CP064385.1	1177472	1180198		minus	NADH-quinone oxidoreductase subunit NuoG	nuoG	0	protein-coding		WP_001518099.1	908	IUJ38_RS05940
NZ_CP064385.1	1180229	1181566		minus	NADH-quinone oxidoreductase subunit NuoF	nuoF	0	protein-coding		WP_000800048.1	445	IUJ38_RS05945
NZ_CP064385.1	1181563	1182063		minus	NADH-quinone oxidoreductase subunit NuoE	nuoE	0	protein-coding		WP_000545038.1	166	IUJ38_RS05950
NZ_CP064385.1	1182066	1183868		minus	NADH-quinone oxidoreductase subunit C/D	nuoC	0	protein-coding		WP_000247855.1	600	IUJ38_RS05955
NZ_CP064385.1	1183955	1184617		minus	NADH-quinone oxidoreductase subunit NuoB	nuoB	0	protein-coding		WP_000386728.1	220	IUJ38_RS05960
NZ_CP064385.1	1184633	1185076		minus	NADH-quinone oxidoreductase subunit NuoA	nuoA	0	protein-coding		WP_000062993.1	147	IUJ38_RS05965
NZ_CP064385.1	1185471	1185623		minus	STM2329 family putative cytoplasmic protein		0	protein-coding		WP_001522276.1	50	IUJ38_RS05970
NZ_CP064385.1	1185703	1186641		minus	transcriptional regulator LrhA	lrhA	0	protein-coding		WP_000606288.1	312	IUJ38_RS05975
NZ_CP064385.1	1187573	1188787		plus	alanine transaminase AlaA	alaA	0	protein-coding		WP_000074540.1	404	IUJ38_RS05980
NZ_CP064385.1	1188881	1189480		plus	5'-deoxynucleotidase	yfbR	0	protein-coding		WP_000813882.1	199	IUJ38_RS05985
NZ_CP064385.1	1189572	1191398		minus	SLC13 family permease		0	protein-coding		WP_001012861.1	608	IUJ38_RS05990
NZ_CP064385.1	1191475	1192152		minus	sugar phosphatase		0	protein-coding		WP_014343872.1	225	IUJ38_RS05995
NZ_CP064385.1	1192145	1192639		minus	YfbU family protein		0	protein-coding		WP_000426135.1	164	IUJ38_RS06000
NZ_CP064385.1	1192722	1193177		minus	terminus macrodomain insulation protein YfbV	yfbV	0	protein-coding		WP_000106617.1	151	IUJ38_RS06005
NZ_CP064385.1	1193517	1194719		plus	acetate kinase	ackA	0	protein-coding		WP_000095689.1	400	IUJ38_RS06010
NZ_CP064385.1	1194796	1196940		plus	phosphate acetyltransferase	pta	0	protein-coding		WP_000086692.1	714	IUJ38_RS06015
NZ_CP064385.1	1197158	1198678		plus	putative basic amino acid antiporter YfcC	yfcC	0	protein-coding		WP_000117932.1	506	IUJ38_RS06020
NZ_CP064385.1	1198727	1199680		minus	transketolase family protein		0	protein-coding		WP_000593016.1	317	IUJ38_RS06025
NZ_CP064385.1	1199673	1200503		minus	transketolase		0	protein-coding		WP_001103265.1	276	IUJ38_RS06030
NZ_CP064385.1	1200500	1201891		minus	PTS ascorbate transporter subunit IIC		0	protein-coding		WP_001522266.1	463	IUJ38_RS06035
NZ_CP064385.1	1201912	1202184		minus	PTS sugar transporter subunit IIB		0	protein-coding		WP_000699818.1	90	IUJ38_RS06040
NZ_CP064385.1	1202265	1202708		minus	PTS sugar transporter subunit IIA		0	protein-coding		WP_000901812.1	147	IUJ38_RS06045
NZ_CP064385.1	1202961	1203980		plus	LacI family DNA-binding transcriptional regulator		0	protein-coding		WP_000026949.1	339	IUJ38_RS06050
NZ_CP064385.1	1203986	1204540		minus	NUDIX hydrolase YfcD	yfcD	0	protein-coding		WP_000230215.1	184	IUJ38_RS06055
NZ_CP064385.1	1204597	1205148		minus	phosphodiesterase	yfcE	0	protein-coding		WP_000772458.1	183	IUJ38_RS06060
NZ_CP064385.1	1205204	1205848		minus	glutathione transferase	yfcF	0	protein-coding		WP_000043010.1	214	IUJ38_RS06065
NZ_CP064385.1	1205991	1206638		plus	GSH-dependent disulfide bond oxidoreductase	yfcG	0	protein-coding		WP_000566563.1	215	IUJ38_RS06070
NZ_CP064385.1	1206764	1207657		plus	TIGR01777 family oxidoreductase		0	protein-coding		WP_001166274.1	297	IUJ38_RS06075
NZ_CP064385.1	1207709	1208482		minus	histidine ABC transporter ATP-binding protein HisP	hisP	0	protein-coding		WP_001293591.1	257	IUJ38_RS06080
NZ_CP064385.1	1208496	1209203		minus	histidine ABC transporter permease HisM	hisM	0	protein-coding		WP_000569771.1	235	IUJ38_RS06085
NZ_CP064385.1	1209200	1209886		minus	histidine ABC transporter permease HisQ		0	protein-coding		WP_000965498.1	228	IUJ38_RS06090
NZ_CP064385.1	1210069	1210851		minus	histidine ABC transporter substrate-binding protein HisJ	hisJ	0	protein-coding		WP_000731868.1	260	IUJ38_RS06095
NZ_CP064385.1	1211089	1211871		minus	lysine/arginine/ornithine ABC transporter substrate-binding protein ArgT	argT	0	protein-coding		WP_000754423.1	260	IUJ38_RS06100
NZ_CP064385.1	1212160	1212729		minus	UbiX family flavin prenyltransferase		0	protein-coding		WP_000825682.1	189	IUJ38_RS06105
NZ_CP064385.1	1212756	1214162		minus	amino acid permease		0	protein-coding		WP_000380357.1	468	IUJ38_RS06110
NZ_CP064385.1	1214226	1215329		minus	alanine/ornithine racemase family PLP-dependent enzyme		0	protein-coding		WP_000281907.1	367	IUJ38_RS06115
NZ_CP064385.1	1215331	1216752		minus	APC family permease		0	protein-coding		WP_000072512.1	473	IUJ38_RS06120
NZ_CP064385.1	1216843	1218240		minus	ornithine/lysine decarboxylase DokD		0	protein-coding		WP_000132305.1	465	IUJ38_RS06125
NZ_CP064385.1	1218451	1219878		plus	sigma-54 interaction domain-containing protein		0	protein-coding		WP_000168925.1	475	IUJ38_RS06130
NZ_CP064385.1	1219914	1221431		minus	amidophosphoribosyltransferase	purF	0	protein-coding		WP_000334204.1	505	IUJ38_RS06135
NZ_CP064385.1	1221469	1221957		minus	colicin V production protein	cvpA	0	protein-coding		WP_000262102.1	162	IUJ38_RS06140
NZ_CP064385.1	1222268	1222942		minus	cell division protein DedD	dedD	0	protein-coding		WP_000157037.1	224	IUJ38_RS06145
NZ_CP064385.1	1222932	1224200		minus	bifunctional tetrahydrofolate synthase/dihydrofolate synthase	folC	0	protein-coding		WP_000792275.1	422	IUJ38_RS06150
NZ_CP064385.1	1224268	1225182		minus	acetyl-CoA carboxylase, carboxyltransferase subunit beta	accD	0	protein-coding		WP_000118383.1	304	IUJ38_RS06155
NZ_CP064385.1	1225332	1225991		minus	DedA family protein		0	protein-coding		WP_000364318.1	219	IUJ38_RS06160
NZ_CP064385.1	1226040	1226852		minus	tRNA pseudouridine(38-40) synthase TruA	truA	0	protein-coding		WP_000016626.1	270	IUJ38_RS06165
NZ_CP064385.1	1226852	1227865		minus	aspartate-semialdehyde dehydrogenase		0	protein-coding		WP_001289141.1	337	IUJ38_RS06170
NZ_CP064385.1	1227933	1229069		minus	4-phosphoerythronate dehydrogenase PdxB	pdxB	0	protein-coding		WP_000699178.1	378	IUJ38_RS06175
NZ_CP064385.1	1229173	1230174		plus	flagella biosynthesis regulator Flk	flk	0	protein-coding		WP_000553395.1	333	IUJ38_RS06180
NZ_CP064385.1	1230171	1231349		minus	MFS transporter		0	protein-coding		WP_000127734.1	392	IUJ38_RS06185
NZ_CP064385.1	1231529	1231903		minus	MerR family transcriptional regulator		0	protein-coding		WP_001051266.1	124	IUJ38_RS06190
NZ_CP064385.1	1232076	1232324		plus	helix-turn-helix domain-containing protein		0	protein-coding		WP_000433423.1	82	IUJ38_RS06195
NZ_CP064385.1	1232493	1232861		plus	NlpC/P60 family protein		0	protein-coding		WP_000118256.1	122	IUJ38_RS06200
NZ_CP064385.1	1232861	1233379		plus	YqhG/Tai3 family protein		0	protein-coding		WP_000847540.1	172	IUJ38_RS06205
NZ_CP064385.1	1233446	1234102		minus	CPBP family intramembrane glutamic endopeptidase		0	protein-coding		WP_001142899.1	218	IUJ38_RS06210
NZ_CP064385.1	1234200	1235414		minus	beta-ketoacyl-ACP synthase I	fabB	0	protein-coding		WP_000817161.1	404	IUJ38_RS06215
NZ_CP064385.1	1235574	1237574		plus	bifunctional tRNA (5-methylaminomethyl-2-thiouridine)(34)-methyltransferase MnmC2/FAD-dependent 5-carboxymethylaminomethyl-2-thiouridine(34) oxidoreductase MnmC1	mnmC	0	protein-coding		WP_000816091.1	666	IUJ38_RS06220
NZ_CP064385.1	1237626	1237901		minus	YfcL family protein		0	protein-coding		WP_000559749.1	91	IUJ38_RS06225
NZ_CP064385.1	1237934	1238482		minus	elongation factor P hydroxylase		0	protein-coding		WP_001066345.1	182	IUJ38_RS06230
NZ_CP064385.1	1238482	1239291		minus	sulfite exporter TauE/SafE family protein		0	protein-coding		WP_000368599.1	269	IUJ38_RS06235
NZ_CP064385.1	1239291	1240115		minus	penicillin-insensitive murein endopeptidase	mepA	0	protein-coding		WP_000750428.1	274	IUJ38_RS06240
NZ_CP064385.1	1240119	1241204		minus	chorismate synthase	aroC	0	protein-coding		WP_000918456.1	361	IUJ38_RS06245
NZ_CP064385.1	1241240	1242172		minus	50S ribosomal protein L3 N(5)-glutamine methyltransferase	prmB	0	protein-coding		WP_001542329.1	310	IUJ38_RS06250
NZ_CP064385.1	1242338	1242889		plus	endonuclease SmrB	smrB	0	protein-coding		WP_000730794.1	183	IUJ38_RS06255
NZ_CP064385.1	1242989	1243474		minus	phosphohistidine phosphatase SixA	sixA	0	protein-coding		WP_001195800.1	161	IUJ38_RS06260
NZ_CP064385.1	1243683	1245830		minus	fatty acid oxidation complex subunit alpha FadJ	fadJ	0	protein-coding		WP_000214154.1	715	IUJ38_RS06265
NZ_CP064385.1	1245830	1247140		minus	acetyl-CoA C-acyltransferase FadI	fadI	0	protein-coding		WP_001248125.1	436	IUJ38_RS06270
NZ_CP064385.1	1247318	1247602		minus	YfcZ/YiiS family protein		0	protein-coding		WP_000030904.1	94	IUJ38_RS06275
NZ_CP064385.1	1247973	1249280		plus	long-chain fatty acid transporter FadL	fadL	0	protein-coding		WP_001518618.1	435	IUJ38_RS06280
NZ_CP064385.1	1249341	1250096		minus	phospholipid-binding lipoprotein MlaA	mlaA	0	protein-coding		WP_000776787.1	251	IUJ38_RS06285
NZ_CP064385.1	1250385	1251326		plus	formate/nitrite transporter family protein		0	protein-coding		WP_000377774.1	313	IUJ38_RS06290
NZ_CP064385.1	1251402	1251476		plus	tRNA-Arg		0	tRNA				IUJ38_RS06295
NZ_CP064385.1	1251633	1252571		minus	omptin family outer membrane protease PgtE	pgtE	0	protein-coding		WP_000716007.1	312	IUJ38_RS06300
NZ_CP064385.1	1252839	1254086		minus	two-component system response regulator PgtA	pgtA	0	protein-coding		WP_000930843.1	415	IUJ38_RS06305
NZ_CP064385.1	1254076	1256082		minus	two-component system sensor histidine kinase PgtB	pgtB	0	protein-coding		WP_000678496.1	668	IUJ38_RS06310
NZ_CP064385.1	1256079	1257272		minus	phosphoglycerate transport regulator PgtC	pgtC	0	protein-coding		WP_000467983.1	397	IUJ38_RS06315
NZ_CP064385.1	1257708	1259099		plus	phosphoglycerate transporter PgtP	pgtP	0	protein-coding		WP_000955748.1	463	IUJ38_RS06320
NZ_CP064385.1	1259375	1259617		minus	YfdY family protein		0	protein-coding		WP_000639889.1	80	IUJ38_RS06325
NZ_CP064385.1	1260139	1261059		plus	kdo(2)-lipid IV(A) palmitoleoyltransferase	lpxP	0	protein-coding		WP_000484423.1	306	IUJ38_RS06330
NZ_CP064385.1	1261462	1261533		plus	membrane protein YpdK	ypdK	0	protein-coding		WP_010723117.1	23	IUJ38_RS06335
NZ_CP064385.1	1261583	1262821		minus	alanine transaminase	alaC	0	protein-coding		WP_000763118.1	412	IUJ38_RS06340
NZ_CP064385.1	1263542	1264507		minus	glucokinase	glk	0	protein-coding		WP_000170380.1	321	IUJ38_RS06345
NZ_CP064385.1	1264711	1265946		plus	ion channel protein		0	protein-coding		WP_000468920.1	411	IUJ38_RS06350
NZ_CP064385.1	1265966	1267618		minus	alpha-keto acid decarboxylase family protein		0	protein-coding		WP_001180855.1	550	IUJ38_RS06355
NZ_CP064385.1	1267798	1268796		plus	L-glyceraldehyde 3-phosphate reductase	mgrA	0	protein-coding		WP_000640293.1	332	IUJ38_RS06360
NZ_CP064385.1	1268910	1269236		plus	DUF2502 domain-containing protein YpeC	ypeC	0	protein-coding		WP_000490091.1	108	IUJ38_RS06365
NZ_CP064385.1	1269297	1270538		minus	Nramp family divalent metal transporter		0	protein-coding		WP_000131735.1	413	IUJ38_RS06370
NZ_CP064385.1	1270531	1270608		minus	hypothetical protein		0	protein-coding		WP_418144572.1	25	IUJ38_RS24305
NZ_CP064385.1	1270881	1272083		plus	nucleoside permease NupC	nupC	0	protein-coding		WP_000376347.1	400	IUJ38_RS06375
NZ_CP064385.1	1272136	1274325		minus	EAL domain-containing protein		0	protein-coding		WP_001112946.1	729	IUJ38_RS06380
NZ_CP064385.1	1274516	1274591		minus	tRNA-Ala		0	tRNA				IUJ38_RS06385
NZ_CP064385.1	1274634	1274709		minus	tRNA-Ala		0	tRNA				IUJ38_RS06390
NZ_CP064385.1	1274931	1275293		plus	MerR family transcriptional regulator		0	protein-coding		WP_000472034.1	120	IUJ38_RS06395
NZ_CP064385.1	1275295	1275687		plus	MerR family transcriptional regulator		0	protein-coding		WP_000826514.1	130	IUJ38_RS06400
NZ_CP064385.1	1275741	1277156		minus	glutamate--tRNA ligase	gltX	0	protein-coding		WP_000695623.1	471	IUJ38_RS06405
NZ_CP064385.1	1277415	1277490		plus	tRNA-Val		0	tRNA				IUJ38_RS06410
NZ_CP064385.1	1277536	1277611		plus	tRNA-Val		0	tRNA				IUJ38_RS06415
NZ_CP064385.1	1277653	1277728		plus	tRNA-Val		0	tRNA				IUJ38_RS06420
NZ_CP064385.1	1277733	1277808		plus	tRNA-Lys		0	tRNA				IUJ38_RS06425
NZ_CP064385.1	1277972	1278856		minus	LysR family transcriptional regulator		0	protein-coding		WP_000438890.1	294	IUJ38_RS06430
NZ_CP064385.1	1278908	1279066		minus	XapX domain-containing protein		0	protein-coding		WP_000658727.1	52	IUJ38_RS06435
NZ_CP064385.1	1279125	1280381		minus	nucleoside permease		0	protein-coding		WP_000513241.1	418	IUJ38_RS06440
NZ_CP064385.1	1280436	1281269		minus	xanthosine phosphorylase	xapA	0	protein-coding		WP_001119758.1	277	IUJ38_RS06445
NZ_CP064385.1	1281525	1282286		plus	outer membrane protein		0	protein-coding		WP_000722926.1	253	IUJ38_RS06450
NZ_CP064385.1	1282348	1283274		minus	LysR family transcriptional regulator		0	protein-coding		WP_001109831.1	308	IUJ38_RS06455
NZ_CP064385.1	1283364	1284362		plus	bile acid:sodium symporter family protein		0	protein-coding		WP_000765569.1	332	IUJ38_RS06460
NZ_CP064385.1	1284359	1284577		minus	DUF3820 family protein		0	protein-coding		WP_001519708.1	72	IUJ38_RS06465
NZ_CP064385.1	1284579	1286594		minus	NAD-dependent DNA ligase LigA	ligA	0	protein-coding		WP_000433266.1	671	IUJ38_RS06470
NZ_CP064385.1	1286666	1287652		minus	cell division protein ZipA	zipA	0	protein-coding		WP_000983126.1	328	IUJ38_RS06475
NZ_CP064385.1	1287884	1288645		plus	sulfate transporter CysZ	cysZ	0	protein-coding		WP_000255006.1	253	IUJ38_RS06480
NZ_CP064385.1	1288809	1289780		plus	cysteine synthase A	cysK	0	protein-coding		WP_000036904.1	323	IUJ38_RS06485
NZ_CP064385.1	1290164	1290421		plus	phosphocarrier protein Hpr	ptsH	0	protein-coding		WP_000487600.1	85	IUJ38_RS06490
NZ_CP064385.1	1290470	1292197		plus	phosphoenolpyruvate-protein phosphotransferase PtsI	ptsI	0	protein-coding		WP_000623114.1	575	IUJ38_RS06495
NZ_CP064385.1	1292238	1292747		plus	PTS glucose transporter subunit IIA	crr	0	protein-coding		WP_000522253.1	169	IUJ38_RS06500
NZ_CP064385.1	1292896	1293135		minus	hypothetical protein		0	protein-coding		WP_000844541.1	79	IUJ38_RS06505
NZ_CP064385.1	1293132	1293998		minus	pyridoxine/pyridoxal/pyridoxamine kinase	pdxK	0	protein-coding		WP_000529613.1	288	IUJ38_RS06510
NZ_CP064385.1	1294081	1295373		plus	MocR-like B6 salvage transcription factor PtsJ	ptsJ	0	protein-coding		WP_000565119.1	430	IUJ38_RS06515
NZ_CP064385.1	1295388	1296107		plus	type 1 glutamine amidotransferase		0	protein-coding		WP_001263761.1	239	IUJ38_RS06520
NZ_CP064385.1	1296166	1296546		plus	YfeK family protein		0	protein-coding		WP_000710730.1	126	IUJ38_RS06525
NZ_CP064385.1	1296559	1297098		plus	transglycosylase domain-containing protein		0	protein-coding		WP_001119682.1	179	IUJ38_RS06530
NZ_CP064385.1	1297229	1298140		minus	cysteine synthase CysM	cysM	0	protein-coding		WP_001093886.1	303	IUJ38_RS06535
NZ_CP064385.1	1298208	1299305		minus	sulfate/thiosulfate ABC transporter ATP-binding protein CysA	cysA	0	protein-coding		WP_000021076.1	365	IUJ38_RS06540
NZ_CP064385.1	1299295	1300170		minus	sulfate/thiosulfate ABC transporter permease CysW	cysW	0	protein-coding		WP_000852705.1	291	IUJ38_RS06545
NZ_CP064385.1	1300170	1301003		minus	sulfate/thiosulfate ABC transporter permease CysT	cysT	0	protein-coding		WP_000881745.1	277	IUJ38_RS06550
NZ_CP064385.1	1301003	1302019		minus	thiosulfate/sulfate ABC transporter substrate-binding protein CysP	cysP	0	protein-coding		WP_000290275.1	338	IUJ38_RS06555
NZ_CP064385.1	1302177	1302968		minus	SDR family oxidoreductase UcpA	ucpA	0	protein-coding		WP_000517460.1	263	IUJ38_RS06560
NZ_CP064385.1	1303206	1304105		minus	porphyrinogen peroxidase	yfeX	0	protein-coding		WP_000084583.1	299	IUJ38_RS06565
NZ_CP064385.1	1304200	1304775		minus	RpoE-regulated lipoprotein		0	protein-coding		WP_000838976.1	191	IUJ38_RS06570
NZ_CP064385.1	1304837	1305286		minus	DUF2919 domain-containing protein		0	protein-coding		WP_000842932.1	149	IUJ38_RS06575
NZ_CP064385.1	1305273	1305698		minus	GNAT family acetyltransferase		0	protein-coding		WP_000406008.1	141	IUJ38_RS06580
NZ_CP064385.1	1305911	1306780		plus	N-acetylmuramoyl-L-alanine amidase AmiA	amiA	0	protein-coding		WP_000102881.1	289	IUJ38_RS06585
NZ_CP064385.1	1306783	1307682		plus	oxygen-dependent coproporphyrinogen oxidase	hemF	0	protein-coding		WP_000801350.1	299	IUJ38_RS06590
NZ_CP064385.1	1307703	1308032		plus	hypothetical protein		0	protein-coding		WP_001194344.1	109	IUJ38_RS06595
NZ_CP064385.1	1308161	1309438		plus	DUF1963 domain-containing protein		0	protein-coding		WP_000344439.1	425	IUJ38_RS06600
NZ_CP064385.1	1309638	1310690		minus	HTH-type transcriptional regulator EutR	eutR	0	protein-coding		WP_000753665.1	350	IUJ38_RS06605
NZ_CP064385.1	1310738	1311232		minus	ethanolamine utilization microcompartment protein EutK	eutK	0	protein-coding		WP_000606266.1	164	IUJ38_RS06610
NZ_CP064385.1	1311245	1311904		minus	ethanolamine utilization microcompartment protein EutL	eutL	0	protein-coding		WP_001111056.1	219	IUJ38_RS06615
NZ_CP064385.1	1311914	1312810		minus	ethanolamine ammonia-lyase subunit EutC	eutC	0	protein-coding		WP_000372335.1	298	IUJ38_RS06620
NZ_CP064385.1	1312829	1314190		minus	ethanolamine ammonia-lyase subunit alpha	eutB	0	protein-coding		WP_000769990.1	453	IUJ38_RS06625
NZ_CP064385.1	1314202	1315605		minus	ethanolamine ammonia-lyase reactivating factor EutA	eutA	0	protein-coding		WP_001097535.1	467	IUJ38_RS06630
NZ_CP064385.1	1315602	1316828		minus	ethanolamine utilization protein EutH	eutH	0	protein-coding		WP_000512359.1	408	IUJ38_RS06635
NZ_CP064385.1	1316948	1318135		minus	ethanolamine utilization ethanol dehydrogenase EutG	eutG	0	protein-coding		WP_001147500.1	395	IUJ38_RS06640
NZ_CP064385.1	1318125	1318964		minus	ethanolamine utilization protein EutJ	eutJ	0	protein-coding		WP_000929675.1	279	IUJ38_RS06645
NZ_CP064385.1	1318975	1320378		minus	aldehyde dehydrogenase family protein		0	protein-coding		WP_001075640.1	467	IUJ38_RS06650
NZ_CP064385.1	1320390	1320677		minus	ethanolamine utilization microcompartment protein EutN	eutN	0	protein-coding		WP_001522340.1	95	IUJ38_RS06655
NZ_CP064385.1	1320790	1321080		minus	ethanolamine utilization microcompartment protein EutM	eutM	0	protein-coding		WP_000387716.1	96	IUJ38_RS06660
NZ_CP064385.1	1321121	1322137		minus	phosphate acetyltransferase	pta	0	protein-coding		WP_000582931.1	338	IUJ38_RS06665
NZ_CP064385.1	1322134	1322937		minus	ethanolamine utilization cob(I)yrinic acid a,c-diamide adenosyltransferase EutT	eutT	0	protein-coding		WP_000997656.1	267	IUJ38_RS06670
NZ_CP064385.1	1322934	1323623		minus	ethanolamine utilization acetate kinase EutQ	eutQ	0	protein-coding		WP_000733867.1	229	IUJ38_RS06675
NZ_CP064385.1	1323601	1324080		minus	ethanolamine utilization acetate kinase EutP	eutP	0	protein-coding		WP_000820751.1	159	IUJ38_RS06680
NZ_CP064385.1	1324093	1324428		minus	ethanolamine utilization microcompartment protein EutS	eutS	0	protein-coding		WP_001031445.1	111	IUJ38_RS06685
NZ_CP064385.1	1324909	1325367		minus	IS200/IS605-like element IS200F family transposase	tnpA	0	protein-coding		WP_000502119.1	152	IUJ38_RS06690
NZ_CP064385.1	1325557	1327836		minus	NADP-dependent oxaloacetate-decarboxylating malate dehydrogenase	maeB	0	protein-coding		WP_000344297.1	759	IUJ38_RS06695
NZ_CP064385.1	1328108	1329058		plus	transaldolase	tal	0	protein-coding		WP_001072448.1	316	IUJ38_RS06700
NZ_CP064385.1	1329078	1331078		plus	transketolase	tkt	0	protein-coding		WP_000087326.1	666	IUJ38_RS06705
NZ_CP064385.1	1331141	1331371		minus	hypothetical protein		0	protein-coding		WP_000700635.1	76	IUJ38_RS06710
NZ_CP064385.1	1331499	1332542		minus	DUF1176 domain-containing protein		0	protein-coding		WP_001270673.1	347	IUJ38_RS06715
NZ_CP064385.1	1332667	1333242		minus	GDP-mannose pyrophosphatase NudK	nudK	0	protein-coding		WP_000084037.1	191	IUJ38_RS06720
NZ_CP064385.1	1333446	1334744		plus	penicillin binding protein PBP4B	pbp4b	0	protein-coding		WP_000673300.1	432	IUJ38_RS06725
NZ_CP064385.1	1335193	1337154		minus	formate-dependent uric acid utilization protein AegA	aegA	0	protein-coding		WP_001078938.1	653	IUJ38_RS06730
NZ_CP064385.1	1337340	1339040		plus	nitrate/nitrite two-component system sensor histidine kinase NarQ	narQ	0	protein-coding		WP_000216821.1	566	IUJ38_RS06735
NZ_CP064385.1	1339225	1342338		plus	multidrug efflux RND transporter permease AcrD	acrD	0	protein-coding		WP_001263078.1	1037	IUJ38_RS06740
NZ_CP064385.1	1342440	1342499		minus	protein YpfM	ypfM	0	protein-coding		WP_001386977.1	19	IUJ38_RS06745
NZ_CP064385.1	1342912	1343268		plus	ArsC family reductase		0	protein-coding		WP_000631921.1	118	IUJ38_RS06750
NZ_CP064385.1	1343272	1344399		plus	succinyl-diaminopimelate desuccinylase	dapE	0	protein-coding		WP_001277825.1	375	IUJ38_RS06755
NZ_CP064385.1	1344427	1344627		plus	YpfN family protein		0	protein-coding		WP_000383839.1	66	IUJ38_RS06760
NZ_CP064385.1	1344654	1346672		minus	tRNA cytosine(34) acetyltransferase TmcA	tmcA	0	protein-coding		WP_001279831.1	672	IUJ38_RS06765
NZ_CP064385.1	1346688	1347551		minus	KPN_02809 family neutral zinc metallopeptidase	ypfJ	0	protein-coding		WP_001267523.1	287	IUJ38_RS06770
NZ_CP064385.1	1347682	1348395		minus	phosphoribosylaminoimidazolesuccinocarboxamide synthase	purC	0	protein-coding		WP_001171630.1	237	IUJ38_RS06775
NZ_CP064385.1	1348570	1349604		minus	outer membrane protein assembly factor BamC	bamC	0	protein-coding		WP_000331877.1	344	IUJ38_RS06780
NZ_CP064385.1	1349621	1350499		minus	4-hydroxy-tetrahydrodipicolinate synthase	dapA	0	protein-coding		WP_000494020.1	292	IUJ38_RS06785
NZ_CP064385.1	1350645	1351217		plus	glycine cleavage system transcriptional repressor		0	protein-coding		WP_000189061.1	190	IUJ38_RS06790
NZ_CP064385.1	1351217	1351687		plus	thioredoxin-dependent thiol peroxidase	bcp	0	protein-coding		WP_001068686.1	156	IUJ38_RS06795
NZ_CP064385.1	1351737	1352057		minus	uncharacterized gene		0	pseudogene				IUJ38_RS06800
NZ_CP064385.1	1352274	1353341		minus	AI-2E family transporter		0	protein-coding		WP_000892056.1	355	IUJ38_RS06805
NZ_CP064385.1	1353549	1355012		plus	beta-barrel assembly-enhancing protease	bepA	0	protein-coding		WP_000489630.1	487	IUJ38_RS06810
NZ_CP064385.1	1355052	1355411		plus	arsenate reductase (glutaredoxin)	arsC	0	protein-coding		WP_000132648.1	119	IUJ38_RS06815
NZ_CP064385.1	1355438	1356139		minus	DnaA inactivator Hda		0	protein-coding		WP_061835882.1	233	IUJ38_RS06820
NZ_CP064385.1	1356234	1357523		minus	uracil permease	uraA	0	protein-coding		WP_000198335.1	429	IUJ38_RS06825
NZ_CP064385.1	1357611	1358237		minus	uracil phosphoribosyltransferase	upp	0	protein-coding		WP_000706208.1	208	IUJ38_RS06830
NZ_CP064385.1	1358651	1359688		plus	phosphoribosylformylglycinamidine cyclo-ligase	purM	0	protein-coding		WP_000130477.1	345	IUJ38_RS06835
NZ_CP064385.1	1359688	1360326		plus	phosphoribosylglycinamide formyltransferase	purN	0	protein-coding		WP_001028593.1	212	IUJ38_RS06840
NZ_CP064385.1	1360515	1362581		plus	polyphosphate kinase 1	ppk1	0	protein-coding		WP_000529555.1	688	IUJ38_RS06845
NZ_CP064385.1	1362586	1364127		plus	exopolyphosphatase	ppx	0	protein-coding		WP_001123330.1	513	IUJ38_RS06850
NZ_CP064385.1	1364163	1366376		minus	bifunctional diguanylate cyclase/phosphodiesterase		0	protein-coding		WP_000773647.1	737	IUJ38_RS06855
NZ_CP064385.1	1366473	1366610		minus	hypothetical protein		0	protein-coding		WP_001540598.1	45	IUJ38_RS06860
NZ_CP064385.1	1366789	1366980		plus	YfgG family protein		0	protein-coding		WP_000075924.1	63	IUJ38_RS06865
NZ_CP064385.1	1367059	1367295		minus	hypothetical protein		0	protein-coding		WP_014343875.1	78	IUJ38_RS06870
NZ_CP064385.1	1367219	1367536		plus	uncharacterized gene		0	pseudogene				IUJ38_RS24195
NZ_CP064385.1	1367521	1367850		plus	DUF1493 family protein		0	protein-coding		WP_001738968.1	109	IUJ38_RS06875
NZ_CP064385.1	1367930	1368247		minus	uncharacterized gene		0	pseudogene				IUJ38_RS06880
NZ_CP064385.1	1368383	1369960		minus	glutamine-hydrolyzing GMP synthase	guaA	0	protein-coding		WP_000138256.1	525	IUJ38_RS06885
NZ_CP064385.1	1370030	1371496		minus	IMP dehydrogenase	guaB	0	protein-coding		WP_000944174.1	488	IUJ38_RS06890
NZ_CP064385.1	1371657	1373006		plus	exodeoxyribonuclease VII large subunit	xseA	0	protein-coding		WP_000953165.1	449	IUJ38_RS06895
NZ_CP064385.1	1373168	1379320		minus	fibronectin-binding autotransporter adhesin ShdA	shdA	0	protein-coding		WP_071591489.1	2050	IUJ38_RS06900
NZ_CP064385.1	1379880	1379966		minus	uncharacterized gene		0	pseudogene				IUJ38_RS06905
NZ_CP064385.1	1379981	1387288		minus	DUF823/DUF824 repeat adhesin RatB	ratB	0	protein-coding		WP_000837143.1	2435	IUJ38_RS06910
NZ_CP064385.1	1387454	1393051		minus	DUF823/DUF824 repeat adhesin RatA	ratA	0	protein-coding		WP_000375792.1	1865	IUJ38_RS06915
NZ_CP064385.1	1393171	1394130		minus	SinI family autotransporter-associated protein		0	protein-coding		WP_001149066.1	319	IUJ38_RS06920
NZ_CP064385.1	1394188	1396380		minus	intimin-like inverse autotransporter SinH	sinH	0	protein-coding		WP_000252220.1	730	IUJ38_RS06925
NZ_CP064385.1	1396726	1396947		minus	zinc ribbon domain-containing protein		0	protein-coding		WP_000406466.1	73	IUJ38_RS06930
NZ_CP064385.1	1397036	1398508		minus	ribosome biogenesis GTPase Der	der	0	protein-coding		WP_000249411.1	490	IUJ38_RS06935
NZ_CP064385.1	1398627	1399805		minus	outer membrane protein assembly factor BamB	bamB	0	protein-coding		WP_001177074.1	392	IUJ38_RS06940
NZ_CP064385.1	1399816	1400436		minus	YfgM family protein		0	protein-coding		WP_000409190.1	206	IUJ38_RS06945
NZ_CP064385.1	1400450	1401724		minus	histidine--tRNA ligase	hisS	0	protein-coding		WP_001107141.1	424	IUJ38_RS06950
NZ_CP064385.1	1401835	1402953		minus	flavodoxin-dependent (E)-4-hydroxy-3-methylbut-2-enyl-diphosphate synthase	ispG	0	protein-coding		WP_000551804.1	372	IUJ38_RS06955
NZ_CP064385.1	1402980	1403984		minus	cytoskeleton protein RodZ	rodZ	0	protein-coding		WP_001090890.1	334	IUJ38_RS06960
NZ_CP064385.1	1404276	1405442		minus	dual-specificity RNA methyltransferase RlmN		0	protein-coding		WP_000003211.1	388	IUJ38_RS06965
NZ_CP064385.1	1405649	1406080		minus	nucleoside-diphosphate kinase	ndk	0	protein-coding		WP_000963846.1	143	IUJ38_RS06970
NZ_CP064385.1	1406201	1407064		minus	4Fe-4S binding protein		0	protein-coding		WP_000247788.1	287	IUJ38_RS06975
NZ_CP064385.1	1407064	1407873		minus	dimethyl sulfoxide reductase anchor subunit family protein		0	protein-coding		WP_000544894.1	269	IUJ38_RS06980
NZ_CP064385.1	1407866	1408495		minus	DMSO/selenate family reductase complex B subunit		0	protein-coding		WP_000077436.1	209	IUJ38_RS06985
NZ_CP064385.1	1408492	1410870		minus	DmsA/YnfE/YnfF family dimethyl sulfoxide reductase		0	protein-coding		WP_001521637.1	792	IUJ38_RS06990
NZ_CP064385.1	1411026	1413341		minus	peptidoglycan glycosyltransferase PbpC	pbpC	0	protein-coding		WP_001014757.1	771	IUJ38_RS06995
NZ_CP064385.1	1413342	1418276		minus	alpha-2-macroglobulin family protein		0	protein-coding		WP_000681858.1	1644	IUJ38_RS07000
NZ_CP064385.1	1418485	1419327		plus	3-mercaptopyruvate sulfurtransferase	sseA	0	protein-coding		WP_000205241.1	280	IUJ38_RS07005
NZ_CP064385.1	1419574	1420242		plus	DUF5066 family protein		0	protein-coding		WP_000355342.1	222	IUJ38_RS07010
NZ_CP064385.1	1420658	1420774		plus	small toxic inner membrane protein TimP	timP	0	protein-coding		WP_242617172.1	38	IUJ38_RS07015
NZ_CP064385.1	1420811	1421587		minus	enhanced serine sensitivity protein SseB	sseB	0	protein-coding		WP_001533245.1	258	IUJ38_RS07020
NZ_CP064385.1	1421697	1422980		minus	aminopeptidase PepB	pepB	0	protein-coding		WP_000133541.1	427	IUJ38_RS07025
NZ_CP064385.1	1423227	1423427		minus	Fe-S cluster assembly protein IscX	iscX	0	protein-coding		WP_000523621.1	66	IUJ38_RS07030
NZ_CP064385.1	1423439	1423774		minus	ISC system 2Fe-2S type ferredoxin	fdx	0	protein-coding		WP_001124466.1	111	IUJ38_RS07035
NZ_CP064385.1	1423776	1425626		minus	Fe-S protein assembly chaperone HscA	hscA	0	protein-coding		WP_001196669.1	616	IUJ38_RS07040
NZ_CP064385.1	1425639	1426154		minus	co-chaperone HscB	hscB	0	protein-coding		WP_000384396.1	171	IUJ38_RS07045
NZ_CP064385.1	1426350	1426673		minus	iron-sulfur cluster assembly protein IscA	iscA	0	protein-coding		WP_000028952.1	107	IUJ38_RS07050
NZ_CP064385.1	1426702	1427088		minus	Fe-S cluster assembly scaffold IscU	iscU	0	protein-coding		WP_000331704.1	128	IUJ38_RS07055
NZ_CP064385.1	1427116	1428330		minus	cysteine desulfurase	iscS	0	protein-coding		WP_000775263.1	404	IUJ38_RS07060
NZ_CP064385.1	1428511	1429005		minus	Fe-S cluster assembly transcriptional regulator IscR	iscR	0	protein-coding		WP_001241346.1	164	IUJ38_RS07065
NZ_CP064385.1	1429165	1429896		minus	tRNA (cytosine(32)/uridine(32)-2'-O)-methyltransferase TrmJ	trmJ	0	protein-coding		WP_000940032.1	243	IUJ38_RS07070
NZ_CP064385.1	1430015	1430818		plus	inositol-1-monophosphatase	suhB	0	protein-coding		WP_000553467.1	267	IUJ38_RS07075
NZ_CP064385.1	1430963	1431841		plus	alpha/beta hydrolase		0	protein-coding		WP_000174944.1	292	IUJ38_RS07080
NZ_CP064385.1	1432023	1433066		plus	anaerobic sulfite reductase subunit AsrA	asrA	0	protein-coding		WP_000985204.1	347	IUJ38_RS07085
NZ_CP064385.1	1433070	1433888		plus	anaerobic sulfite reductase subunit AsrB	asrB	0	protein-coding		WP_000017587.1	272	IUJ38_RS07090
NZ_CP064385.1	1433899	1434912		plus	sulfite reductase subunit C	asrC	0	protein-coding		WP_000020685.1	337	IUJ38_RS07095
NZ_CP064385.1	1434913	1435899		minus	nickel/cobalt transporter		0	protein-coding		WP_000111027.1	328	IUJ38_RS07100
NZ_CP064385.1	1435890	1436528		minus	DUF1007 family protein		0	protein-coding		WP_000805728.1	212	IUJ38_RS07105
NZ_CP064385.1	1436654	1437931		plus	stationary phase inducible protein CsiE	csiE	0	protein-coding		WP_000982961.1	425	IUJ38_RS07110
NZ_CP064385.1	1437926	1439065		minus	3-phenylpropionate MFS transporter		0	protein-coding		WP_001173729.1	379	IUJ38_RS07115
NZ_CP064385.1	1439261	1440514		minus	serine hydroxymethyltransferase	glyA	0	protein-coding		WP_000919178.1	417	IUJ38_RS07120
NZ_CP064385.1	1440839	1442029		plus	NO-inducible flavohemoprotein	hmpA	0	protein-coding		WP_000883144.1	396	IUJ38_RS07125
NZ_CP064385.1	1442211	1443755		plus	lysine decarboxylation/transport transcriptional activator CadC	cadC	0	protein-coding		WP_001187150.1	514	IUJ38_RS07130
NZ_CP064385.1	1444116	1445447		plus	cadaverine/lysine antiporter	cadB	0	protein-coding		WP_000100008.1	443	IUJ38_RS07135
NZ_CP064385.1	1445530	1447674		plus	lysine decarboxylase CadA	cadA	0	protein-coding		WP_001100652.1	714	IUJ38_RS07140
NZ_CP064385.1	1447730	1449190		plus	dipeptide permease DtpD	dtpD	0	protein-coding		WP_000856793.1	486	IUJ38_RS07145
NZ_CP064385.1	1449239	1449577		minus	nitrogen regulatory protein P-II	glnB	0	protein-coding		WP_000717694.1	112	IUJ38_RS07150
NZ_CP064385.1	1449654	1450988		minus	two-component system response regulator GlrR	glrR	0	protein-coding		WP_024131115.1	444	IUJ38_RS07155
NZ_CP064385.1	1450988	1451752		minus	two-component system QseEF-associated lipoprotein QseG	qseG	0	protein-coding		WP_001054236.1	254	IUJ38_RS07160
NZ_CP064385.1	1451754	1453184		minus	two component system sensor histidine kinase QseE/GlrK	qseE	0	protein-coding		WP_001670672.1	476	IUJ38_RS07165
NZ_CP064385.1	1453834	1457721		minus	phosphoribosylformylglycinamidine synthase	purL	0	protein-coding		WP_000970045.1	1295	IUJ38_RS07170
NZ_CP064385.1	1457743	1457976		plus	hypothetical protein		0	protein-coding		WP_001747289.1	77	IUJ38_RS07175
NZ_CP064385.1	1457977	1459521		plus	membrane-bound lytic murein transglycosylase MltF	mltF	0	protein-coding		WP_000734248.1	514	IUJ38_RS07180
NZ_CP064385.1	1459572	1460123		minus	tRNA adenosine(34) deaminase TadA	tadA	0	protein-coding		WP_001134566.1	183	IUJ38_RS07185
NZ_CP064385.1	1460148	1460783		minus	phosphatidylglycerophosphatase C	yfhb	0	protein-coding		WP_000253558.1	211	IUJ38_RS07190
NZ_CP064385.1	1460787	1462148		minus	PTS transporter subunit EIIC		0	protein-coding		WP_000361663.1	453	IUJ38_RS07195
NZ_CP064385.1	1462159	1463052		minus	N-acetylmuramic acid 6-phosphate etherase	murQ	0	protein-coding		WP_001048530.1	297	IUJ38_RS07200
NZ_CP064385.1	1463168	1464016		plus	MurR/RpiR family transcriptional regulator		0	protein-coding		WP_000995703.1	282	IUJ38_RS07205
NZ_CP064385.1	1464055	1464972		minus	oxidoreductase		0	protein-coding		WP_000684022.1	305	IUJ38_RS07210
NZ_CP064385.1	1464994	1466190		minus	L-lactate MFS transporter		0	protein-coding		WP_001276365.1	398	IUJ38_RS07215
NZ_CP064385.1	1466306	1467232		plus	LysR family transcriptional regulator		0	protein-coding		WP_001022463.1	308	IUJ38_RS07220
NZ_CP064385.1	1467270	1467530		plus	YfhL family 4Fe-4S dicluster ferredoxin		0	protein-coding		WP_001196290.1	86	IUJ38_RS07225
NZ_CP064385.1	1467642	1468022		minus	holo-ACP synthase	acpS	0	protein-coding		WP_000986043.1	126	IUJ38_RS07230
NZ_CP064385.1	1468022	1468753		minus	pyridoxine 5'-phosphate synthase	pdxJ	0	protein-coding		WP_000818972.1	243	IUJ38_RS07235
NZ_CP064385.1	1468765	1469493		minus	DNA repair protein RecO	recO	0	protein-coding		WP_000399380.1	242	IUJ38_RS07240
NZ_CP064385.1	1469505	1470410		minus	GTPase Era	era	0	protein-coding		WP_000102232.1	301	IUJ38_RS07245
NZ_CP064385.1	1470407	1471087		minus	ribonuclease III	rnc	0	protein-coding		WP_001068341.1	226	IUJ38_RS07250
NZ_CP064385.1	1471361	1472335		minus	signal peptidase I	lepB	0	protein-coding		WP_000002559.1	324	IUJ38_RS07255
NZ_CP064385.1	1472352	1474151		minus	translation elongation factor 4	lepA	0	protein-coding		WP_000790154.1	599	IUJ38_RS07260
NZ_CP064385.1	1474556	1476049		plus	type III secretion effector GogB	gogB	0	protein-coding		WP_010989047.1	497	IUJ38_RS07265
NZ_CP064385.1	1476285	1476384		minus	uncharacterized gene		0	pseudogene				IUJ38_RS24310
NZ_CP064385.1	1476422	1476547		plus	hypothetical protein		0	protein-coding		WP_000949028.1	41	IUJ38_RS24135
NZ_CP064385.1	1476552	1476689		plus	PagK family vesicle-borne virulence factor		0	protein-coding		WP_001542312.1	45	IUJ38_RS07270
NZ_CP064385.1	1477405	1477494		minus	uncharacterized gene		0	pseudogene				IUJ38_RS07275
NZ_CP064385.1	1477596	1477782		plus	uncharacterized gene		0	pseudogene				IUJ38_RS07280
NZ_CP064385.1	1478146	1478238		minus	uncharacterized gene		0	pseudogene				IUJ38_RS07285
NZ_CP064385.1	1478274	1478387		minus	uncharacterized gene		0	pseudogene				IUJ38_RS07290
NZ_CP064385.1	1478620	1478820		plus	vesicle-borne virulence factor PagK	pagK	0	protein-coding		WP_014344379.1	66	IUJ38_RS07295
NZ_CP064385.1	1478917	1479495		minus	tail fiber assembly protein		0	protein-coding		WP_000143154.1	192	IUJ38_RS07300
NZ_CP064385.1	1479485	1480309		minus	macro domain-containing protein		0	protein-coding		WP_000593433.1	274	IUJ38_RS07305
NZ_CP064385.1	1480306	1482678		minus	prophage tail fiber N-terminal domain-containing protein		0	protein-coding		WP_001144691.1	790	IUJ38_RS07310
NZ_CP064385.1	1482732	1482974		minus	hypothetical protein		0	protein-coding		WP_000178853.1	80	IUJ38_RS07315
NZ_CP064385.1	1483013	1486375		minus	phage attachment tail tip protein J	gpJ	0	protein-coding		WP_000514917.1	1120	IUJ38_RS07320
NZ_CP064385.1	1486437	1487084		minus	tail assembly protein		0	protein-coding		WP_000246126.1	215	IUJ38_RS07325
NZ_CP064385.1	1486982	1487719		minus	C40 family peptidase		0	protein-coding		WP_000662739.1	245	IUJ38_RS07330
NZ_CP064385.1	1487726	1488424		minus	phage minor tail protein L		0	protein-coding		WP_001152689.1	232	IUJ38_RS07335
NZ_CP064385.1	1488434	1488763		minus	phage tail protein		0	protein-coding		WP_000447369.1	109	IUJ38_RS07340
NZ_CP064385.1	1488766	1491861		minus	phage tail tape measure protein		0	protein-coding		WP_000372072.1	1031	IUJ38_RS07345
NZ_CP064385.1	1491833	1492171		minus	phage tail assembly protein T		0	protein-coding		WP_010989052.1	112	IUJ38_RS07350
NZ_CP064385.1	1492168	1492563		minus	phage tail assembly chaperone G	gpG	0	protein-coding		WP_000479607.1	131	IUJ38_RS07355
NZ_CP064385.1	1492614	1493360		minus	phage tail tube protein		0	protein-coding		WP_000971954.1	248	IUJ38_RS07360
NZ_CP064385.1	1493368	1493769		minus	phage minor tail U family protein		0	protein-coding		WP_000033885.1	133	IUJ38_RS07365
NZ_CP064385.1	1493878	1495008		plus	RNA-guided endonuclease InsQ/TnpB family protein		0	protein-coding		WP_000817263.1	376	IUJ38_RS07370
NZ_CP064385.1	1495057	1495635		minus	phage tail protein		0	protein-coding		WP_000677089.1	192	IUJ38_RS07375
NZ_CP064385.1	1495663	1496046		minus	head-tail joining protein		0	protein-coding		WP_000083294.1	127	IUJ38_RS07380
NZ_CP064385.1	1496057	1496416		minus	DNA-packaging protein FI		0	protein-coding		WP_000201486.1	119	IUJ38_RS07385
NZ_CP064385.1	1496474	1497502		minus	major capsid protein		0	protein-coding		WP_000522566.1	342	IUJ38_RS07390
NZ_CP064385.1	1497557	1497904		minus	head decoration protein		0	protein-coding		WP_000011260.1	115	IUJ38_RS07395
NZ_CP064385.1	1497917	1499413		minus	S49 family peptidase		0	protein-coding		WP_001189503.1	498	IUJ38_RS07400
NZ_CP064385.1	1499403	1500983		minus	phage portal protein		0	protein-coding		WP_000831821.1	526	IUJ38_RS07405
NZ_CP064385.1	1500980	1501183		minus	phage head-tail joining protein		0	protein-coding		WP_000201415.1	67	IUJ38_RS07410
NZ_CP064385.1	1501167	1503098		minus	phage terminase large subunit family protein		0	protein-coding		WP_000623091.1	643	IUJ38_RS07415
NZ_CP064385.1	1503070	1503615		minus	terminase small subunit		0	protein-coding		WP_001102153.1	181	IUJ38_RS07420
NZ_CP064385.1	1503902	1504303		plus	g-type lysoyme inhibitor PliG	pliG	0	protein-coding		WP_000669690.1	133	IUJ38_RS07425
NZ_CP064385.1	1504539	1504991		minus	lysis protein		0	protein-coding		WP_001533543.1	150	IUJ38_RS07430
NZ_CP064385.1	1505009	1505461		minus	lysozyme		0	protein-coding		WP_000984581.1	150	IUJ38_RS07435
NZ_CP064385.1	1505445	1505774		minus	phage holin, lambda family		0	protein-coding		WP_001574216.1	109	IUJ38_RS07440
NZ_CP064385.1	1506050	1506736		plus	type III secretion system effector protease GogA	gogA	0	protein-coding		WP_001110786.1	228	IUJ38_RS07445
NZ_CP064385.1	1506790	1506864		minus	uncharacterized gene		0	pseudogene				IUJ38_RS24315
NZ_CP064385.1	1506951	1507139		minus	hypothetical protein		0	protein-coding		WP_000657897.1	62	IUJ38_RS07450
NZ_CP064385.1	1507228	1507304		minus	tRNA-Arg		0	tRNA				IUJ38_RS07455
NZ_CP064385.1	1507646	1508209		minus	ORF6N domain-containing protein		0	protein-coding		WP_000211409.1	187	IUJ38_RS07460
NZ_CP064385.1	1508482	1509159		minus	bacteriophage antitermination protein Q		0	protein-coding		WP_001097241.1	225	IUJ38_RS07465
NZ_CP064385.1	1509156	1509296		minus	YlcG family protein		0	protein-coding		WP_000801757.1	46	IUJ38_RS07470
NZ_CP064385.1	1509293	1509904		minus	recombination protein NinG		0	protein-coding		WP_001096550.1	203	IUJ38_RS07475
NZ_CP064385.1	1509907	1510113		minus	hypothetical protein		0	protein-coding		WP_001241017.1	68	IUJ38_RS07480
NZ_CP064385.1	1510113	1510715		minus	DUF1367 family protein		0	protein-coding		WP_000929803.1	200	IUJ38_RS07485
NZ_CP064385.1	1510798	1511019		minus	hypothetical protein		0	protein-coding		WP_000807548.1	73	IUJ38_RS07490
NZ_CP064385.1	1511131	1511364		minus	DinI family protein		0	protein-coding		WP_001217665.1	77	IUJ38_RS07495
NZ_CP064385.1	1511656	1511946		minus	hypothetical protein		0	protein-coding		WP_010989003.1	96	IUJ38_RS07500
NZ_CP064385.1	1512024	1512335		minus	ead/Ea22-like family protein		0	protein-coding		WP_000065108.1	103	IUJ38_RS07505
NZ_CP064385.1	1512332	1512679		minus	DUF977 family protein		0	protein-coding		WP_000113629.1	115	IUJ38_RS07510
NZ_CP064385.1	1512690	1513439		minus	ATP-binding protein		0	protein-coding		WP_000800010.1	249	IUJ38_RS07515
NZ_CP064385.1	1513442	1514425		minus	replication protein		0	protein-coding		WP_000062941.1	327	IUJ38_RS07520
NZ_CP064385.1	1514510	1514884		minus	CII family transcriptional regulator		0	protein-coding		WP_001574095.1	124	IUJ38_RS07525
NZ_CP064385.1	1514850	1515089		minus	helix-turn-helix domain-containing protein		0	protein-coding		WP_000370145.1	79	IUJ38_RS07530
NZ_CP064385.1	1515209	1515619		plus	helix-turn-helix domain-containing protein		0	protein-coding		WP_001038966.1	136	IUJ38_RS07535
NZ_CP064385.1	1515669	1515929		plus	hypothetical protein		0	protein-coding		WP_010989055.1	86	IUJ38_RS07540
NZ_CP064385.1	1515922	1516080		plus	YdaE family protein		0	protein-coding		WP_000917562.1	52	IUJ38_RS07545
NZ_CP064385.1	1516102	1516452		plus	hypothetical protein		0	protein-coding		WP_001539619.1	116	IUJ38_RS07550
NZ_CP064385.1	1516579	1519506		plus	RecE family exodeoxyribonuclease		0	protein-coding		WP_000017125.1	975	IUJ38_RS07555
NZ_CP064385.1	1519469	1520626		plus	RecT family recombinase		0	protein-coding		WP_071892913.1	385	IUJ38_RS07560
NZ_CP064385.1	1520669	1520908		plus	DUF4060 family protein		0	protein-coding		WP_001237031.1	79	IUJ38_RS07565
NZ_CP064385.1	1520949	1521233		plus	excisionase Xis	xis	0	protein-coding		WP_001670787.1	94	IUJ38_RS07570
NZ_CP064385.1	1521211	1522440		minus	tyrosine-type recombinase/integrase		0	protein-coding		WP_001007939.1	409	IUJ38_RS07575
NZ_CP064385.1	1522938	1523417		minus	SoxR-reducing system protein RseC	rseC	0	protein-coding		WP_000589087.1	159	IUJ38_RS07580
NZ_CP064385.1	1523414	1524370		minus	sigma-E factor regulatory protein RseB	rseB	0	protein-coding		WP_000812017.1	318	IUJ38_RS07585
NZ_CP064385.1	1524370	1525020		minus	anti-sigma-E factor RseA	rseA	0	protein-coding		WP_001168374.1	216	IUJ38_RS07590
NZ_CP064385.1	1525052	1525627		minus	RNA polymerase sigma factor RpoE	rpoE	0	protein-coding		WP_000003307.1	191	IUJ38_RS07595
NZ_CP064385.1	1525624	1525788		minus	rpoE leader peptide RseD	rseD	0	protein-coding		WP_014344135.1	54	IUJ38_RS07600
NZ_CP064385.1	1526052	1527674		plus	L-aspartate oxidase	nadB	0	protein-coding		WP_000989177.1	540	IUJ38_RS07605
NZ_CP064385.1	1527659	1528396		minus	tRNA(1)(Val) (adenine(37)-N(6))-methyltransferase TrmN	trmN	0	protein-coding		WP_000083343.1	245	IUJ38_RS07610
NZ_CP064385.1	1528527	1529861		plus	ATP-dependent RNA helicase SrmB	srmB	0	protein-coding		WP_000219174.1	444	IUJ38_RS07615
NZ_CP064385.1	1529879	1530778		minus	LysR family transcriptional regulator		0	protein-coding		WP_001526875.1	299	IUJ38_RS07620
NZ_CP064385.1	1530881	1531468		plus	cysteine/O-acetylserine transporter	eamB	0	protein-coding		WP_000188414.1	195	IUJ38_RS07625
NZ_CP064385.1	1531530	1531913		minus	autonomous glycyl radical cofactor GrcA	grcA	0	protein-coding		WP_000627811.1	127	IUJ38_RS07630
NZ_CP064385.1	1532232	1532921		plus	uracil-DNA glycosylase	ung	0	protein-coding		WP_000179978.1	229	IUJ38_RS07635
NZ_CP064385.1	1533037	1534074		minus	tRNA/rRNA methyltransferase		0	protein-coding		WP_000997368.1	345	IUJ38_RS07640
NZ_CP064385.1	1534278	1534697		plus	thioredoxin TrxC	trxC	0	protein-coding		WP_001098732.1	139	IUJ38_RS07645
NZ_CP064385.1	1534770	1535450		plus	tRNA-uridine aminocarboxypropyltransferase	tapT	0	protein-coding		WP_000183639.1	226	IUJ38_RS07650
NZ_CP064385.1	1535504	1538164		plus	protein lysine acetyltransferase	pat	0	protein-coding		WP_000082639.1	886	IUJ38_RS07655
NZ_CP064385.1	1538279	1539634		plus	CDP-diacylglycerol--serine O-phosphatidyltransferase	pssA	0	protein-coding		WP_000949286.1	451	IUJ38_RS07665
NZ_CP064385.1	1539679	1540002		plus	YfiM family lipoprotein		0	protein-coding		WP_001264473.1	107	IUJ38_RS07670
NZ_CP064385.1	1539999	1541300		minus	MFS transporter		0	protein-coding		WP_000807809.1	433	IUJ38_RS07675
NZ_CP064385.1	1541404	1541859		minus	DUF4385 domain-containing protein		0	protein-coding		WP_000985653.1	151	IUJ38_RS07680
NZ_CP064385.1	1542068	1542183		minus	5S ribosomal RNA	rrf	0	rRNA				IUJ38_RS07685
NZ_CP064385.1	1542381	1545388		minus	23S ribosomal RNA		0	rRNA				IUJ38_RS07690
NZ_CP064385.1	1545582	1545657		minus	tRNA-Glu		0	tRNA				IUJ38_RS07695
NZ_CP064385.1	1545743	1547284		minus	16S ribosomal RNA		0	rRNA				IUJ38_RS07700
NZ_CP064385.1	1547740	1550313		minus	ATP-dependent chaperone ClpB	clpB	0	protein-coding		WP_001235094.1	857	IUJ38_RS07705
NZ_CP064385.1	1550443	1551174		minus	purine nucleoside phosphorylase YfiH	yfiH	0	protein-coding		WP_000992639.1	243	IUJ38_RS07710
NZ_CP064385.1	1551171	1552151		minus	23S rRNA pseudouridine(1911/1915/1917) synthase RluD	rluD	0	protein-coding		WP_000079130.1	326	IUJ38_RS07715
NZ_CP064385.1	1552283	1553020		plus	outer membrane protein assembly factor BamD	bamD	0	protein-coding		WP_000197660.1	245	IUJ38_RS07720
NZ_CP064385.1	1553292	1553630		plus	ribosome-associated translation inhibitor RaiA	raiA	0	protein-coding		WP_000178449.1	112	IUJ38_RS07725
NZ_CP064385.1	1553734	1553781		plus	pheA operon leader peptide PheL	pheL	0	protein-coding		WP_010989056.1	15	IUJ38_RS07730
NZ_CP064385.1	1553881	1555041		plus	bifunctional chorismate mutase/prephenate dehydratase	pheA	0	protein-coding		WP_000200080.1	386	IUJ38_RS07735
NZ_CP064385.1	1555002	1555910		minus	SMP-30/gluconolactonase/LRE family protein		0	protein-coding		WP_000210995.1	302	IUJ38_RS07740
NZ_CP064385.1	1555968	1557089		minus	bifunctional chorismate mutase/prephenate dehydrogenase	tyrA	0	protein-coding		WP_000225191.1	373	IUJ38_RS07745
NZ_CP064385.1	1557099	1558169		minus	3-deoxy-7-phosphoheptulonate synthase AroF	aroF	0	protein-coding		WP_001168062.1	356	IUJ38_RS07750
NZ_CP064385.1	1558609	1559127		plus	regulatory sequestration protein YfiR		0	protein-coding		WP_001212379.1	172	IUJ38_RS07755
NZ_CP064385.1	1559120	1560340		plus	diguanylate cyclase DgcN/YfiN	dgcN	0	protein-coding		WP_001030985.1	406	IUJ38_RS07760
NZ_CP064385.1	1560497	1560844		minus	50S ribosomal protein L19	rplS	0	protein-coding		WP_000065257.1	115	IUJ38_RS07765
NZ_CP064385.1	1560885	1561652		minus	tRNA (guanosine(37)-N1)-methyltransferase TrmD	trmD	0	protein-coding		WP_000469804.1	255	IUJ38_RS07770
NZ_CP064385.1	1561697	1562245		minus	ribosome maturation factor RimM	rimM	0	protein-coding		WP_000043266.1	182	IUJ38_RS07775
NZ_CP064385.1	1562264	1562512		minus	30S ribosomal protein S16	rpsP	0	protein-coding		WP_000256453.1	82	IUJ38_RS07780
NZ_CP064385.1	1562826	1564187		minus	signal recognition particle protein	ffh	0	protein-coding		WP_000460052.1	453	IUJ38_RS07785
NZ_CP064385.1	1564353	1565144		plus	cytochrome C assembly family protein		0	protein-coding		WP_001537507.1	263	IUJ38_RS07790
NZ_CP064385.1	1565164	1566450		plus	HlyC/CorC family transporter		0	protein-coding		WP_127172650.1	428	IUJ38_RS07795
NZ_CP064385.1	1566571	1567176		plus	DUF6630 family protein		0	protein-coding		WP_001287923.1	201	IUJ38_RS07800
NZ_CP064385.1	1567211	1567801		minus	nucleotide exchange factor GrpE	grpE	0	protein-coding		WP_001518875.1	196	IUJ38_RS07805
NZ_CP064385.1	1567924	1568802		plus	NAD(+) kinase	nadK	0	protein-coding		WP_001059155.1	292	IUJ38_RS07810
NZ_CP064385.1	1568888	1570549		plus	DNA repair protein RecN	recN	0	protein-coding		WP_000880965.1	553	IUJ38_RS07815
NZ_CP064385.1	1570698	1571036		plus	outer membrane protein assembly factor BamE	bamE	0	protein-coding		WP_001203445.1	112	IUJ38_RS07820
NZ_CP064385.1	1571202	1571492		minus	RnfH family protein		0	protein-coding		WP_001112990.1	96	IUJ38_RS07825
NZ_CP064385.1	1571482	1571919		minus	type II toxin-antitoxin system RatA family toxin		0	protein-coding		WP_001537508.1	145	IUJ38_RS07830
NZ_CP064385.1	1572108	1572590		plus	SsrA-binding protein SmpB	smpB	0	protein-coding		WP_001518569.1	160	IUJ38_RS07835
NZ_CP064385.1	1573204	1584678		plus	biofilm-associated protein BapA	bapA	0	protein-coding		WP_001237668.1	3824	IUJ38_RS07840
NZ_CP064385.1	1584743	1586152		plus	TolC family outer membrane protein		0	protein-coding		WP_000533858.1	469	IUJ38_RS07845
NZ_CP064385.1	1586149	1588329		plus	type I secretion system permease/ATPase		0	protein-coding		WP_000196159.1	726	IUJ38_RS07850
NZ_CP064385.1	1588337	1589500		plus	HlyD family type I secretion periplasmic adaptor subunit		0	protein-coding		WP_010989057.1	387	IUJ38_RS07855
NZ_CP064385.1	1589572	1589934		plus	transfer-messenger RNA	ssrA	0	other				IUJ38_RS07860
NZ_CP064385.1	1590052	1590270		minus	ogr/Delta-like zinc finger family protein		0	protein-coding		WP_000980498.1	72	IUJ38_RS07865
NZ_CP064385.1	1590339	1591439		minus	phage late control D family protein		0	protein-coding		WP_001010543.1	366	IUJ38_RS07870
NZ_CP064385.1	1591436	1591921		minus	phage tail protein		0	protein-coding		WP_000980418.1	161	IUJ38_RS07875
NZ_CP064385.1	1591918	1594725		minus	phage tail tape measure protein		0	protein-coding		WP_001282773.1	935	IUJ38_RS07880
NZ_CP064385.1	1594718	1594837		minus	GpE family phage tail protein		0	protein-coding		WP_000763317.1	39	IUJ38_RS07885
NZ_CP064385.1	1594852	1595154		minus	phage tail assembly protein		0	protein-coding		WP_001280967.1	100	IUJ38_RS07890
NZ_CP064385.1	1595209	1595724		minus	phage major tail tube protein		0	protein-coding		WP_001207652.1	171	IUJ38_RS07895
NZ_CP064385.1	1595734	1596906		minus	phage tail sheath protein		0	protein-coding		WP_000046109.1	390	IUJ38_RS07900
NZ_CP064385.1	1597009	1597566		minus	serine-type DNA invertase Fin	fin	0	protein-coding		WP_001165559.1	185	IUJ38_RS07905
NZ_CP064385.1	1597536	1598615		plus	gp53-like domain-containing protein		0	protein-coding		WP_010989058.1	359	IUJ38_RS07910
NZ_CP064385.1	1598622	1599029		plus	tail fiber assembly protein		0	protein-coding		WP_001287105.1	135	IUJ38_RS07915
NZ_CP064385.1	1599033	1599650		minus	tail fiber assembly protein		0	protein-coding		WP_010989059.1	205	IUJ38_RS07920
NZ_CP064385.1	1599620	1601194		minus	phage tail protein		0	protein-coding		WP_001274647.1	524	IUJ38_RS07925
NZ_CP064385.1	1601191	1601796		minus	phage tail protein I		0	protein-coding		WP_001086807.1	201	IUJ38_RS07930
NZ_CP064385.1	1601789	1602697		minus	baseplate assembly protein		0	protein-coding		WP_000268333.1	302	IUJ38_RS07935
NZ_CP064385.1	1602684	1603043		minus	GPW/gp25 family protein		0	protein-coding		WP_000177403.1	119	IUJ38_RS07940
NZ_CP064385.1	1603040	1603618		minus	phage baseplate assembly protein V		0	protein-coding		WP_000993751.1	192	IUJ38_RS07945
NZ_CP064385.1	1603687	1604133		minus	phage virion morphogenesis protein		0	protein-coding		WP_000343947.1	148	IUJ38_RS07950
NZ_CP064385.1	1604126	1604557		minus	phage tail protein		0	protein-coding		WP_001039961.1	143	IUJ38_RS07955
NZ_CP064385.1	1604520	1604768		minus	Rz1-like lysis system protein LysC	lysC	0	protein-coding		WP_223151184.1	82	IUJ38_RS07960
NZ_CP064385.1	1604653	1605081		minus	Rz-like lysis system protein LysB	lysB	0	protein-coding		WP_001648763.1	142	IUJ38_RS07965
NZ_CP064385.1	1605078	1605453		minus	uncharacterized gene		0	pseudogene				IUJ38_RS24320
NZ_CP064385.1	1605458	1605967		minus	lysozyme		0	protein-coding		WP_001069932.1	169	IUJ38_RS07980
NZ_CP064385.1	1605948	1606163		minus	HP1 family phage holin		0	protein-coding		WP_000171565.1	71	IUJ38_RS07985
NZ_CP064385.1	1606167	1606370		minus	tail protein X		0	protein-coding		WP_000868168.1	67	IUJ38_RS07990
NZ_CP064385.1	1606370	1606834		minus	head completion/stabilization protein		0	protein-coding		WP_000673534.1	154	IUJ38_RS07995
NZ_CP064385.1	1606928	1607581		minus	phage terminase small subunit	gpM	0	protein-coding		WP_000059178.1	217	IUJ38_RS08000
NZ_CP064385.1	1607585	1608667		minus	phage major capsid protein, P2 family		0	protein-coding		WP_000730755.1	360	IUJ38_RS08005
NZ_CP064385.1	1608684	1609517		minus	GPO family capsid scaffolding protein		0	protein-coding		WP_000216276.1	277	IUJ38_RS08010
NZ_CP064385.1	1609660	1611426		plus	terminase ATPase subunit family protein		0	protein-coding		WP_001098444.1	588	IUJ38_RS08015
NZ_CP064385.1	1611426	1612466		plus	phage portal protein		0	protein-coding		WP_001292071.1	346	IUJ38_RS08020
NZ_CP064385.1	1612552	1614303		minus	AIPR family protein		0	protein-coding		WP_071892914.1	583	IUJ38_RS08025
NZ_CP064385.1	1614517	1615194		minus	hypothetical protein		0	protein-coding		WP_014344476.1	225	IUJ38_RS08030
NZ_CP064385.1	1615308	1615541		minus	DinI-like family protein		0	protein-coding		WP_001217575.1	77	IUJ38_RS08035
NZ_CP064385.1	1615552	1615740		minus	hypothetical protein		0	protein-coding		WP_001154433.1	62	IUJ38_RS08040
NZ_CP064385.1	1615893	1618322		minus	replication endonuclease		0	protein-coding		WP_000301161.1	809	IUJ38_RS08045
NZ_CP064385.1	1618313	1619170		minus	DNA adenine methylase		0	protein-coding		WP_000104125.1	285	IUJ38_RS08050
NZ_CP064385.1	1619167	1619394		minus	TraR/DksA family transcriptional regulator		0	protein-coding		WP_000785509.1	75	IUJ38_RS08055
NZ_CP064385.1	1619394	1619627		minus	DUF2732 domain-containing protein		0	protein-coding		WP_001244234.1	77	IUJ38_RS08060
NZ_CP064385.1	1619695	1620036		minus	DUF5347 domain-containing protein		0	protein-coding		WP_000963195.1	113	IUJ38_RS08065
NZ_CP064385.1	1620256	1620714		plus	hypothetical protein		0	protein-coding		WP_000166366.1	152	IUJ38_RS08070
NZ_CP064385.1	1620662	1620895		minus	phage filamentation protein Fil family protein		0	protein-coding		WP_000957775.1	77	IUJ38_RS08075
NZ_CP064385.1	1620903	1621412		minus	phage regulatory CII family protein		0	protein-coding		WP_000460862.1	169	IUJ38_RS08080
NZ_CP064385.1	1621448	1621687		minus	hypothetical protein		0	protein-coding		WP_000102104.1	79	IUJ38_RS08085
NZ_CP064385.1	1621804	1622436		plus	helix-turn-helix domain-containing protein		0	protein-coding		WP_000052560.1	210	IUJ38_RS08090
NZ_CP064385.1	1622440	1623465		plus	site-specific integrase		0	protein-coding		WP_001536726.1	341	IUJ38_RS08095
NZ_CP064385.1	1623794	1625039		plus	uncharacterized gene		0	pseudogene				IUJ38_RS08100
NZ_CP064385.1	1625041	1625679		plus	hypothetical protein		0	protein-coding		WP_000203581.1	212	IUJ38_RS08105
NZ_CP064385.1	1626069	1627262		plus	SEC-C domain-containing protein		0	protein-coding		WP_000248794.1	397	IUJ38_RS08110
NZ_CP064385.1	1627597	1628424		minus	hypothetical protein		0	protein-coding		WP_001161781.1	275	IUJ38_RS08115
NZ_CP064385.1	1628875	1629090		plus	AlpA family transcriptional regulator		0	protein-coding		WP_000701821.1	71	IUJ38_RS08120
NZ_CP064385.1	1629126	1631195		plus	DUF927 domain-containing protein		0	protein-coding		WP_001520307.1	689	IUJ38_RS08125
NZ_CP064385.1	1631698	1632981		plus	AAA family ATPase		0	protein-coding		WP_001520831.1	427	IUJ38_RS08130
NZ_CP064385.1	1633026	1633844		plus	DUF4435 domain-containing protein		0	protein-coding		WP_010989064.1	272	IUJ38_RS08135
NZ_CP064385.1	1633998	1634354		minus	helix-turn-helix domain-containing protein		0	protein-coding		WP_010989065.1	118	IUJ38_RS08140
NZ_CP064385.1	1634449	1634733		plus	helix-turn-helix domain-containing protein		0	protein-coding		WP_000749979.1	94	IUJ38_RS08145
NZ_CP064385.1	1634846	1635367		plus	PTS glucitol/sorbitol transporter subunit IIC	srlA	0	protein-coding		WP_000480483.1	173	IUJ38_RS08150
NZ_CP064385.1	1635364	1635738		plus	PTS glucitol/sorbitol transporter subunit IIA		0	protein-coding		WP_000973738.1	124	IUJ38_RS08155
NZ_CP064385.1	1635735	1636715		plus	PTS glucitol/sorbitol transporter subunit IIB	srlE	0	protein-coding		WP_001098984.1	326	IUJ38_RS08160
NZ_CP064385.1	1636726	1637739		plus	Gfo/Idh/MocA family protein		0	protein-coding		WP_001033832.1	337	IUJ38_RS08165
NZ_CP064385.1	1638034	1639236		plus	protein NO VEIN domain-containing protein		0	protein-coding		WP_000889012.1	400	IUJ38_RS08170
NZ_CP064385.1	1639310	1639945		minus	3-hexulose-6-phosphate synthase	hxlA	0	protein-coding		WP_000776032.1	211	IUJ38_RS08175
NZ_CP064385.1	1639969	1640532		minus	6-phospho-3-hexuloisomerase	hxlB	0	protein-coding		WP_001682344.1	187	IUJ38_RS08180
NZ_CP064385.1	1640532	1641374		minus	glucose-6-phosphate isomerase family protein		0	protein-coding		WP_000811366.1	280	IUJ38_RS08185
NZ_CP064385.1	1641504	1643045		minus	glucose-specific PTS transporter subunit IIBC	ptsG	0	protein-coding		WP_000819716.1	513	IUJ38_RS08190
NZ_CP064385.1	1643268	1644947		plus	SgrR family transcriptional regulator		0	protein-coding		WP_000021514.1	559	IUJ38_RS08195
NZ_CP064385.1	1646064	1646939		plus	integrase domain-containing protein		0	protein-coding		WP_000088556.1	291	IUJ38_RS08200
NZ_CP064385.1	1647105	1648979		plus	membrane protein		0	protein-coding		WP_001521074.1	624	IUJ38_RS08205
NZ_CP064385.1	1649239	1650522		minus	membrane protein		0	protein-coding		WP_010989066.1	427	IUJ38_RS08210
NZ_CP064385.1	1651100	1651696		plus	integrase arm-type DNA-binding domain-containing protein		0	protein-coding		WP_001682341.1	198	IUJ38_RS08215
NZ_CP064385.1	1651846	1652957		minus	uncharacterized gene		0	pseudogene				IUJ38_RS08220
NZ_CP064385.1	1653410	1654048		minus	STM2766 family helicase-associated protein		0	protein-coding		WP_000061088.1	212	IUJ38_RS08225
NZ_CP064385.1	1654045	1656027		minus	STM2767 family DEAD/DEAH box helicase		0	protein-coding		WP_000073810.1	660	IUJ38_RS08230
NZ_CP064385.1	1656306	1657468		plus	IS3 family transposase		0	protein-coding		WP_085983317.1	387	IUJ38_RS08235
NZ_CP064385.1	1658248	1658787		minus	phase 1 flagellin gene repressor FljA	fljA	0	protein-coding		WP_000388997.1	179	IUJ38_RS08240
NZ_CP064385.1	1658855	1660375		minus	FliC/FljB family flagellin		0	protein-coding		WP_000079794.1	506	IUJ38_RS08245
NZ_CP064385.1	1660467	1661039		plus	flagellar phase variation DNA invertase Hin	hin	0	protein-coding		WP_000190912.1	190	IUJ38_RS08250
NZ_CP064385.1	1662002	1663117		plus	salmochelin biosynthesis C-glycosyltransferase IroB	iroB	0	protein-coding		WP_001221110.1	371	IUJ38_RS08255
NZ_CP064385.1	1663198	1666851		plus	salmochelin/enterobactin export ABC transporter IroC	iroC	0	protein-coding		WP_001111809.1	1217	IUJ38_RS08260
NZ_CP064385.1	1666961	1668205		plus	alpha/beta hydrolase-fold protein		0	protein-coding		WP_001239941.1	414	IUJ38_RS08265
NZ_CP064385.1	1668237	1669172		plus	alpha/beta hydrolase		0	protein-coding		WP_000274378.1	311	IUJ38_RS08270
NZ_CP064385.1	1669214	1671388		minus	TonB-dependent siderophore receptor		0	protein-coding		WP_001542215.1	724	IUJ38_RS08275
NZ_CP064385.1	1671920	1672252		minus	hypothetical protein		0	protein-coding		WP_014343883.1	110	IUJ38_RS08280
NZ_CP064385.1	1672427	1673479		minus	SPI-2 type III secretion system effector PipB2	pipB2	0	protein-coding		WP_001738474.1	350	IUJ38_RS08285
NZ_CP064385.1	1673998	1674927		plus	VirK family antimicrobial peptide resistance protein		0	protein-coding		WP_000178733.1	309	IUJ38_RS08290
NZ_CP064385.1	1675220	1676116		plus	antimicrobial resistance protein Mig-14		0	protein-coding		WP_000701506.1	298	IUJ38_RS08295
NZ_CP064385.1	1676838	1677851		minus	HoxN/HupN/NixA family nickel/cobalt transporter		0	protein-coding		WP_001059352.1	337	IUJ38_RS08300
NZ_CP064385.1	1677984	1679399		minus	sensor histidine kinase		0	protein-coding		WP_000872348.1	471	IUJ38_RS08305
NZ_CP064385.1	1679386	1680060		minus	transcriptional regulator TctD	tctD	0	protein-coding		WP_001237934.1	224	IUJ38_RS08310
NZ_CP064385.1	1680215	1681192		plus	Bug family tripartite tricarboxylate transporter substrate binding protein		0	protein-coding		WP_000744413.1	325	IUJ38_RS08315
NZ_CP064385.1	1681204	1681638		plus	tripartite tricarboxylate transporter TctB family protein		0	protein-coding		WP_001574835.1	144	IUJ38_RS08320
NZ_CP064385.1	1681649	1683163		plus	tripartite tricarboxylate transporter permease		0	protein-coding		WP_000382035.1	504	IUJ38_RS08325
NZ_CP064385.1	1683466	1684443		plus	glutarate dioxygenase GlaH	glaH	0	protein-coding		WP_000993096.1	325	IUJ38_RS08330
NZ_CP064385.1	1684469	1685737		plus	L-2-hydroxyglutarate oxidase	lhgO	0	protein-coding		WP_000271907.1	422	IUJ38_RS08335
NZ_CP064385.1	1685759	1687207		plus	NADP-dependent succinate-semialdehyde dehydrogenase	gabD	0	protein-coding		WP_001176529.1	482	IUJ38_RS08340
NZ_CP064385.1	1687222	1688505		plus	4-aminobutyrate--2-oxoglutarate transaminase	gabT	0	protein-coding		WP_001095556.1	427	IUJ38_RS08345
NZ_CP064385.1	1688635	1690035		plus	GABA permease	gabP	0	protein-coding		WP_000531282.1	466	IUJ38_RS08350
NZ_CP064385.1	1690077	1690754		plus	DNA-binding transcriptional regulator CsiR	csiR	0	protein-coding		WP_000126152.1	225	IUJ38_RS08355
NZ_CP064385.1	1690776	1691225		minus	peptidoglycan-binding protein LysM	lysM	0	protein-coding		WP_000522406.1	149	IUJ38_RS08360
NZ_CP064385.1	1691325	1691483		minus	YqaE/Pmp3 family membrane protein		0	protein-coding		WP_000508175.1	52	IUJ38_RS08365
NZ_CP064385.1	1691666	1691965		plus	ArsR/SmtB family transcription factor		0	protein-coding		WP_000137432.1	99	IUJ38_RS08370
NZ_CP064385.1	1691975	1692502		plus	rhodanese family protein		0	protein-coding		WP_000022009.1	175	IUJ38_RS08375
NZ_CP064385.1	1692581	1692760		plus	hypothetical protein		0	protein-coding		WP_000494942.1	59	IUJ38_RS08380
NZ_CP064385.1	1692850	1693251		minus	DNA-binding protein StpA	stpA	0	protein-coding		WP_001051100.1	133	IUJ38_RS08385
NZ_CP064385.1	1693950	1694399		plus	L-alanine exporter AlaE	alaE	0	protein-coding		WP_000492669.1	149	IUJ38_RS08390
NZ_CP064385.1	1694434	1694784		minus	DUF2002 family protein		0	protein-coding		WP_000281305.1	116	IUJ38_RS08395
NZ_CP064385.1	1694946	1695272		plus	ElaB/YgaM/YqjD family protein		0	protein-coding		WP_001519557.1	108	IUJ38_RS08400
NZ_CP064385.1	1695356	1696690		minus	MocR-like pyridoxine biosynthesis transcription factor PdxR		0	protein-coding		WP_001138459.1	444	IUJ38_RS08405
NZ_CP064385.1	1696779	1697210		plus	carboxymuconolactone decarboxylase family protein		0	protein-coding		WP_000209813.1	143	IUJ38_RS08410
NZ_CP064385.1	1697482	1697727		plus	glutaredoxin-like protein NrdH	nrdH	0	protein-coding		WP_000028870.1	81	IUJ38_RS08415
NZ_CP064385.1	1697724	1698134		plus	class Ib ribonucleoside-diphosphate reductase assembly flavoprotein NrdI	nrdI	0	protein-coding		WP_001275401.1	136	IUJ38_RS08420
NZ_CP064385.1	1698107	1700251		plus	class 1b ribonucleoside-diphosphate reductase subunit alpha	nrdE	0	protein-coding		WP_000246626.1	714	IUJ38_RS08425
NZ_CP064385.1	1700262	1701221		plus	class 1b ribonucleoside-diphosphate reductase subunit beta	nrdF	0	protein-coding		WP_000777903.1	319	IUJ38_RS08430
NZ_CP064385.1	1701576	1702778		plus	glycine betaine/L-proline ABC transporter ATP-binding protein ProV	proV	0	protein-coding		WP_000985529.1	400	IUJ38_RS08435
NZ_CP064385.1	1702771	1703835		plus	glycine betaine/L-proline ABC transporter permease ProW	proW	0	protein-coding		WP_000775022.1	354	IUJ38_RS08440
NZ_CP064385.1	1703905	1704900		plus	glycine betaine/L-proline ABC transporter substrate-binding protein ProX	proX	0	protein-coding		WP_001216622.1	331	IUJ38_RS08445
NZ_CP064385.1	1705065	1706249		plus	MFS transporter		0	protein-coding		WP_000165758.1	394	IUJ38_RS08450
NZ_CP064385.1	1706746	1707276		plus	transcriptional repressor MprA	mprA	0	protein-coding		WP_000378431.1	176	IUJ38_RS08455
NZ_CP064385.1	1707403	1708575		plus	multidrug efflux MFS transporter periplasmic adaptor subunit EmrA	emrA	0	protein-coding		WP_001275603.1	390	IUJ38_RS08460
NZ_CP064385.1	1708592	1710130		plus	multidrug efflux MFS transporter permease subunit EmrB	emrB	0	protein-coding		WP_001187300.1	512	IUJ38_RS08465
NZ_CP064385.1	1710179	1711549		minus	carbohydrate porin		0	protein-coding		WP_000645139.1	456	IUJ38_RS08470
NZ_CP064385.1	1711895	1712410		minus	S-ribosylhomocysteine lyase	luxS	0	protein-coding		WP_001130194.1	171	IUJ38_RS08475
NZ_CP064385.1	1712560	1714116		minus	glutamate--cysteine ligase	gshA	0	protein-coding		WP_000611821.1	518	IUJ38_RS08480
NZ_CP064385.1	1714193	1714618		minus	YqaA family protein		0	protein-coding		WP_001279499.1	141	IUJ38_RS08485
NZ_CP064385.1	1714615	1715181		minus	fructose-1-phosphate/6-phosphogluconate phosphatase	yqaB	0	protein-coding		WP_000271296.1	188	IUJ38_RS08490
NZ_CP064385.1	1715552	1715628		minus	tRNA-Arg		0	tRNA				IUJ38_RS08495
NZ_CP064385.1	1715822	1715898		minus	tRNA-Arg		0	tRNA				IUJ38_RS08500
NZ_CP064385.1	1715961	1716037		minus	tRNA-Arg		0	tRNA				IUJ38_RS08505
NZ_CP064385.1	1716100	1716176		minus	tRNA-Arg		0	tRNA				IUJ38_RS08510
NZ_CP064385.1	1716180	1716272		minus	tRNA-Ser		0	tRNA				IUJ38_RS08515
NZ_CP064385.1	1716576	1716761		minus	carbon storage regulator CsrA	csrA	0	protein-coding		WP_000906486.1	61	IUJ38_RS08520
NZ_CP064385.1	1716996	1719626		minus	alanine--tRNA ligase	alaS	0	protein-coding		WP_000047224.1	876	IUJ38_RS08525
NZ_CP064385.1	1719862	1720362		minus	recombination regulator RecX	recX	0	protein-coding		WP_001294864.1	166	IUJ38_RS08530
NZ_CP064385.1	1720479	1721540		minus	recombinase RecA	recA	0	protein-coding		WP_000963150.1	353	IUJ38_RS08535
NZ_CP064385.1	1721625	1722122		minus	nicotinamide-nucleotide amidase	pncC	0	protein-coding		WP_000132239.1	165	IUJ38_RS08540
NZ_CP064385.1	1722317	1722562		plus	hypothetical protein		0	protein-coding		WP_001519391.1	81	IUJ38_RS08545
NZ_CP064385.1	1722600	1723679		minus	lytic murein transglycosylase B	mltB	0	protein-coding		WP_000476820.1	359	IUJ38_RS08550
NZ_CP064385.1	1723933	1724496		plus	PTS glucitol/sorbitol transporter subunit IIC	srlA	0	protein-coding		WP_000573333.1	187	IUJ38_RS08555
NZ_CP064385.1	1724493	1725464		plus	PTS glucitol/sorbitol transporter subunit IIB	srlE	0	protein-coding		WP_000199033.1	323	IUJ38_RS08560
NZ_CP064385.1	1725476	1725838		plus	PTS glucitol/sorbitol transporter subunit IIA	srlB	0	protein-coding		WP_000111553.1	120	IUJ38_RS08565
NZ_CP064385.1	1725850	1726629		plus	sorbitol-6-phosphate dehydrogenase	srlD	0	protein-coding		WP_001077372.1	259	IUJ38_RS08570
NZ_CP064385.1	1726705	1727064		plus	transcriptional regulator GutM	gutM	0	protein-coding		WP_000255198.1	119	IUJ38_RS08575
NZ_CP064385.1	1727262	1728035		plus	glucitol operon DNA-binding transcriptional repressor SrlR	srlR	0	protein-coding		WP_000804536.1	257	IUJ38_RS08580
NZ_CP064385.1	1728028	1728993		plus	arabinose-5-phosphate isomerase GutQ	gutQ	0	protein-coding		WP_001278201.1	321	IUJ38_RS08585
NZ_CP064385.1	1728990	1730510		minus	nitric oxide reductase transcriptional regulator NorR	norR	0	protein-coding		WP_000010814.1	506	IUJ38_RS08590
NZ_CP064385.1	1730696	1732135		plus	anaerobic nitric oxide reductase flavorubredoxin	norV	0	protein-coding		WP_000026015.1	479	IUJ38_RS08595
NZ_CP064385.1	1732132	1733265		plus	NADH:flavorubredoxin reductase NorW	norW	0	protein-coding		WP_000086354.1	377	IUJ38_RS08600
NZ_CP064385.1	1733362	1735602		minus	carbamoyltransferase HypF	hypF	0	protein-coding		WP_000963438.1	746	IUJ38_RS08605
NZ_CP064385.1	1735748	1736293		minus	electron transport protein HydN	hydN	0	protein-coding		WP_001078791.1	181	IUJ38_RS08610
NZ_CP064385.1	1736494	1737303		minus	hypothetical protein		0	protein-coding		WP_000902280.1	269	IUJ38_RS08615
NZ_CP064385.1	1737330	1737800		minus	hydrogenase maturation peptidase HycI	hycI	0	protein-coding		WP_000132984.1	156	IUJ38_RS08620
NZ_CP064385.1	1737793	1738203		minus	formate hydrogenlyase maturation HycH family protein		0	protein-coding		WP_000003726.1	136	IUJ38_RS08625
NZ_CP064385.1	1738200	1738967		minus	formate hydrogenlyase subunit HycG	hycG	0	protein-coding		WP_000067419.1	255	IUJ38_RS08630
NZ_CP064385.1	1738967	1739509		minus	formate hydrogenlyase subunit HycF	hycF	0	protein-coding		WP_000493767.1	180	IUJ38_RS08635
NZ_CP064385.1	1739519	1741228		minus	formate hydrogenlyase subunit HycE	hycE	0	protein-coding		WP_001288155.1	569	IUJ38_RS08640
NZ_CP064385.1	1741246	1742169		minus	respiratory chain complex I subunit 1 family protein		0	protein-coding		WP_000110572.1	307	IUJ38_RS08645
NZ_CP064385.1	1742172	1743998		minus	formate hydrogenlyase subunit 3	hycC	0	protein-coding		WP_000097040.1	608	IUJ38_RS08650
NZ_CP064385.1	1743998	1744606		minus	formate hydrogenlyase subunit HycB	hycB	0	protein-coding		WP_001079164.1	202	IUJ38_RS08655
NZ_CP064385.1	1744752	1745213		minus	formate hydrogenlyase regulator HycA	hycA	0	protein-coding		WP_000158074.1	153	IUJ38_RS08660
NZ_CP064385.1	1745423	1745779		plus	hydrogenase maturation nickel metallochaperone HypA	hypA	0	protein-coding		WP_000544461.1	118	IUJ38_RS08665
NZ_CP064385.1	1745848	1746720		plus	hydrogenase nickel incorporation protein HypB	hypB	0	protein-coding		WP_000337636.1	290	IUJ38_RS08670
NZ_CP064385.1	1746711	1746983		plus	hydrogenase 3 maturation protein HypC	hypC	0	protein-coding		WP_000334871.1	90	IUJ38_RS08675
NZ_CP064385.1	1746983	1748104		plus	hydrogenase formation protein HypD	hypD	0	protein-coding		WP_001212958.1	373	IUJ38_RS08680
NZ_CP064385.1	1748101	1749111		plus	hydrogenase expression/formation protein HypE	hypE	0	protein-coding		WP_001059953.1	336	IUJ38_RS08685
NZ_CP064385.1	1749330	1751408		plus	formate hydrogenlyase transcriptional activator FlhA	flhA	0	protein-coding		WP_000122693.1	692	IUJ38_RS08690
NZ_CP064385.1	1751470	1751814		minus	nitrous oxide-stimulated promoter family protein		0	protein-coding		WP_001117947.1	114	IUJ38_RS08695
NZ_CP064385.1	1751996	1752913		plus	iron/manganese ABC transporter substrate-binding protein SitA	sitA	0	protein-coding		WP_000182930.1	305	IUJ38_RS08700
NZ_CP064385.1	1752910	1753731		plus	iron/manganese ABC transporter ATP-binding protein SitB	sitB	0	protein-coding		WP_000083153.1	273	IUJ38_RS08705
NZ_CP064385.1	1753728	1754588		plus	iron/manganese ABC transporter permease subunit SitC	sitC	0	protein-coding		WP_001104336.1	286	IUJ38_RS08710
NZ_CP064385.1	1754579	1755427		plus	iron/manganese ABC transporter permease subunit SitD	sitD	0	protein-coding		WP_000480208.1	282	IUJ38_RS08715
NZ_CP064385.1	1755526	1756434		minus	type III secretion system YopJ family effector AvrA	avrA	0	protein-coding		WP_010989068.1	302	IUJ38_RS08720
NZ_CP064385.1	1756595	1757350		minus	transcriptional regulator SprB	sprB	0	protein-coding		WP_001246659.1	251	IUJ38_RS08725
NZ_CP064385.1	1757735	1758622		minus	invasion transcriptional regulator HilC	hilC	0	protein-coding		WP_000243999.1	295	IUJ38_RS08730
NZ_CP064385.1	1758967	1759419		minus	type III secretion system effector protein OrgC		0	protein-coding		WP_000612175.1	150	IUJ38_RS08735
NZ_CP064385.1	1759416	1760096		minus	type III secretion system linker protein OrgB	orgB	0	protein-coding		WP_000916654.1	226	IUJ38_RS08740
NZ_CP064385.1	1760053	1760652		minus	oxygen-regulated invasion protein OrgA	orgA	0	protein-coding		WP_001574876.1	199	IUJ38_RS08745
NZ_CP064385.1	1760624	1761382		minus	type III secretion system inner membrane ring lipoprotein PrgK	prgK	0	protein-coding		WP_000621238.1	252	IUJ38_RS08750
NZ_CP064385.1	1761379	1761684		minus	type III secretion system inner rod protein PrgJ	prgJ	0	protein-coding		WP_000020431.1	101	IUJ38_RS08755
NZ_CP064385.1	1761703	1761945		minus	type III secretion system needle filament protein PrgI	prgI	0	protein-coding		WP_000235228.1	80	IUJ38_RS08760
NZ_CP064385.1	1761970	1763148		minus	type III secretion system inner membrane ring protein PrgH	prgH	0	protein-coding		WP_000450192.1	392	IUJ38_RS08765
NZ_CP064385.1	1763464	1764393		plus	transcriptional regulator HilD	hilD	0	protein-coding		WP_000432699.1	309	IUJ38_RS08770
NZ_CP064385.1	1765484	1767145		plus	transcriptional regulator HilA	hilA	0	protein-coding		WP_001120085.1	553	IUJ38_RS08775
NZ_CP064385.1	1767163	1767645		plus	SPI-1 type III secretion system invasion protein IagB	iagB	0	protein-coding		WP_000558928.1	160	IUJ38_RS08780
NZ_CP064385.1	1767699	1769330		minus	SPI-1 type III secretion system effector GTPase-activating protein SptP	sptP	0	protein-coding		WP_000922300.1	543	IUJ38_RS08785
NZ_CP064385.1	1769317	1769709		minus	chaperone SicP	sicP	0	protein-coding		WP_001147852.1	130	IUJ38_RS08790
NZ_CP064385.1	1769736	1769996		minus	hypothetical protein		0	protein-coding		WP_000692254.1	86	IUJ38_RS08795
NZ_CP064385.1	1770040	1770288		minus	acyl carrier protein		0	protein-coding		WP_001055577.1	82	IUJ38_RS08800
NZ_CP064385.1	1770307	1772364		minus	SPI-1 type III secretion system effector SipA	sipA	0	protein-coding		WP_000258811.1	685	IUJ38_RS08805
NZ_CP064385.1	1772383	1773414		minus	SPI-1 type III secretion system needle tip complex protein SipD	sipD	0	protein-coding		WP_000932246.1	343	IUJ38_RS08810
NZ_CP064385.1	1773485	1774714		minus	SPI-1 type III secretion system needle tip complex protein SipC	sipC	0	protein-coding		WP_000909019.1	409	IUJ38_RS08815
NZ_CP064385.1	1774742	1776523		minus	SPI-1 type III secretion system needle tip complex protein SipB	sipB	0	protein-coding		WP_000245788.1	593	IUJ38_RS08820
NZ_CP064385.1	1776526	1777023		minus	SycD/LcrH family type III secretion system chaperone SicA	sicA	0	protein-coding		WP_000386309.1	165	IUJ38_RS08825
NZ_CP064385.1	1777161	1778231		minus	SPI-1 type III secretion system export apparatus protein SpaS	spaS	0	protein-coding		WP_000097719.1	356	IUJ38_RS08830
NZ_CP064385.1	1778218	1779009		minus	SPI-1 type III secretion system export apparatus protein SpaR	spaR	0	protein-coding		WP_000498965.1	263	IUJ38_RS08835
NZ_CP064385.1	1779013	1779273		minus	SPI-1 type III secretion system export apparatus protein SpaQ	spaQ	0	protein-coding		WP_000342503.1	86	IUJ38_RS08840
NZ_CP064385.1	1779299	1779973		minus	SPI-1 type III secretion system export apparatus protein SpaP	spaP	0	protein-coding		WP_000526016.1	224	IUJ38_RS08845
NZ_CP064385.1	1779963	1780874		minus	SPI-1 type III secretion system protein SpaO	spaO	0	protein-coding		WP_000058734.1	303	IUJ38_RS08850
NZ_CP064385.1	1780874	1781884		minus	SPI-1 type III secretion system protein SpaN	spaN	0	protein-coding		WP_000503098.1	336	IUJ38_RS08855
NZ_CP064385.1	1781884	1782327		minus	SPI-1 type III secretion system protein SpaM	spaM	0	protein-coding		WP_001520714.1	147	IUJ38_RS08860
NZ_CP064385.1	1782305	1783600		minus	SctN family type III secretion system ATPase InvC	invC	0	protein-coding		WP_000856766.1	431	IUJ38_RS08865
NZ_CP064385.1	1783597	1784004		minus	SPI-1 type III secretion system chaperone SpaK	spaK	0	protein-coding		WP_001164066.1	135	IUJ38_RS08870
NZ_CP064385.1	1784028	1786085		minus	type III secretion system export apparatus protein InvA	invA	0	protein-coding		WP_000927219.1	685	IUJ38_RS08875
NZ_CP064385.1	1786110	1787228		minus	type III secretion system gatekeeper InvE	invE	0	protein-coding		WP_000612171.1	372	IUJ38_RS08880
NZ_CP064385.1	1787225	1788913		minus	type III secretion system outer membrane ring protein InvG	invG	0	protein-coding		WP_000848113.1	562	IUJ38_RS08885
NZ_CP064385.1	1788910	1789560		minus	type III secretion system transcriptional activator InvF	invF	0	protein-coding		WP_001674874.1	216	IUJ38_RS08890
NZ_CP064385.1	1790017	1790460		plus	SPI-1 type III secretion system invasion lipoprotein InvH	invH	0	protein-coding		WP_000715092.1	147	IUJ38_RS08895
NZ_CP064385.1	1790891	1791340		plus	STM2901 family protein		0	protein-coding		WP_000381610.1	149	IUJ38_RS08900
NZ_CP064385.1	1791325	1791672		plus	DUF1493 family protein		0	protein-coding		WP_001669174.1	115	IUJ38_RS08905
NZ_CP064385.1	1791945	1792271		minus	hypothetical protein		0	protein-coding		WP_000393302.1	108	IUJ38_RS08910
NZ_CP064385.1	1792512	1792690		plus	uncharacterized gene		0	pseudogene				IUJ38_RS08915
NZ_CP064385.1	1792960	1793250		plus	type II toxin-antitoxin system TacA family antitoxin		0	protein-coding		WP_000855692.1	96	IUJ38_RS08920
NZ_CP064385.1	1793247	1793774		plus	GNAT family N-acetyltransferase		0	protein-coding		WP_000971655.1	175	IUJ38_RS08925
NZ_CP064385.1	1793847	1794061		minus	uncharacterized gene		0	pseudogene				IUJ38_RS08930
NZ_CP064385.1	1794399	1795055		plus	protein-serine/threonine phosphatase	pphB	0	protein-coding		WP_000420452.1	218	IUJ38_RS08935
NZ_CP064385.1	1795227	1795748		minus	hypothetical protein		0	protein-coding		WP_000858988.1	173	IUJ38_RS08940
NZ_CP064385.1	1795907	1798474		plus	DNA mismatch repair protein MutS	mutS	0	protein-coding		WP_001005807.1	855	IUJ38_RS08945
NZ_CP064385.1	1798530	1798910		minus	DUF4440 domain-containing protein		0	protein-coding		WP_001070479.1	126	IUJ38_RS08950
NZ_CP064385.1	1798907	1800115		minus	MFS transporter		0	protein-coding		WP_000222406.1	402	IUJ38_RS08955
NZ_CP064385.1	1800203	1801135		plus	LysR family transcriptional regulator		0	protein-coding		WP_000216297.1	310	IUJ38_RS08960
NZ_CP064385.1	1801177	1802673		minus	GntP family permease		0	protein-coding		WP_000202727.1	498	IUJ38_RS08965
NZ_CP064385.1	1802670	1803620		minus	D-erythronate dehydrogenase	denD	0	protein-coding		WP_001165740.1	316	IUJ38_RS08970
NZ_CP064385.1	1803660	1804436		minus	HPr family phosphocarrier protein		0	protein-coding		WP_001136888.1	258	IUJ38_RS08975
NZ_CP064385.1	1804441	1805079		minus	3-oxo-tetronate 4-phosphate decarboxylase		0	protein-coding		WP_000153636.1	212	IUJ38_RS08980
NZ_CP064385.1	1805076	1806338		minus	3-oxo-tetronate kinase	otnK	0	protein-coding		WP_000912488.1	420	IUJ38_RS08985
NZ_CP064385.1	1806332	1807255		minus	L-threonate dehydrogenase	ltnD	0	protein-coding		WP_000206958.1	307	IUJ38_RS08990
NZ_CP064385.1	1807452	1808216		plus	DNA-binding transcriptional repressor YgbI	ygbI	0	protein-coding		WP_000613185.1	254	IUJ38_RS08995
NZ_CP064385.1	1808235	1808639		minus	MarR family winged helix-turn-helix transcriptional regulator		0	protein-coding		WP_000423344.1	134	IUJ38_RS09000
NZ_CP064385.1	1808810	1809403		plus	non-oxidative hydroxyarylic acid decarboxylases subunit B		0	protein-coding		WP_001237182.1	197	IUJ38_RS09005
NZ_CP064385.1	1809403	1810830		plus	non-oxidative hydroxyarylic acid decarboxylases subunit C		0	protein-coding		WP_000863168.1	475	IUJ38_RS09010
NZ_CP064385.1	1810841	1811077		plus	non-oxidative hydroxyarylic acid decarboxylases subunit D		0	protein-coding		WP_000562964.1	78	IUJ38_RS09015
NZ_CP064385.1	1811122	1812114		minus	RNA polymerase sigma factor RpoS	rpoS	0	protein-coding		WP_000081498.1	330	IUJ38_RS09020
NZ_CP064385.1	1812177	1813259		minus	murein hydrolase activator NlpD	nlpD	0	protein-coding		WP_223149274.1	360	IUJ38_RS09025
NZ_CP064385.1	1813189	1813347		plus	peptidase		0	protein-coding		WP_223148970.1	52	IUJ38_RS09030
NZ_CP064385.1	1813486	1814112		minus	protein-L-isoaspartate(D-aspartate) O-methyltransferase		0	protein-coding		WP_000253545.1	208	IUJ38_RS09035
NZ_CP064385.1	1814106	1814867		minus	5'/3'-nucleotidase SurE	surE	0	protein-coding		WP_001221538.1	253	IUJ38_RS09040
NZ_CP064385.1	1814848	1815897		minus	tRNA pseudouridine(13) synthase TruD	truD	0	protein-coding		WP_000134246.1	349	IUJ38_RS09045
NZ_CP064385.1	1815894	1816373		minus	2-C-methyl-D-erythritol 2,4-cyclodiphosphate synthase	ispF	0	protein-coding		WP_001219245.1	159	IUJ38_RS09050
NZ_CP064385.1	1816373	1817083		minus	2-C-methyl-D-erythritol 4-phosphate cytidylyltransferase	ispD	0	protein-coding		WP_000741650.1	236	IUJ38_RS09055
NZ_CP064385.1	1817102	1817413		minus	cell division protein FtsB	ftsB	0	protein-coding		WP_000517480.1	103	IUJ38_RS09060
NZ_CP064385.1	1817604	1817927		minus	DUF3561 family protein		0	protein-coding		WP_001537530.1	107	IUJ38_RS09065
NZ_CP064385.1	1817978	1818583		minus	adenylyl-sulfate kinase	cysC	0	protein-coding		WP_001173663.1	201	IUJ38_RS09070
NZ_CP064385.1	1818570	1820009		minus	sulfate adenylyltransferase subunit CysN	cysN	0	protein-coding		WP_001092263.1	479	IUJ38_RS09075
NZ_CP064385.1	1820019	1820927		minus	sulfate adenylyltransferase subunit CysD	cysD	0	protein-coding		WP_000372384.1	302	IUJ38_RS09080
NZ_CP064385.1	1821178	1822224		plus	aminopeptidase		0	protein-coding		WP_000490481.1	348	IUJ38_RS09085
NZ_CP064385.1	1823872	1824165		minus	type I-E CRISPR-associated endoribonuclease Cas2e	cas2e	0	protein-coding		WP_001518648.1	97	IUJ38_RS09090
NZ_CP064385.1	1824165	1825085		minus	type I-E CRISPR-associated endonuclease Cas1e	cas1e	0	protein-coding		WP_000144832.1	306	IUJ38_RS09095
NZ_CP064385.1	1825082	1825732		minus	type I-E CRISPR-associated protein Cas6/Cse3/CasE	cas6e	0	protein-coding		WP_000281486.1	216	IUJ38_RS09100
NZ_CP064385.1	1825714	1826460		minus	type I-E CRISPR-associated protein Cas5/CasD	cas5e	0	protein-coding		WP_000085114.1	248	IUJ38_RS09105
NZ_CP064385.1	1826471	1827529		minus	type I-E CRISPR-associated protein Cas7/Cse4/CasC	cas7e	0	protein-coding		WP_000206415.1	352	IUJ38_RS09110
NZ_CP064385.1	1827543	1828103		minus	type I-E CRISPR-associated protein Cse2/CasB	casB	0	protein-coding		WP_000117946.1	186	IUJ38_RS09115
NZ_CP064385.1	1828100	1829656		minus	type I-E CRISPR-associated protein Cse1/CasA	casA	0	protein-coding		WP_000368584.1	518	IUJ38_RS09120
NZ_CP064385.1	1829668	1832331		minus	CRISPR-associated helicase/endonuclease Cas3		0	protein-coding		WP_000029738.1	887	IUJ38_RS09125
NZ_CP064385.1	1832776	1833729		plus	SPI-1 type III secretion system effector SopD	sopD	0	protein-coding		WP_001145543.1	317	IUJ38_RS09130
NZ_CP064385.1	1833817	1834551		minus	phosphoadenosine phosphosulfate reductase	cysH	0	protein-coding		WP_000080404.1	244	IUJ38_RS09135
NZ_CP064385.1	1834627	1836339		minus	assimilatory sulfite reductase (NADPH) hemoprotein subunit	cysI	0	protein-coding		WP_001290660.1	570	IUJ38_RS09140
NZ_CP064385.1	1836339	1838138		minus	NADPH-dependent assimilatory sulfite reductase flavoprotein subunit	cysJ	0	protein-coding		WP_000210927.1	599	IUJ38_RS09145
NZ_CP064385.1	1838562	1838924		plus	6-carboxytetrahydropterin synthase QueD	queD	0	protein-coding		WP_000108313.1	120	IUJ38_RS09150
NZ_CP064385.1	1839012	1839809		minus	MBL fold metallo-hydrolase		0	protein-coding		WP_001208014.1	265	IUJ38_RS09155
NZ_CP064385.1	1842185	1842856		minus	7-carboxy-7-deazaguanine synthase QueE	queE	0	protein-coding		WP_001199961.1	223	IUJ38_RS09160
NZ_CP064385.1	1842992	1844290		minus	phosphopyruvate hydratase	eno	0	protein-coding		WP_000036734.1	432	IUJ38_RS09165
NZ_CP064385.1	1844373	1846010		minus	glutamine hydrolyzing CTP synthase	pyrG	0	protein-coding		WP_000210863.1	545	IUJ38_RS09170
NZ_CP064385.1	1846238	1847038		minus	nucleoside triphosphate pyrophosphohydrolase	mazG	0	protein-coding		WP_000210449.1	266	IUJ38_RS09175
NZ_CP064385.1	1847644	1847787		plus	uncharacterized gene		0	pseudogene				IUJ38_RS09180
NZ_CP064385.1	1847806	1848102		minus	type II toxin-antitoxin system RelE/ParE family toxin		0	protein-coding		WP_001532579.1	98	IUJ38_RS09185
NZ_CP064385.1	1848068	1848424		minus	type II toxin-antitoxin system ParD family antitoxin		0	protein-coding		WP_000480218.1	118	IUJ38_RS09190
NZ_CP064385.1	1848508	1850742		minus	GTP diphosphokinase	relA	0	protein-coding		WP_000226838.1	744	IUJ38_RS09195
NZ_CP064385.1	1850794	1852089		minus	23S rRNA (uracil(1939)-C(5))-methyltransferase RlmD	rlmD	0	protein-coding		WP_000046849.1	431	IUJ38_RS09200
NZ_CP064385.1	1852147	1854903		plus	two-component sensor histidine kinase BarA	barA	0	protein-coding		WP_000186400.1	918	IUJ38_RS09205
NZ_CP064385.1	1854947	1856089		minus	glycerate kinase		0	protein-coding		WP_000706479.1	380	IUJ38_RS09210
NZ_CP064385.1	1856167	1857507		minus	glucarate dehydratase	gudD	0	protein-coding		WP_000107113.1	446	IUJ38_RS09215
NZ_CP064385.1	1857528	1858868		minus	enolase C-terminal domain-like protein		0	protein-coding		WP_000211739.1	446	IUJ38_RS09220
NZ_CP064385.1	1858865	1860223		minus	galactarate/glucarate/glycerate transporter GudP	gudP	0	protein-coding		WP_000097015.1	452	IUJ38_RS09225
NZ_CP064385.1	1860303	1860554		plus	hypothetical protein		0	protein-coding		WP_001626563.1	83	IUJ38_RS09230
NZ_CP064385.1	1860704	1861153		minus	flavodoxin		0	protein-coding		WP_000807739.1	149	IUJ38_RS09235
NZ_CP064385.1	1861172	1861954		minus	tRNA pseudouridine(65) synthase TruC	truC	0	protein-coding		WP_000890027.1	260	IUJ38_RS09240
NZ_CP064385.1	1861954	1862283		minus	YqcC family protein		0	protein-coding		WP_000207016.1	109	IUJ38_RS09245
NZ_CP064385.1	1862895	1863440		minus	SecY-interacting protein	syd	0	protein-coding		WP_000343990.1	181	IUJ38_RS09250
NZ_CP064385.1	1863509	1864357		plus	NADPH-dependent 7-cyano-7-deazaguanine reductase QueF	queF	0	protein-coding		WP_000100474.1	282	IUJ38_RS09255
NZ_CP064385.1	1864470	1865834		plus	nucleotide 5'-monophosphate nucleosidase PpnN	ppnN	0	protein-coding		WP_000627973.1	454	IUJ38_RS09260
NZ_CP064385.1	1866399	1867688		plus	HAAAP family serine/threonine permease SdaC	sdaC	0	protein-coding		WP_000450462.1	429	IUJ38_RS09265
NZ_CP064385.1	1867747	1869114		plus	L-serine ammonia-lyase II	sdaB	0	protein-coding		WP_000626381.1	455	IUJ38_RS09270
NZ_CP064385.1	1869285	1870040		plus	flap endonuclease Xni	xni	0	protein-coding		WP_001519360.1	251	IUJ38_RS09275
NZ_CP064385.1	1870132	1871280		minus	lactaldehyde reductase	fucO	0	protein-coding		WP_000013565.1	382	IUJ38_RS09280
NZ_CP064385.1	1871297	1871944		minus	L-fuculose-phosphate aldolase	fucA	0	protein-coding		WP_000440819.1	215	IUJ38_RS09285
NZ_CP064385.1	1872499	1873815		plus	L-fucose:H+ symporter permease	fucP	0	protein-coding		WP_000528622.1	438	IUJ38_RS09290
NZ_CP064385.1	1873847	1875622		plus	L-fucose isomerase	fucI	0	protein-coding		WP_000724126.1	591	IUJ38_RS09295
NZ_CP064385.1	1875723	1877141		plus	L-fuculokinase	fucK	0	protein-coding		WP_000806780.1	472	IUJ38_RS09300
NZ_CP064385.1	1877143	1877565		plus	L-fucose mutarotase	fucU	0	protein-coding		WP_000920845.1	140	IUJ38_RS09305
NZ_CP064385.1	1877623	1878333		plus	L-fucose operon activator	fucR	0	protein-coding		WP_000642330.1	236	IUJ38_RS09310
NZ_CP064385.1	1878392	1879492		minus	23S rRNA (cytidine(2498)-2'-O)-methyltransferase RlmM	rlmM	0	protein-coding		WP_001045494.1	366	IUJ38_RS09315
NZ_CP064385.1	1879485	1879880		minus	DUF423 domain-containing protein		0	protein-coding		WP_000203913.1	131	IUJ38_RS09320
NZ_CP064385.1	1879899	1880816		minus	glycine cleavage system transcriptional regulator GcvA	gcvA	0	protein-coding		WP_000044409.1	305	IUJ38_RS09325
NZ_CP064385.1	1881163	1881390		minus	YgdI/YgdR family lipoprotein		0	protein-coding		WP_000750393.1	75	IUJ38_RS09330
NZ_CP064385.1	1881583	1882788		plus	cysteine desulfurase CsdA	csdA	0	protein-coding		WP_000991053.1	401	IUJ38_RS09335
NZ_CP064385.1	1882788	1883231		plus	cysteine desulfurase sulfur acceptor subunit CsdE	csdE	0	protein-coding		WP_000184198.1	147	IUJ38_RS09340
NZ_CP064385.1	1883531	1884418		plus	EamA family transporter RarD	rarD	0	protein-coding		WP_014343890.1	295	IUJ38_RS09345
NZ_CP064385.1	1884470	1885276		minus	tRNA cyclic N6-threonylcarbamoyladenosine(37) synthase TcdA	tcdA	0	protein-coding		WP_000117748.1	268	IUJ38_RS09350
NZ_CP064385.1	1885386	1886483		minus	murein transglycosylase A	mltA	0	protein-coding		WP_000678626.1	365	IUJ38_RS09355
NZ_CP064385.1	1886691	1886767		plus	tRNA-Met		0	tRNA				IUJ38_RS09360
NZ_CP064385.1	1886797	1886873		plus	tRNA-Met		0	tRNA				IUJ38_RS09365
NZ_CP064385.1	1886983	1888236		minus	N-acetylmuramoyl-L-alanine amidase AmiC	amiC	0	protein-coding		WP_000011919.1	417	IUJ38_RS09370
NZ_CP064385.1	1888469	1889800		plus	amino-acid N-acetyltransferase	argA	0	protein-coding		WP_000588964.1	443	IUJ38_RS09375
NZ_CP064385.1	1889903	1891738		minus	exodeoxyribonuclease V subunit alpha	recD	0	protein-coding		WP_000155129.1	611	IUJ38_RS09380
NZ_CP064385.1	1891735	1895280		minus	exodeoxyribonuclease V subunit beta	recB	0	protein-coding		WP_001000527.1	1181	IUJ38_RS09385
NZ_CP064385.1	1895273	1898161		minus	pitrilysin	ptrA	0	protein-coding		WP_001138254.1	962	IUJ38_RS09390
NZ_CP064385.1	1898339	1901710		minus	exodeoxyribonuclease V subunit gamma	recC	0	protein-coding		WP_000946827.1	1123	IUJ38_RS09395
NZ_CP064385.1	1901726	1902046		minus	prepilin-type N-terminal cleavage/methylation domain-containing protein		0	protein-coding		WP_000019286.1	106	IUJ38_RS09400
NZ_CP064385.1	1902031	1902438		minus	DUF2509 family protein		0	protein-coding		WP_001078532.1	135	IUJ38_RS09405
NZ_CP064385.1	1902435	1902998		minus	prepilin peptidase-dependent protein		0	protein-coding		WP_000029150.1	187	IUJ38_RS09410
NZ_CP064385.1	1902989	1903459		minus	prepilin peptidase-dependent protein		0	protein-coding		WP_000744675.1	156	IUJ38_RS09415
NZ_CP064385.1	1903644	1904438		minus	thymidylate synthase	thyA	0	protein-coding		WP_000816247.1	264	IUJ38_RS09420
NZ_CP064385.1	1904445	1905320		minus	prolipoprotein diacylglyceryl transferase	lgt	0	protein-coding		WP_000204645.1	291	IUJ38_RS09425
NZ_CP064385.1	1905536	1907782		minus	phosphoenolpyruvate--protein phosphotransferase	ptsP	0	protein-coding		WP_000957887.1	748	IUJ38_RS09430
NZ_CP064385.1	1907795	1908325		minus	RNA pyrophosphohydrolase	rppH	0	protein-coding		WP_000564481.1	176	IUJ38_RS09435
NZ_CP064385.1	1909008	1909703		plus	DNA mismatch repair endonuclease MutH	mutH	0	protein-coding		WP_001274930.1	231	IUJ38_RS09440
NZ_CP064385.1	1909885	1910598		plus	TerC family protein		0	protein-coding		WP_000895635.1	237	IUJ38_RS09445
NZ_CP064385.1	1910768	1910986		plus	YgdI/YgdR family lipoprotein		0	protein-coding		WP_000758662.1	72	IUJ38_RS09450
NZ_CP064385.1	1911177	1912217		plus	NADP(H)-dependent aldo-keto reductase		0	protein-coding		WP_000558962.1	346	IUJ38_RS09455
NZ_CP064385.1	1912304	1913506		minus	lysophospholipid transporter LplT	lplT	0	protein-coding		WP_000004679.1	400	IUJ38_RS09460
NZ_CP064385.1	1913499	1915658		minus	bifunctional acyl-ACP--phospholipid O-acyltransferase/long-chain-fatty-acid--ACP ligase	aas	0	protein-coding		WP_000896102.1	719	IUJ38_RS09465
NZ_CP064385.1	1916251	1917279		plus	HTH-type transcriptional regulator GalR	galR	0	protein-coding		WP_000201030.1	342	IUJ38_RS09470
NZ_CP064385.1	1917290	1918312		plus	LacI family DNA-binding transcriptional regulator		0	protein-coding		WP_000968354.1	340	IUJ38_RS09475
NZ_CP064385.1	1918322	1919584		minus	diaminopimelate decarboxylase	lysA	0	protein-coding		WP_000056576.1	420	IUJ38_RS09480
NZ_CP064385.1	1919702	1920637		plus	LysR family transcriptional regulator		0	protein-coding		WP_000741798.1	311	IUJ38_RS09485
NZ_CP064385.1	1920609	1921316		minus	aspartate/glutamate racemase		0	protein-coding		WP_000848625.1	235	IUJ38_RS09490
NZ_CP064385.1	1921429	1922847		minus	arabinose-proton symporter AraE	araE	0	protein-coding		WP_000253650.1	472	IUJ38_RS09495
NZ_CP064385.1	1923201	1923962		minus	2-dehydro-3-deoxy-D-gluconate 5-dehydrogenase KduD	kduD	0	protein-coding		WP_000602490.1	253	IUJ38_RS09500
NZ_CP064385.1	1924019	1924855		minus	5-dehydro-4-deoxy-D-glucuronate isomerase	kduI	0	protein-coding		WP_000383271.1	278	IUJ38_RS09505
NZ_CP064385.1	1925285	1926463		minus	acetyl-CoA C-acetyltransferase		0	protein-coding		WP_000665977.1	392	IUJ38_RS09510
NZ_CP064385.1	1926586	1927449		minus	LysR family transcriptional regulator		0	protein-coding		WP_001270763.1	287	IUJ38_RS09515
NZ_CP064385.1	1927553	1928008		plus	multidrug/biocide efflux PACE transporter		0	protein-coding		WP_001519547.1	151	IUJ38_RS09520
NZ_CP064385.1	1928150	1929379		plus	amino acid permease		0	protein-coding		WP_000036825.1	409	IUJ38_RS09525
NZ_CP064385.1	1929410	1929682		minus	Ni(II)/Co(II)-binding transcriptional repressor RcnR	rcnR	0	protein-coding		WP_000019953.1	90	IUJ38_RS09530
NZ_CP064385.1	1929804	1930670		plus	nickel/cobalt efflux protein RcnA		0	protein-coding		WP_000503682.1	288	IUJ38_RS09535
NZ_CP064385.1	1930880	1931638		minus	transcriptional regulator		0	protein-coding		WP_000134792.1	252	IUJ38_RS09540
NZ_CP064385.1	1931625	1932137		minus	CaiF/GrlA family transcriptional regulator		0	protein-coding		WP_000336259.1	170	IUJ38_RS09545
NZ_CP064385.1	1932281	1933357		minus	outer membrane protein		0	protein-coding		WP_000141329.1	358	IUJ38_RS09550
NZ_CP064385.1	1933354	1934097		minus	fimbrial biogenesis chaperone StdC	stdC	0	protein-coding		WP_000798504.1	247	IUJ38_RS09555
NZ_CP064385.1	1934138	1936627		minus	fimbrial outer membrane usher protein StdB	stdB	0	protein-coding		WP_000705484.1	829	IUJ38_RS09560
NZ_CP064385.1	1936747	1937331		minus	fimbrial protein		0	protein-coding		WP_001244638.1	194	IUJ38_RS09565
NZ_CP064385.1	1938050	1938682		minus	YfdX family protein		0	protein-coding		WP_000835265.1	210	IUJ38_RS09570
NZ_CP064385.1	1938729	1939265		minus	STM3031 family outer membrane protein		0	protein-coding		WP_001038506.1	178	IUJ38_RS09575
NZ_CP064385.1	1939945	1940403		minus	IS200/IS605-like element IS200F family transposase	tnpA	0	protein-coding		WP_000502119.1	152	IUJ38_RS09580
NZ_CP064385.1	1940783	1941181		minus	tRNA(fMet)-specific endonuclease VapC	vapC	0	protein-coding		WP_000911336.1	132	IUJ38_RS09585
NZ_CP064385.1	1941181	1941408		minus	toxin-antitoxin system antitoxin VapB	vapB	0	protein-coding		WP_000557549.1	75	IUJ38_RS09590
NZ_CP064385.1	1941585	1941836		plus	phospholipase D-like domain-containing protein		0	protein-coding		WP_001540858.1	83	IUJ38_RS09595
NZ_CP064385.1	1942111	1942917		plus	DUF1460 domain-containing protein		0	protein-coding		WP_010989071.1	268	IUJ38_RS09600
NZ_CP064385.1	1943049	1943122		minus	tRNA-Gly		0	tRNA				IUJ38_RS09605
NZ_CP064385.1	1943202	1943960		minus	amidase activator ActS	actS	0	protein-coding		WP_000244329.1	252	IUJ38_RS09610
NZ_CP064385.1	1944225	1944770		plus	isopentenyl-diphosphate Delta-isomerase	idi	0	protein-coding		WP_000133994.1	181	IUJ38_RS09615
NZ_CP064385.1	1944846	1946363		minus	lysine--tRNA ligase	lysS	0	protein-coding		WP_000003339.1	505	IUJ38_RS09620
NZ_CP064385.1	1946373	1947471		minus	peptide chain release factor 2	prfB	0	protein-coding		WP_010989230.1	365	IUJ38_RS09625
NZ_CP064385.1	1947576	1949309		minus	single-stranded-DNA-specific exonuclease RecJ	recJ	0	protein-coding		WP_000813394.1	577	IUJ38_RS09630
NZ_CP064385.1	1949315	1950028		minus	bifunctional protein-disulfide isomerase/oxidoreductase DsbC	dsbC	0	protein-coding		WP_000745625.1	237	IUJ38_RS09635
NZ_CP064385.1	1950052	1950948		minus	site-specific tyrosine recombinase XerD	xerD	0	protein-coding		WP_000434302.1	298	IUJ38_RS09640
NZ_CP064385.1	1951061	1951582		plus	flavodoxin FldB	fldB	0	protein-coding		WP_001055885.1	173	IUJ38_RS09645
NZ_CP064385.1	1951635	1952048		minus	protein YgfX		0	protein-coding		WP_000244756.1	137	IUJ38_RS09650
NZ_CP064385.1	1952029	1952295		minus	FAD assembly factor SdhE	sdhE	0	protein-coding		WP_000351186.1	88	IUJ38_RS09655
NZ_CP064385.1	1952545	1953525		plus	tRNA-modifying protein YgfZ	ygfZ	0	protein-coding		WP_000874172.1	326	IUJ38_RS09660
NZ_CP064385.1	1953641	1954300		minus	PAQR family membrane homeostasis protein TrhA	trhA	0	protein-coding		WP_000250289.1	219	IUJ38_RS09665
NZ_CP064385.1	1954464	1954775		minus	N(4)-acetylcytidine aminohydrolase	yqfB	0	protein-coding		WP_001182976.1	103	IUJ38_RS09670
NZ_CP064385.1	1954934	1956367		plus	6-phospho-beta-glucosidase BglA	bglA	0	protein-coding		WP_001230141.1	477	IUJ38_RS09675
NZ_CP064385.1	1956415	1957308		minus	transporter		0	protein-coding		WP_000819369.1	297	IUJ38_RS09680
NZ_CP064385.1	1957764	1960637		minus	aminomethyl-transferring glycine dehydrogenase	gcvP	0	protein-coding		WP_000194975.1	957	IUJ38_RS09685
NZ_CP064385.1	1960800	1961189		minus	glycine cleavage system protein GcvH	gcvH	0	protein-coding		WP_000073211.1	129	IUJ38_RS09690
NZ_CP064385.1	1961215	1962309		minus	glycine cleavage system aminomethyltransferase GcvT	gcvT	0	protein-coding		WP_000068738.1	364	IUJ38_RS09695
NZ_CP064385.1	1962764	1963966		minus	FAD-dependent 2-octaprenylphenol hydroxylase	ubiI	0	protein-coding		WP_001192144.1	400	IUJ38_RS09700
NZ_CP064385.1	1964092	1965270		minus	2-octaprenyl-6-methoxyphenyl hydroxylase	ubiH	0	protein-coding		WP_000111140.1	392	IUJ38_RS09705
NZ_CP064385.1	1965267	1966583		minus	Xaa-Pro aminopeptidase	pepP	0	protein-coding		WP_000193679.1	438	IUJ38_RS09710
NZ_CP064385.1	1966609	1967187		minus	YecA/YgfB family protein		0	protein-coding		WP_000027236.1	192	IUJ38_RS09715
NZ_CP064385.1	1967354	1967683		plus	cell division protein ZapA	zapA	0	protein-coding		WP_001276011.1	109	IUJ38_RS09720
NZ_CP064385.1	1967725	1967908		plus	6S RNA	ssrS	0	ncRNA				IUJ38_RS09725
NZ_CP064385.1	1967929	1968525		plus	5-formyltetrahydrofolate cyclo-ligase		0	protein-coding		WP_001520956.1	198	IUJ38_RS09730
NZ_CP064385.1	1968906	1970138		minus	phosphoglycerate dehydrogenase	serA	0	protein-coding		WP_001151627.1	410	IUJ38_RS09735
NZ_CP064385.1	1970404	1971063		minus	ribose-5-phosphate isomerase RpiA	rpiA	0	protein-coding		WP_000189741.1	219	IUJ38_RS09740
NZ_CP064385.1	1971217	1972110		plus	DNA-binding transcriptional regulator ArgP	argP	0	protein-coding		WP_000828345.1	297	IUJ38_RS09745
NZ_CP064385.1	1972376	1973122		minus	oxidative stress defense protein		0	protein-coding		WP_000669854.1	248	IUJ38_RS09750
NZ_CP064385.1	1973216	1973851		minus	arginine exporter ArgO	argO	0	protein-coding		WP_000626863.1	211	IUJ38_RS09755
NZ_CP064385.1	1974051	1974911		minus	small-conductance mechanosensitive channel MscS		0	protein-coding		WP_000389833.1	286	IUJ38_RS09760
NZ_CP064385.1	1975138	1976217		minus	class II fructose-bisphosphate aldolase	fbaA	0	protein-coding		WP_000034386.1	359	IUJ38_RS09765
NZ_CP064385.1	1976319	1977482		minus	phosphoglycerate kinase	pgk	0	protein-coding		WP_000111274.1	387	IUJ38_RS09770
NZ_CP064385.1	1977504	1978550		minus	erythrose-4-phosphate dehydrogenase	epd	0	protein-coding		WP_000218338.1	348	IUJ38_RS09775
NZ_CP064385.1	1978924	1979349		plus	PPC domain-containing DNA-binding protein		0	protein-coding		WP_000218569.1	141	IUJ38_RS09780
NZ_CP064385.1	1979375	1979953		plus	ECF transporter S component		0	protein-coding		WP_000124001.1	192	IUJ38_RS09785
NZ_CP064385.1	1979954	1980661		plus	energy-coupling factor transporter transmembrane component T		0	protein-coding		WP_000553271.1	235	IUJ38_RS09790
NZ_CP064385.1	1980649	1981326		plus	ABC transporter ATP-binding protein		0	protein-coding		WP_001520421.1	225	IUJ38_RS09795
NZ_CP064385.1	1981320	1981976		plus	ABC transporter ATP-binding protein		0	protein-coding		WP_000956930.1	218	IUJ38_RS09800
NZ_CP064385.1	1982020	1984011		minus	transketolase	tkt	0	protein-coding		WP_000098655.1	663	IUJ38_RS09805
NZ_CP064385.1	1984287	1985045		plus	metalloprotease LoiP		0	protein-coding		WP_000701830.1	252	IUJ38_RS09810
NZ_CP064385.1	1985058	1985142		minus	uncharacterized gene		0	pseudogene				IUJ38_RS24325
NZ_CP064385.1	1985146	1986066		minus	agmatinase	speB	0	protein-coding		WP_000105550.1	306	IUJ38_RS09815
NZ_CP064385.1	1986271	1987227		minus	alpha/beta fold hydrolase		0	protein-coding		WP_014344408.1	318	IUJ38_RS09820
NZ_CP064385.1	1987441	1987914		minus	NanQ anomerase/TabA/YiaL family protein		0	protein-coding		WP_000965538.1	157	IUJ38_RS09825
NZ_CP064385.1	1987953	1988960		minus	Ldh family oxidoreductase		0	protein-coding		WP_000104232.1	335	IUJ38_RS09830
NZ_CP064385.1	1988974	1989990		minus	zinc-binding alcohol dehydrogenase family protein		0	protein-coding		WP_000853913.1	338	IUJ38_RS09835
NZ_CP064385.1	1989993	1991465		minus	mannitol dehydrogenase family protein		0	protein-coding		WP_000379524.1	490	IUJ38_RS09840
NZ_CP064385.1	1992315	1992410		plus	hypothetical protein		0	protein-coding		WP_001275590.1	31	IUJ38_RS24145
NZ_CP064385.1	1992725	1993525		minus	FadR/GntR family transcriptional regulator		0	protein-coding		WP_001576357.1	266	IUJ38_RS09850
NZ_CP064385.1	1993679	1994410		minus	hypothetical protein		0	protein-coding		WP_000032793.1	243	IUJ38_RS09855
NZ_CP064385.1	1994554	1996530		minus	biosynthetic arginine decarboxylase	speA	0	protein-coding		WP_001278580.1	658	IUJ38_RS09860
NZ_CP064385.1	1996539	1996670		minus	acid stress response protein YqgB	yqgB	0	protein-coding		WP_000729109.1	43	IUJ38_RS09865
NZ_CP064385.1	1996756	1996905		minus	hypothetical protein		0	protein-coding		WP_001751809.1	49	IUJ38_RS24150
NZ_CP064385.1	1996965	1997264		minus	hypothetical protein		0	protein-coding		WP_001540882.1	99	IUJ38_RS09870
NZ_CP064385.1	1997320	1998474		plus	methionine adenosyltransferase	metK	0	protein-coding		WP_001062140.1	384	IUJ38_RS09875
NZ_CP064385.1	1998967	2000361		plus	galactose/proton symporter	galP	0	protein-coding		WP_001113171.1	464	IUJ38_RS09880
NZ_CP064385.1	2000440	2000937		plus	SprT family zinc-dependent metalloprotease		0	protein-coding		WP_000856775.1	165	IUJ38_RS09885
NZ_CP064385.1	2001032	2001739		plus	deoxyribonuclease I	endA	0	protein-coding		WP_000286122.1	235	IUJ38_RS09890
NZ_CP064385.1	2001816	2002547		plus	16S rRNA (uracil(1498)-N(3))-methyltransferase	rsmE	0	protein-coding		WP_001222489.1	243	IUJ38_RS09895
NZ_CP064385.1	2002567	2003514		plus	glutathione synthase	gshB	0	protein-coding		WP_000593248.1	315	IUJ38_RS09900
NZ_CP064385.1	2003730	2004293		plus	YqgE/AlgH family protein		0	protein-coding		WP_001053171.1	187	IUJ38_RS09905
NZ_CP064385.1	2004293	2004709		plus	Holliday junction resolvase RuvX	ruvX	0	protein-coding		WP_000017096.1	138	IUJ38_RS09910
NZ_CP064385.1	2004756	2005442		minus	IclR family transcriptional regulator		0	protein-coding		WP_000098329.1	228	IUJ38_RS09915
NZ_CP064385.1	2005574	2006554		minus	type IV pilus twitching motility protein PilT		0	protein-coding		WP_001055649.1	326	IUJ38_RS09920
NZ_CP064385.1	2006572	2007276		plus	YggS family pyridoxal phosphate-dependent enzyme		0	protein-coding		WP_000997812.1	234	IUJ38_RS09925
NZ_CP064385.1	2007295	2007861		plus	YggT family protein		0	protein-coding		WP_001094848.1	188	IUJ38_RS09930
NZ_CP064385.1	2007858	2008148		plus	DUF167 family protein YggU	yggU	0	protein-coding		WP_001277201.1	96	IUJ38_RS09935
NZ_CP064385.1	2008156	2008749		plus	XTP/dITP diphosphatase		0	protein-coding		WP_001174769.1	197	IUJ38_RS09940
NZ_CP064385.1	2008742	2009878		plus	radical SAM family heme chaperone HemW	hemW	0	protein-coding		WP_001096518.1	378	IUJ38_RS09945
NZ_CP064385.1	2009969	2010976		minus	DUF1202 domain-containing protein		0	protein-coding		WP_000252197.1	335	IUJ38_RS09950
NZ_CP064385.1	2011109	2012155		minus	L-asparaginase 2	ansB	0	protein-coding		WP_000394189.1	348	IUJ38_RS09955
NZ_CP064385.1	2012344	2013063		minus	YggN family protein		0	protein-coding		WP_000984838.1	239	IUJ38_RS09960
NZ_CP064385.1	2013113	2013439		minus	YggL family protein		0	protein-coding		WP_001107574.1	108	IUJ38_RS09965
NZ_CP064385.1	2013439	2014158		minus	tRNA (guanosine(46)-N7)-methyltransferase TrmB	trmB	0	protein-coding		WP_000786895.1	239	IUJ38_RS09970
NZ_CP064385.1	2014313	2015365		plus	A/G-specific adenine glycosylase	mutY	0	protein-coding		WP_001148956.1	350	IUJ38_RS09975
NZ_CP064385.1	2015393	2015668		plus	oxidative damage protection protein		0	protein-coding		WP_000091706.1	91	IUJ38_RS09980
NZ_CP064385.1	2015781	2016866		plus	membrane-bound lytic murein transglycosylase MltC	mltC	0	protein-coding		WP_000976289.1	361	IUJ38_RS09985
NZ_CP064385.1	2017083	2018339		plus	nucleoside permease		0	protein-coding		WP_001049804.1	418	IUJ38_RS09990
NZ_CP064385.1	2018401	2020536		minus	ornithine decarboxylase		0	protein-coding		WP_000839738.1	711	IUJ38_RS09995
NZ_CP064385.1	2020961	2021668		plus	DUF554 domain-containing protein		0	protein-coding		WP_000234466.1	235	IUJ38_RS10000
NZ_CP064385.1	2021774	2021849		plus	tRNA-Phe		0	tRNA				IUJ38_RS10005
NZ_CP064385.1	2022008	2022388		minus	VOC family protein		0	protein-coding		WP_000582675.1	126	IUJ38_RS10010
NZ_CP064385.1	2022453	2023778		minus	itaconate CoA-transferase RipA/Ict	ripA	0	protein-coding		WP_000982337.1	441	IUJ38_RS10015
NZ_CP064385.1	2023803	2024330		minus	(R)-specific enoyl-CoA hydratase RipB/Ich	ripB	0	protein-coding		WP_001094307.1	175	IUJ38_RS10020
NZ_CP064385.1	2024354	2025196		minus	itaconate degradation C-C-lyase RipC	ripC	0	protein-coding		WP_001112897.1	280	IUJ38_RS10025
NZ_CP064385.1	2025288	2026166		plus	itaconate degradation transcriptional regulator RipR	ripR	0	protein-coding		WP_000423170.1	292	IUJ38_RS10030
NZ_CP064385.1	2026214	2027953		minus	arylsulfatase		0	protein-coding		WP_000712459.1	579	IUJ38_RS10035
NZ_CP064385.1	2028022	2029206		minus	anaerobic sulfatase maturase		0	protein-coding		WP_000933432.1	394	IUJ38_RS10040
NZ_CP064385.1	2029718	2030401		plus	helix-turn-helix transcriptional regulator		0	protein-coding		WP_001275362.1	227	IUJ38_RS10045
NZ_CP064385.1	2030505	2031062		minus	DUF3156 family protein		0	protein-coding		WP_000100106.1	185	IUJ38_RS10050
NZ_CP064385.1	2031040	2032539		minus	APC family permease		0	protein-coding		WP_000475960.1	499	IUJ38_RS10055
NZ_CP064385.1	2032748	2033122		minus	cupin domain-containing protein		0	protein-coding		WP_001147546.1	124	IUJ38_RS10060
NZ_CP064385.1	2033137	2034438		minus	NAD(P)/FAD-dependent oxidoreductase		0	protein-coding		WP_001092814.1	433	IUJ38_RS10065
NZ_CP064385.1	2034600	2036084		plus	NAD-dependent phenylacetaldehyde dehydrogenase		0	protein-coding		WP_001286388.1	494	IUJ38_RS10070
NZ_CP064385.1	2036220	2036600		minus	anti-adapter protein IraD	iraD	0	protein-coding		WP_000988938.1	126	IUJ38_RS10075
NZ_CP064385.1	2036600	2037085		minus	Hcp family type VI secretion system effector		0	protein-coding		WP_000338754.1	161	IUJ38_RS10080
NZ_CP064385.1	2037811	2038734		minus	polysaccharide deacetylase family protein		0	protein-coding		WP_000540889.1	307	IUJ38_RS10085
NZ_CP064385.1	2038773	2039651		minus	carbon-nitrogen hydrolase family protein		0	protein-coding		WP_001137806.1	292	IUJ38_RS10090
NZ_CP064385.1	2040047	2041351		minus	MFS transporter		0	protein-coding		WP_000784371.1	434	IUJ38_RS10095
NZ_CP064385.1	2041756	2042940		plus	mannonate dehydratase	uxuA	0	protein-coding		WP_000815487.1	394	IUJ38_RS10100
NZ_CP064385.1	2043051	2044523		plus	fructuronate reductase		0	protein-coding		WP_000437132.1	490	IUJ38_RS10105
NZ_CP064385.1	2044535	2045947		plus	glucuronate isomerase	uxaC	0	protein-coding		WP_000190182.1	470	IUJ38_RS10110
NZ_CP064385.1	2046247	2047305		minus	methyl-accepting chemotaxis protein		0	protein-coding		WP_000475246.1	352	IUJ38_RS10115
NZ_CP064385.1	2047975	2049831		minus	bifunctional glutathionylspermidine amidase/synthase	gss	0	protein-coding		WP_000033690.1	618	IUJ38_RS10120
NZ_CP064385.1	2050058	2050924		plus	glutathione-dependent disulfide-bond oxidoreductase	yghU	0	protein-coding		WP_000774852.1	288	IUJ38_RS10125
NZ_CP064385.1	2050992	2051702		minus	molybdate ABC transporter substrate-binding protein		0	protein-coding		WP_001220944.1	236	IUJ38_RS10130
NZ_CP064385.1	2051702	2052754		minus	ABC transporter substrate-binding protein		0	protein-coding		WP_001032007.1	350	IUJ38_RS10135
NZ_CP064385.1	2052830	2053078		minus	hydrogenase maturation factor HybG	hybG	0	protein-coding		WP_000334887.1	82	IUJ38_RS10140
NZ_CP064385.1	2053106	2053447		minus	hydrogenase maturation nickel metallochaperone HypA	hypA	0	protein-coding		WP_000544945.1	113	IUJ38_RS10145
NZ_CP064385.1	2053440	2053928		minus	hydrogenase-2 assembly chaperone	hybE	0	protein-coding		WP_000004953.1	162	IUJ38_RS10150
NZ_CP064385.1	2053921	2054415		minus	HyaD/HybD family hydrogenase maturation endopeptidase		0	protein-coding		WP_001221960.1	164	IUJ38_RS10155
NZ_CP064385.1	2054415	2056118		minus	hydrogenase 2 large subunit	hybC	0	protein-coding		WP_000083044.1	567	IUJ38_RS10160
NZ_CP064385.1	2056115	2057293		minus	Ni/Fe-hydrogenase cytochrome b subunit	hybB	0	protein-coding		WP_000017678.1	392	IUJ38_RS10165
NZ_CP064385.1	2057283	2058269		minus	hydrogenase 2 operon protein HybA	hybA	0	protein-coding		WP_001081721.1	328	IUJ38_RS10170
NZ_CP064385.1	2058272	2059390		minus	hydrogenase 2 small subunit	hybO	0	protein-coding		WP_000145429.1	372	IUJ38_RS10175
NZ_CP064385.1	2059580	2059867		minus	DUF2623 family protein		0	protein-coding		WP_001059119.1	95	IUJ38_RS10180
NZ_CP064385.1	2059952	2061595		minus	methyl-accepting chemotaxis protein		0	protein-coding		WP_001238434.1	547	IUJ38_RS10185
NZ_CP064385.1	2061902	2062396		minus	TIGR00645 family protein		0	protein-coding		WP_000439335.1	164	IUJ38_RS10190
NZ_CP064385.1	2062676	2063179		minus	ESA_00282 family adhesion-associated protein		0	protein-coding		WP_001519110.1	167	IUJ38_RS10195
NZ_CP064385.1	2063283	2063693		plus	hypothetical protein		0	protein-coding		WP_000936444.1	136	IUJ38_RS10200
NZ_CP064385.1	2063680	2064084		plus	hypothetical protein		0	protein-coding		WP_000665657.1	134	IUJ38_RS10205
NZ_CP064385.1	2064208	2065092		plus	SDR family oxidoreductase		0	protein-coding		WP_000019032.1	294	IUJ38_RS10210
NZ_CP064385.1	2065205	2065630		minus	TonB system transport protein ExbD	exbD	0	protein-coding		WP_001251476.1	141	IUJ38_RS10215
NZ_CP064385.1	2065637	2066371		minus	tol-pal system-associated acyl-CoA thioesterase	exbB	0	protein-coding		WP_000527859.1	244	IUJ38_RS10220
NZ_CP064385.1	2066623	2067810		plus	cystathionine beta-lyase	metC	0	protein-coding		WP_000130262.1	395	IUJ38_RS10225
NZ_CP064385.1	2067950	2068609		plus	DedA family general envelope maintenance protein YghB	yghB	0	protein-coding		WP_000268441.1	219	IUJ38_RS10230
NZ_CP064385.1	2068673	2069572		minus	AraC family transcriptional regulator		0	protein-coding		WP_001541751.1	299	IUJ38_RS10235
NZ_CP064385.1	2069765	2070928		plus	alcohol dehydrogenase	yqhD	0	protein-coding		WP_001058724.1	387	IUJ38_RS10240
NZ_CP064385.1	2071034	2071861		plus	2,5-didehydrogluconate reductase DkgA	dkgA	0	protein-coding		WP_000013100.1	275	IUJ38_RS10245
NZ_CP064385.1	2072027	2073511		plus	DASS family sodium-coupled anion symporter		0	protein-coding		WP_000547731.1	494	IUJ38_RS10250
NZ_CP064385.1	2073556	2074011		plus	HIT family protein		0	protein-coding		WP_000128242.1	151	IUJ38_RS10255
NZ_CP064385.1	2074169	2074363		minus	hypothetical protein		0	protein-coding		WP_000525382.1	64	IUJ38_RS10260
NZ_CP064385.1	2074566	2076737		minus	YgiQ family radical SAM protein		0	protein-coding		WP_001274458.1	723	IUJ38_RS10265
NZ_CP064385.1	2077225	2078208		plus	TRAP transporter substrate-binding protein		0	protein-coding		WP_000799367.1	327	IUJ38_RS10270
NZ_CP064385.1	2078250	2078732		plus	TRAP transporter small permease		0	protein-coding		WP_001221827.1	160	IUJ38_RS10275
NZ_CP064385.1	2078743	2080050		plus	TRAP transporter large permease		0	protein-coding		WP_000345257.1	435	IUJ38_RS10280
NZ_CP064385.1	2080095	2081507		minus	cell division protein FtsP	ftsP	0	protein-coding		WP_000010658.1	470	IUJ38_RS10285
NZ_CP064385.1	2081581	2082318		minus	1-acylglycerol-3-phosphate O-acyltransferase	plsC	0	protein-coding		WP_000965730.1	245	IUJ38_RS10290
NZ_CP064385.1	2082575	2084833		minus	DNA topoisomerase IV subunit A	parC	0	protein-coding		WP_001281908.1	752	IUJ38_RS10295
NZ_CP064385.1	2084944	2085810		minus	AraC family transcriptional regulator		0	protein-coding		WP_000998789.1	288	IUJ38_RS10300
NZ_CP064385.1	2085882	2086274		minus	YgiW/YdeI family stress tolerance OB fold protein		0	protein-coding		WP_000731552.1	130	IUJ38_RS10305
NZ_CP064385.1	2086426	2087085		plus	quorum sensing response regulator transcription factor QseB	qseB	0	protein-coding		WP_001221574.1	219	IUJ38_RS10310
NZ_CP064385.1	2087082	2088431		plus	quorum sensing histidine kinase QseC	qseC	0	protein-coding		WP_000779328.1	449	IUJ38_RS10315
NZ_CP064385.1	2088538	2089119		plus	NAD(P)H-dependent oxidoreductase		0	protein-coding		WP_000065416.1	193	IUJ38_RS10320
NZ_CP064385.1	2089151	2089465		plus	putative quinol monooxygenase		0	protein-coding		WP_000958587.1	104	IUJ38_RS10325
NZ_CP064385.1	2089590	2091482		minus	DNA topoisomerase IV subunit B	parE	0	protein-coding		WP_000195318.1	630	IUJ38_RS10330
NZ_CP064385.1	2091510	2092091		minus	esterase YqiA	yqiA	0	protein-coding		WP_000105726.1	193	IUJ38_RS10335
NZ_CP064385.1	2092091	2092918		minus	3',5'-cyclic-AMP phosphodiesterase	cpdA	0	protein-coding		WP_000444735.1	275	IUJ38_RS10340
NZ_CP064385.1	2092943	2093365		minus	DUF1249 family protein		0	protein-coding		WP_000833405.1	140	IUJ38_RS10345
NZ_CP064385.1	2093362	2093994		minus	ADP-ribose diphosphatase	nudF	0	protein-coding		WP_001231952.1	210	IUJ38_RS10350
NZ_CP064385.1	2094195	2095670		plus	outer membrane channel protein TolC	tolC	0	protein-coding		WP_014343899.1	491	IUJ38_RS10355
NZ_CP064385.1	2095883	2096554		plus	DUF1190 family protein		0	protein-coding		WP_000831528.1	223	IUJ38_RS10360
NZ_CP064385.1	2096560	2097723		plus	glutathionylspermidine synthase family protein		0	protein-coding		WP_000442833.1	387	IUJ38_RS10365
NZ_CP064385.1	2097785	2098573		minus	4,5-DOPA-extradiol-dioxygenase	ygiD	0	protein-coding		WP_001520560.1	262	IUJ38_RS10370
NZ_CP064385.1	2098714	2099487		plus	zinc transporter ZupT	zupT	0	protein-coding		WP_000115874.1	257	IUJ38_RS10375
NZ_CP064385.1	2099554	2099730		minus	hypothetical protein		0	protein-coding		WP_000469259.1	58	IUJ38_RS24155
NZ_CP064385.1	2100130	2101925		plus	uncharacterized gene		0	pseudogene				IUJ38_RS10380
NZ_CP064385.1	2101945	2102616		plus	thiol:disulfide interchange protein DsbA/DsbL		0	protein-coding		WP_000096230.1	223	IUJ38_RS10385
NZ_CP064385.1	2102631	2103308		plus	protein-disulfide oxidoreductase DsbI	dsbI	0	protein-coding		WP_000345576.1	225	IUJ38_RS10390
NZ_CP064385.1	2103479	2104132		minus	3,4-dihydroxy-2-butanone-4-phosphate synthase	ribB	0	protein-coding		WP_001076978.1	217	IUJ38_RS10395
NZ_CP064385.1	2104569	2104868		plus	ubiquinone biosynthesis accessory factor UbiK	ubiK	0	protein-coding		WP_000566825.1	99	IUJ38_RS10400
NZ_CP064385.1	2104942	2105151		minus	cell surface composition regulator GlgS	glgS	0	protein-coding		WP_000928927.1	69	IUJ38_RS10405
NZ_CP064385.1	2105409	2106029		plus	OB-fold-containig protein		0	protein-coding		WP_000171739.1	206	IUJ38_RS10410
NZ_CP064385.1	2106048	2107727		plus	flotillin family protein		0	protein-coding		WP_000342878.1	559	IUJ38_RS10415
NZ_CP064385.1	2107967	2108026		plus	type I toxin-antitoxin system Ibs family toxin		0	protein-coding		WP_001804776.1	19	IUJ38_RS10420
NZ_CP064385.1	2108187	2109620		minus	bifunctional D-glycero-beta-D-manno-heptose-7-phosphate kinase/D-glycero-beta-D-manno-heptose 1-phosphate adenylyltransferase HldE	hldE	0	protein-coding		WP_000867682.1	477	IUJ38_RS10425
NZ_CP064385.1	2109668	2112511		minus	bifunctional [glutamate--ammonia ligase]-adenylyl-L-tyrosine phosphorylase/[glutamate--ammonia-ligase] adenylyltransferase	glnE	0	protein-coding		WP_000188309.1	947	IUJ38_RS10430
NZ_CP064385.1	2112629	2113930		minus	CYTH domain-containing protein		0	protein-coding		WP_000046230.1	433	IUJ38_RS10435
NZ_CP064385.1	2114172	2114786		plus	TIGR04211 family SH3 domain-containing protein		0	protein-coding		WP_001125344.1	204	IUJ38_RS10440
NZ_CP064385.1	2114849	2116090		plus	multifunctional CCA addition/repair protein		0	protein-coding		WP_000708443.1	413	IUJ38_RS10445
NZ_CP064385.1	2116195	2117016		minus	undecaprenyl-diphosphate phosphatase	bacA	0	protein-coding		WP_001281933.1	273	IUJ38_RS10450
NZ_CP064385.1	2117114	2117473		minus	bifunctional dihydroneopterin aldolase/7,8-dihydroneopterin epimerase	folB	0	protein-coding		WP_000355776.1	119	IUJ38_RS10455
NZ_CP064385.1	2117580	2118191		plus	glycerol-3-phosphate 1-O-acyltransferase PlsY	plsY	0	protein-coding		WP_001272784.1	203	IUJ38_RS10460
NZ_CP064385.1	2118175	2118319		plus	uncharacterized gene		0	pseudogene				IUJ38_RS10465
NZ_CP064385.1	2118275	2118418		minus	hypothetical protein		0	protein-coding		WP_001135050.1	47	IUJ38_RS24160
NZ_CP064385.1	2118442	2119455		minus	tRNA (adenosine(37)-N6)-threonylcarbamoyltransferase complex transferase subunit TsaD	tsaD	0	protein-coding		WP_001264394.1	337	IUJ38_RS10475
NZ_CP064385.1	2119683	2119898		plus	30S ribosomal protein S21	rpsU	0	protein-coding		WP_001144069.1	71	IUJ38_RS10480
NZ_CP064385.1	2120134	2121879		plus	DNA primase	dnaG	0	protein-coding		WP_000918865.1	581	IUJ38_RS10485
NZ_CP064385.1	2122029	2123876		plus	RNA polymerase sigma factor RpoD	rpoD	0	protein-coding		WP_001519776.1	615	IUJ38_RS10490
NZ_CP064385.1	2124000	2124506		minus	G/U mismatch-specific DNA glycosylase	mug	0	protein-coding		WP_000237776.1	168	IUJ38_RS10495
NZ_CP064385.1	2124632	2124707		plus	tRNA-Ile		0	tRNA				IUJ38_RS10500
NZ_CP064385.1	2124787	2125554		minus	siderophore-interacting protein		0	protein-coding		WP_000213760.1	255	IUJ38_RS10505
NZ_CP064385.1	2125786	2126433		plus	PadR family transcriptional regulator		0	protein-coding		WP_000983441.1	215	IUJ38_RS10510
NZ_CP064385.1	2126430	2127995		minus	methyl-accepting chemotaxis protein		0	protein-coding		WP_000478472.1	521	IUJ38_RS10515
NZ_CP064385.1	2128383	2129903		minus	methyl-accepting chemotaxis protein		0	protein-coding		WP_000094651.1	506	IUJ38_RS10520
NZ_CP064385.1	2130333	2131712		plus	putrescine aminotransferase	ygjG	0	protein-coding		WP_001520281.1	459	IUJ38_RS10525
NZ_CP064385.1	2131883	2133901		plus	NADPH-dependent 2,4-dienoyl-CoA reductase		0	protein-coding		WP_000121523.1	672	IUJ38_RS10530
NZ_CP064385.1	2133982	2135118		minus	23S rRNA (guanine(1835)-N(2))-methyltransferase RlmG	rlmG	0	protein-coding		WP_000019989.1	378	IUJ38_RS10535
NZ_CP064385.1	2135204	2135701		plus	M48 metallopeptidase family protein		0	protein-coding		WP_000202966.1	165	IUJ38_RS10540
NZ_CP064385.1	2135853	2136545		plus	SanA/YdcF family protein		0	protein-coding		WP_000951049.1	230	IUJ38_RS10545
NZ_CP064385.1	2136634	2137632		plus	Gfo/Idh/MocA family protein		0	protein-coding		WP_000617687.1	332	IUJ38_RS10550
NZ_CP064385.1	2137905	2138873		plus	TerC family protein		0	protein-coding		WP_001098833.1	322	IUJ38_RS10555
NZ_CP064385.1	2139128	2140372		plus	serine/threonine transporter SstT	sstT	0	protein-coding		WP_000235363.1	414	IUJ38_RS10560
NZ_CP064385.1	2140822	2141484		plus	DedA family general envelope maintenance protein YqjA	yqjA	0	protein-coding		WP_000422143.1	220	IUJ38_RS10565
NZ_CP064385.1	2141488	2141871		plus	EnvZ/OmpR regulon moderator MzrA	mzrA	0	protein-coding		WP_000917516.1	127	IUJ38_RS10570
NZ_CP064385.1	2142016	2142384		plus	DUF1090 domain-containing protein		0	protein-coding		WP_000877297.1	122	IUJ38_RS10575
NZ_CP064385.1	2142426	2142731		plus	ElaB/YgaM/YqjD family protein		0	protein-coding		WP_000031219.1	101	IUJ38_RS10580
NZ_CP064385.1	2142734	2143132		plus	phage holin family protein		0	protein-coding		WP_000785626.1	132	IUJ38_RS10585
NZ_CP064385.1	2143129	2143428		plus	YqjK-like family protein		0	protein-coding		WP_000095496.1	99	IUJ38_RS10590
NZ_CP064385.1	2143666	2144058		plus	DoxX family protein		0	protein-coding		WP_001592732.1	130	IUJ38_RS10595
NZ_CP064385.1	2144126	2145112		plus	glutathione S-transferase family protein		0	protein-coding		WP_000531161.1	328	IUJ38_RS10600
NZ_CP064385.1	2145236	2145601		plus	DUF805 domain-containing protein		0	protein-coding		WP_000384139.1	121	IUJ38_RS10605
NZ_CP064385.1	2145640	2146536		minus	DNA-binding transcriptional regulator YhaJ	yhaJ	0	protein-coding		WP_001041026.1	298	IUJ38_RS10610
NZ_CP064385.1	2146641	2147342		plus	pirin family protein		0	protein-coding		WP_000633547.1	233	IUJ38_RS10615
NZ_CP064385.1	2147366	2147530		plus	hypothetical protein		0	protein-coding		WP_000039324.1	54	IUJ38_RS10620
NZ_CP064385.1	2147643	2148953		minus	L-cysteine desulfidase family protein		0	protein-coding		WP_000463090.1	436	IUJ38_RS10625
NZ_CP064385.1	2148979	2150310		minus	SLC5/6 family protein		0	protein-coding		WP_000443187.1	443	IUJ38_RS10630
NZ_CP064385.1	2150626	2151990		minus	L-serine ammonia-lyase	tdcG	0	protein-coding		WP_000622080.1	454	IUJ38_RS10635
NZ_CP064385.1	2152060	2154354		minus	formate C-acetyltransferase	pflB	0	protein-coding		WP_000867323.1	764	IUJ38_RS10640
NZ_CP064385.1	2154388	2155596		minus	propionate kinase	tdcD	0	protein-coding		WP_001001853.1	402	IUJ38_RS10645
NZ_CP064385.1	2155662	2156993		minus	threonine/serine transporter TdcC	tdcC	0	protein-coding		WP_000108129.1	443	IUJ38_RS10650
NZ_CP064385.1	2157014	2158003		minus	bifunctional threonine ammonia-lyase/L-serine ammonia-lyase TdcB	tdcB	0	protein-coding		WP_000548370.1	329	IUJ38_RS10655
NZ_CP064385.1	2158101	2159039		minus	transcriptional regulator TdcA	tdcA	0	protein-coding		WP_001094910.1	312	IUJ38_RS10660
NZ_CP064385.1	2160431	2160805		minus	RNase P RNA component class A	rnpB	0	RNase_P_RNA				IUJ38_RS10665
NZ_CP064385.1	2160838	2161983		minus	glycerate 2-kinase	garK	0	protein-coding		WP_000706459.1	381	IUJ38_RS10670
NZ_CP064385.1	2162081	2162971		minus	2-hydroxy-3-oxopropionate reductase	garR	0	protein-coding		WP_000178106.1	296	IUJ38_RS10675
NZ_CP064385.1	2162997	2163767		minus	2-dehydro-3-deoxyglucarate aldolase	garL	0	protein-coding		WP_001057715.1	256	IUJ38_RS10680
NZ_CP064385.1	2164297	2165868		plus	galactarate dehydratase	garD	0	protein-coding		WP_001273723.1	523	IUJ38_RS10685
NZ_CP064385.1	2166108	2167055		minus	sugar kinase		0	protein-coding		WP_001027807.1	315	IUJ38_RS10690
NZ_CP064385.1	2167066	2167899		minus	DeoR/GlpR family DNA-binding transcription regulator		0	protein-coding		WP_001118363.1	277	IUJ38_RS10695
NZ_CP064385.1	2168233	2169087		plus	tagatose bisphosphate family class II aldolase		0	protein-coding		WP_000469985.1	284	IUJ38_RS10700
NZ_CP064385.1	2169098	2170012		plus	1-phosphofructokinase	pfkB	0	protein-coding		WP_001520582.1	304	IUJ38_RS10705
NZ_CP064385.1	2170039	2171466		plus	PTS fructose transporter subunit IIC		0	protein-coding		WP_000719916.1	475	IUJ38_RS10710
NZ_CP064385.1	2171453	2172259		plus	HPr family phosphocarrier protein		0	protein-coding		WP_001175242.1	268	IUJ38_RS10715
NZ_CP064385.1	2172457	2173728		plus	tagatose-bisphosphate aldolase subunit GatZ	gatZ	0	protein-coding		WP_000658628.1	423	IUJ38_RS10720
NZ_CP064385.1	2173743	2174207		plus	PTS galactitol transporter subunit IIA	gatA	0	protein-coding		WP_000080445.1	154	IUJ38_RS10725
NZ_CP064385.1	2174238	2174522		plus	PTS galactitol transporter subunit IIB	gatB	0	protein-coding		WP_000824294.1	94	IUJ38_RS10730
NZ_CP064385.1	2174526	2175899		plus	galactitol-specific PTS transporter subunit IIC		0	protein-coding		WP_000490601.1	457	IUJ38_RS10735
NZ_CP064385.1	2175943	2176986		plus	galactitol-1-phosphate 5-dehydrogenase	gatD	0	protein-coding		WP_000844174.1	347	IUJ38_RS10740
NZ_CP064385.1	2177097	2177870		plus	DeoR/GlpR family DNA-binding transcription regulator		0	protein-coding		WP_001083896.1	257	IUJ38_RS10745
NZ_CP064385.1	2178028	2178891		minus	16S rRNA (cytidine(1402)-2'-O)-methyltransferase	rsmI	0	protein-coding		WP_000812288.1	287	IUJ38_RS10750
NZ_CP064385.1	2178955	2180997		plus	penicillin-binding protein activator		0	protein-coding		WP_000249229.1	680	IUJ38_RS10755
NZ_CP064385.1	2180955	2181350		plus	YraN family protein		0	protein-coding		WP_000057285.1	131	IUJ38_RS10760
NZ_CP064385.1	2181372	2181962		plus	DnaA initiator-associating protein DiaA	diaA	0	protein-coding		WP_000893481.1	196	IUJ38_RS10765
NZ_CP064385.1	2181972	2182547		plus	division/outer membrane stress-associated lipid-binding lipoprotein	dolP	0	protein-coding		WP_000643280.1	191	IUJ38_RS10770
NZ_CP064385.1	2182614	2183249		minus	NAD(P)H-binding protein		0	protein-coding		WP_001521094.1	211	IUJ38_RS10775
NZ_CP064385.1	2183380	2183898		plus	protein/nucleic acid deglycase	yhbO	0	protein-coding		WP_000037599.1	172	IUJ38_RS10780
NZ_CP064385.1	2183878	2184321		minus	YhbP family protein		0	protein-coding		WP_000380404.1	147	IUJ38_RS10785
NZ_CP064385.1	2184359	2184676		plus	GIY-YIG nuclease family protein		0	protein-coding		WP_000928379.1	105	IUJ38_RS10790
NZ_CP064385.1	2184663	2185166		minus	GNAT family N-acetyltransferase		0	protein-coding		WP_000908562.1	167	IUJ38_RS10795
NZ_CP064385.1	2185160	2185684		minus	ubiquinone anaerobic biosynthesis accessory factor UbiT	ubiT	0	protein-coding		WP_000884721.1	174	IUJ38_RS10800
NZ_CP064385.1	2185901	2186896		plus	ubiquinone anaerobic biosynthesis protein UbiU	ubiU	0	protein-coding		WP_000421309.1	331	IUJ38_RS10805
NZ_CP064385.1	2186905	2187783		plus	U32 family peptidase		0	protein-coding		WP_000877721.1	292	IUJ38_RS10810
NZ_CP064385.1	2187961	2188968		plus	luciferase-like monooxygenase		0	protein-coding		WP_000130443.1	335	IUJ38_RS10815
NZ_CP064385.1	2188946	2189665		minus	L,D-transpeptidase family protein		0	protein-coding		WP_000532745.1	239	IUJ38_RS10820
NZ_CP064385.1	2189824	2190354		plus	hypothetical protein		0	protein-coding		WP_001294027.1	176	IUJ38_RS10825
NZ_CP064385.1	2190415	2191659		minus	tryptophan permease	mtr	0	protein-coding		WP_000224386.1	414	IUJ38_RS10830
NZ_CP064385.1	2191813	2193702		minus	ATP-dependent RNA helicase DeaD	deaD	0	protein-coding		WP_000807248.1	629	IUJ38_RS10835
NZ_CP064385.1	2193695	2193775		minus	protein YrbN	yrbN	0	protein-coding		WP_010723222.1	26	IUJ38_RS10840
NZ_CP064385.1	2193881	2194765		minus	lipoprotein NlpI	nlpI	0	protein-coding		WP_000802069.1	294	IUJ38_RS10845
NZ_CP064385.1	2194875	2197010		minus	polyribonucleotide nucleotidyltransferase	pnp	0	protein-coding		WP_001670767.1	711	IUJ38_RS10850
NZ_CP064385.1	2197252	2197521		minus	30S ribosomal protein S15	rpsO	0	protein-coding		WP_000059465.1	89	IUJ38_RS10855
NZ_CP064385.1	2197672	2198616		minus	tRNA pseudouridine(55) synthase TruB	truB	0	protein-coding		WP_000089674.1	314	IUJ38_RS10860
NZ_CP064385.1	2198616	2199017		minus	30S ribosome-binding factor RbfA	rbfA	0	protein-coding		WP_001040199.1	133	IUJ38_RS10865
NZ_CP064385.1	2199238	2201916		minus	translation initiation factor IF-2	infB	0	protein-coding		WP_000133064.1	892	IUJ38_RS10870
NZ_CP064385.1	2201941	2203443		minus	transcription termination factor NusA	nusA	0	protein-coding		WP_001031038.1	500	IUJ38_RS10875
NZ_CP064385.1	2203471	2203923		minus	ribosome maturation factor RimP	rimP	0	protein-coding		WP_000105461.1	150	IUJ38_RS10880
NZ_CP064385.1	2204131	2204207		minus	tRNA-Met		0	tRNA				IUJ38_RS10885
NZ_CP064385.1	2204551	2205894		plus	argininosuccinate synthase	argG	0	protein-coding		WP_000207654.1	447	IUJ38_RS10890
NZ_CP064385.1	2205980	2207044		minus	DUF1963 domain-containing protein		0	protein-coding		WP_000051504.1	354	IUJ38_RS10895
NZ_CP064385.1	2207380	2207466		minus	tRNA-Leu		0	tRNA				IUJ38_RS10900
NZ_CP064385.1	2207480	2207812		minus	preprotein translocase subunit SecG	secG	0	protein-coding		WP_000272680.1	110	IUJ38_RS10905
NZ_CP064385.1	2208035	2209372		minus	phosphoglucosamine mutase	glmM	0	protein-coding		WP_000071169.1	445	IUJ38_RS10910
NZ_CP064385.1	2209365	2210213		minus	dihydropteroate synthase	folP	0	protein-coding		WP_000764711.1	282	IUJ38_RS10915
NZ_CP064385.1	2210318	2212252		minus	ATP-dependent zinc metalloprotease FtsH	ftsH	0	protein-coding		WP_001107481.1	644	IUJ38_RS10920
NZ_CP064385.1	2212356	2212982		minus	23S rRNA (uridine(2552)-2'-O)-methyltransferase RlmE	rlmE	0	protein-coding		WP_000145974.1	208	IUJ38_RS10925
NZ_CP064385.1	2213109	2213402		plus	ribosome assembly RNA-binding protein YhbY	yhbY	0	protein-coding		WP_001592995.1	97	IUJ38_RS10930
NZ_CP064385.1	2213558	2214034		minus	transcription elongation factor GreA	greA	0	protein-coding		WP_001148008.1	158	IUJ38_RS10935
NZ_CP064385.1	2214282	2215715		plus	serine-type D-Ala-D-Ala carboxypeptidase	dacB	0	protein-coding		WP_001212680.1	477	IUJ38_RS10940
NZ_CP064385.1	2215847	2217019		minus	Obg family GTPase CgtA	cgtA	0	protein-coding		WP_000673556.1	390	IUJ38_RS10945
NZ_CP064385.1	2217035	2217999		minus	uncharacterized gene		0	pseudogene				IUJ38_RS10950
NZ_CP064385.1	2218129	2218386		minus	50S ribosomal protein L27	rpmA	0	protein-coding		WP_000940593.1	85	IUJ38_RS10955
NZ_CP064385.1	2218406	2218717		minus	50S ribosomal protein L21	rplU	0	protein-coding		WP_000271396.1	103	IUJ38_RS10960
NZ_CP064385.1	2218975	2219946		plus	octaprenyl diphosphate synthase	ispB	0	protein-coding		WP_001047354.1	323	IUJ38_RS10965
NZ_CP064385.1	2220178	2220465		plus	DNA-binding transcriptional regulator SfsB	sfsB	0	protein-coding		WP_000444168.1	95	IUJ38_RS10970
NZ_CP064385.1	2220523	2221782		minus	UDP-N-acetylglucosamine 1-carboxyvinyltransferase	murA	0	protein-coding		WP_000357288.1	419	IUJ38_RS10975
NZ_CP064385.1	2221836	2222090		minus	BolA family iron metabolism protein IbaG	ibaG	0	protein-coding		WP_001518349.1	84	IUJ38_RS10980
NZ_CP064385.1	2222278	2222574		minus	lipid asymmetry maintenance protein MlaB	mlaB	0	protein-coding		WP_000188843.1	98	IUJ38_RS10985
NZ_CP064385.1	2222574	2223209		minus	phospholipid-binding protein MlaC	mlaC	0	protein-coding		WP_000476475.1	211	IUJ38_RS10990
NZ_CP064385.1	2223228	2223779		minus	outer membrane lipid asymmetry maintenance protein MlaD	mlaD	0	protein-coding		WP_001193591.1	183	IUJ38_RS10995
NZ_CP064385.1	2223784	2224566		minus	lipid asymmetry maintenance ABC transporter permease subunit MlaE	mlaE	0	protein-coding		WP_000925786.1	260	IUJ38_RS11000
NZ_CP064385.1	2224574	2225386		minus	phospholipid ABC transporter ATP-binding protein MlaF	mlaF	0	protein-coding		WP_000531566.1	270	IUJ38_RS11005
NZ_CP064385.1	2225599	2226576		plus	calcium/sodium antiporter		0	protein-coding		WP_000922736.1	325	IUJ38_RS11010
NZ_CP064385.1	2226590	2227576		plus	arabinose-5-phosphate isomerase KdsD	kdsD	0	protein-coding		WP_000018617.1	328	IUJ38_RS11015
NZ_CP064385.1	2227597	2228163		plus	3-deoxy-manno-octulosonate-8-phosphatase KdsC	kdsC	0	protein-coding		WP_000030021.1	188	IUJ38_RS11020
NZ_CP064385.1	2228160	2228735		plus	LPS export ABC transporter periplasmic protein LptC	lptC	0	protein-coding		WP_000047845.1	191	IUJ38_RS11025
NZ_CP064385.1	2228704	2229258		plus	lipopolysaccharide ABC transporter substrate-binding protein LptA	lptA	0	protein-coding		WP_000669770.1	184	IUJ38_RS11030
NZ_CP064385.1	2229265	2229990		plus	LPS export ABC transporter ATP-binding protein	lptB	0	protein-coding		WP_000224104.1	241	IUJ38_RS11035
NZ_CP064385.1	2230038	2231471		plus	RNA polymerase factor sigma-54	rpoN	0	protein-coding		WP_000809020.1	477	IUJ38_RS11040
NZ_CP064385.1	2231494	2231781		plus	ribosome hibernation promoting factor	hpf	0	protein-coding		WP_001176589.1	95	IUJ38_RS11045
NZ_CP064385.1	2231899	2232390		plus	PTS IIA-like nitrogen regulatory protein PtsN	ptsN	0	protein-coding		WP_000609332.1	163	IUJ38_RS11050
NZ_CP064385.1	2232436	2233290		plus	RNase adapter RapZ	rapZ	0	protein-coding		WP_000243749.1	284	IUJ38_RS11055
NZ_CP064385.1	2233287	2233559		plus	PTS phosphocarrier protein NPr	npr	0	protein-coding		WP_000216797.1	90	IUJ38_RS11060
NZ_CP064385.1	2233808	2234440		plus	PhoP regulatory network protein YrbL	yrbL	0	protein-coding		WP_000602196.1	210	IUJ38_RS11065
NZ_CP064385.1	2234515	2235243		minus	monofunctional biosynthetic peptidoglycan transglycosylase	mtgA	0	protein-coding		WP_000044652.1	242	IUJ38_RS11070
NZ_CP064385.1	2235240	2235893		minus	isoprenoid biosynthesis glyoxalase ElbB	elbB	0	protein-coding		WP_000719822.1	217	IUJ38_RS11075
NZ_CP064385.1	2236120	2238456		minus	aerobic respiration two-component sensor histidine kinase ArcB	arcB	0	protein-coding		WP_000809816.1	778	IUJ38_RS11080
NZ_CP064385.1	2238550	2239479		minus	tRNA modification radical SAM protein MnmL/YtqA		0	protein-coding		WP_001176887.1	309	IUJ38_RS11085
NZ_CP064385.1	2240151	2244611		plus	glutamate synthase large subunit	gltB	0	protein-coding		WP_000965023.1	1486	IUJ38_RS11090
NZ_CP064385.1	2244621	2246039		plus	glutamate synthase subunit GltD	gltD	0	protein-coding		WP_000081628.1	472	IUJ38_RS11095
NZ_CP064385.1	2246246	2247349		plus	PDDEXK nuclease domain-containing protein		0	protein-coding		WP_000184315.1	367	IUJ38_RS11100
NZ_CP064385.1	2247466	2248719		plus	cytosine permease	codB	0	protein-coding		WP_000076266.1	417	IUJ38_RS11105
NZ_CP064385.1	2248706	2249986		plus	cytosine deaminase		0	protein-coding		WP_001180690.1	426	IUJ38_RS11110
NZ_CP064385.1	2250069	2250536		minus	N-acetylneuraminate anomerase	nanQ	0	protein-coding		WP_000979905.1	155	IUJ38_RS11115
NZ_CP064385.1	2250533	2251408		minus	N-acetylmannosamine kinase	nanK	0	protein-coding		WP_000208976.1	291	IUJ38_RS11120
NZ_CP064385.1	2251405	2252094		minus	N-acetylmannosamine-6-phosphate 2-epimerase		0	protein-coding		WP_000054441.1	229	IUJ38_RS11125
NZ_CP064385.1	2252141	2253631		minus	sialic acid transporter NanT	nanT	0	protein-coding		WP_000108071.1	496	IUJ38_RS11130
NZ_CP064385.1	2253747	2254640		minus	N-acetylneuraminate lyase	nanA	0	protein-coding		WP_001029667.1	297	IUJ38_RS11135
NZ_CP064385.1	2254775	2255566		minus	transcriptional regulator NanR	nanR	0	protein-coding		WP_000382926.1	263	IUJ38_RS11140
NZ_CP064385.1	2255675	2256175		minus	ClpXP protease specificity-enhancing factor	sspB	0	protein-coding		WP_000366112.1	166	IUJ38_RS11145
NZ_CP064385.1	2256181	2256819		minus	stringent starvation protein SspA	sspA	0	protein-coding		WP_000257298.1	212	IUJ38_RS11150
NZ_CP064385.1	2257082	2257834		minus	DUF695 domain-containing protein		0	protein-coding		WP_001739021.1	250	IUJ38_RS11155
NZ_CP064385.1	2258034	2258426		minus	30S ribosomal protein S9	rpsI	0	protein-coding		WP_000829815.1	130	IUJ38_RS11160
NZ_CP064385.1	2258442	2258870		minus	50S ribosomal protein L13	rplM	0	protein-coding		WP_000847559.1	142	IUJ38_RS11165
NZ_CP064385.1	2259173	2260297		minus	cell division protein ZapE	zapE	0	protein-coding		WP_001191222.1	374	IUJ38_RS11170
NZ_CP064385.1	2260490	2260888		plus	Z-ring associated protein ZapG	zapG	0	protein-coding		WP_001519074.1	132	IUJ38_RS11175
NZ_CP064385.1	2261045	2262412		plus	serine endoprotease DegQ	degQ	0	protein-coding		WP_000716693.1	455	IUJ38_RS11180
NZ_CP064385.1	2262505	2263575		plus	outer membrane-stress sensor serine endopeptidase DegS	degS	0	protein-coding		WP_000497705.1	356	IUJ38_RS11185
NZ_CP064385.1	2263609	2264340		minus	triphosphoribosyl-dephospho-CoA synthase		0	protein-coding		WP_000600161.1	243	IUJ38_RS11190
NZ_CP064385.1	2264360	2265661		minus	oxalacetate decarboxylase subunit beta		0	protein-coding		WP_000444803.1	433	IUJ38_RS11195
NZ_CP064385.1	2265674	2267449		minus	sodium-extruding oxaloacetate decarboxylase subunit alpha	oadA	0	protein-coding		WP_000150421.1	591	IUJ38_RS11200
NZ_CP064385.1	2267465	2267719		minus	oxaloacetate decarboxylase subunit gamma		0	protein-coding		WP_000180114.1	84	IUJ38_RS11205
NZ_CP064385.1	2267875	2268492		minus	L(+)-tartrate dehydratase subunit beta	ttdB	0	protein-coding		WP_000162405.1	205	IUJ38_RS11210
NZ_CP064385.1	2268492	2269391		minus	L(+)-tartrate dehydratase subunit alpha	ttdA	0	protein-coding		WP_000045349.1	299	IUJ38_RS11215
NZ_CP064385.1	2269424	2270692		minus	SLC13 family permease		0	protein-coding		WP_000433394.1	422	IUJ38_RS11220
NZ_CP064385.1	2270903	2271568		minus	GntR family transcriptional regulator		0	protein-coding		WP_001171579.1	221	IUJ38_RS11225
NZ_CP064385.1	2271555	2272184		minus	GntR family transcriptional regulator		0	protein-coding		WP_000723776.1	209	IUJ38_RS11230
NZ_CP064385.1	2272304	2273242		minus	malate dehydrogenase	mdh	0	protein-coding		WP_000861586.1	312	IUJ38_RS11235
NZ_CP064385.1	2273656	2274126		plus	transcriptional regulator ArgR	argR	0	protein-coding		WP_001257852.1	156	IUJ38_RS11240
NZ_CP064385.1	2274491	2274754		plus	peroxide/acid stress response protein YhcN	yhcN	0	protein-coding		WP_000695693.1	87	IUJ38_RS11245
NZ_CP064385.1	2274858	2275124		plus	DUF1471 family stress response protein YhcN-B	yhcN-B	0	protein-coding		WP_000853277.1	88	IUJ38_RS11250
NZ_CP064385.1	2275184	2275456		minus	barstar family protein		0	protein-coding		WP_001103887.1	90	IUJ38_RS11255
NZ_CP064385.1	2275628	2277595		minus	p-hydroxybenzoic acid efflux pump subunit AaeB	aaeB	0	protein-coding		WP_000510913.1	655	IUJ38_RS11260
NZ_CP064385.1	2277601	2278533		minus	p-hydroxybenzoic acid efflux pump subunit AaeA	aaeA	0	protein-coding		WP_000855134.1	310	IUJ38_RS11265
NZ_CP064385.1	2278541	2278744		minus	p-hydroxybenzoic acid efflux pump operon protein AaeX	aaeX	0	protein-coding		WP_000051840.1	67	IUJ38_RS11270
NZ_CP064385.1	2278926	2279855		plus	HTH-type transcriptional activator AaeR	aaeR	0	protein-coding		WP_000440300.1	309	IUJ38_RS11275
NZ_CP064385.1	2279978	2281423		minus	metalloprotease TldD	tldD	0	protein-coding		WP_000055936.1	481	IUJ38_RS11280
NZ_CP064385.1	2281568	2285368		minus	AsmA2 domain-containing protein YhdP	yhdP	0	protein-coding		WP_001253500.1	1266	IUJ38_RS11285
NZ_CP064385.1	2285475	2286944		minus	ribonuclease G	rng	0	protein-coding		WP_000123188.1	489	IUJ38_RS11290
NZ_CP064385.1	2286934	2287527		minus	Maf family protein		0	protein-coding		WP_000210306.1	197	IUJ38_RS11295
NZ_CP064385.1	2287536	2288024		minus	rod shape-determining protein MreD	mreD	0	protein-coding		WP_000179403.1	162	IUJ38_RS11300
NZ_CP064385.1	2288027	2289079		minus	rod shape-determining protein MreC	mreC	0	protein-coding		WP_000802538.1	350	IUJ38_RS11305
NZ_CP064385.1	2289144	2290187		minus	rod shape-determining protein MreB	mreB	0	protein-coding		WP_000913396.1	347	IUJ38_RS11310
NZ_CP064385.1	2290495	2292435		minus	RNase E specificity factor CsrD	csrD	0	protein-coding		WP_001241377.1	646	IUJ38_RS11315
NZ_CP064385.1	2292639	2293613		plus	acrylyl-CoA reductase (NADPH)		0	protein-coding		WP_001148246.1	324	IUJ38_RS11320
NZ_CP064385.1	2293726	2294730		plus	protein-methionine-sulfoxide reductase catalytic subunit MsrP	msrP	0	protein-coding		WP_000723876.1	334	IUJ38_RS11325
NZ_CP064385.1	2294731	2295330		plus	protein-methionine-sulfoxide reductase heme-binding subunit MsrQ	msrQ	0	protein-coding		WP_001240053.1	199	IUJ38_RS11330
NZ_CP064385.1	2295723	2296193		plus	acetyl-CoA carboxylase biotin carboxyl carrier protein	accB	0	protein-coding		WP_000354626.1	156	IUJ38_RS11335
NZ_CP064385.1	2296204	2297553		plus	acetyl-CoA carboxylase biotin carboxylase subunit	accC	0	protein-coding		WP_000884627.1	449	IUJ38_RS11340
NZ_CP064385.1	2297662	2297904		plus	YhdT family protein		0	protein-coding		WP_000340018.1	80	IUJ38_RS11345
NZ_CP064385.1	2297894	2299345		plus	sodium/pantothenate symporter	panF	0	protein-coding		WP_001175741.1	483	IUJ38_RS11350
NZ_CP064385.1	2299357	2300238		plus	50S ribosomal protein L11 methyltransferase	prmA	0	protein-coding		WP_001145849.1	293	IUJ38_RS11355
NZ_CP064385.1	2300899	2301864		plus	tRNA dihydrouridine synthase DusB	dusB	0	protein-coding		WP_001219664.1	321	IUJ38_RS11360
NZ_CP064385.1	2301890	2302186		plus	DNA-binding transcriptional regulator Fis	fis	0	protein-coding		WP_000462905.1	98	IUJ38_RS11365
NZ_CP064385.1	2302272	2303156		plus	adenine-specific DNA-methyltransferase	yhdJ	0	protein-coding		WP_000642611.1	294	IUJ38_RS11370
NZ_CP064385.1	2303239	2303403		plus	DUF2556 family protein		0	protein-coding		WP_000620015.1	54	IUJ38_RS11375
NZ_CP064385.1	2303554	2305653		plus	putative bifunctional diguanylate cyclase/phosphodiesterase		0	protein-coding		WP_001145331.1	699	IUJ38_RS11380
NZ_CP064385.1	2305656	2306318		minus	acrEF/envCD operon transcriptional regulator	envR	0	protein-coding		WP_001085725.1	220	IUJ38_RS11385
NZ_CP064385.1	2306732	2307889		plus	efflux RND transporter periplasmic adaptor subunit		0	protein-coding		WP_000160383.1	385	IUJ38_RS11390
NZ_CP064385.1	2307901	2311014		plus	efflux RND transporter permease subunit		0	protein-coding		WP_001273286.1	1037	IUJ38_RS11395
NZ_CP064385.1	2311250	2311471		plus	putative periplasmic lipoprotein		0	protein-coding		WP_000825645.1	73	IUJ38_RS11400
NZ_CP064385.1	2312255	2312370		minus	5S ribosomal RNA	rrf	0	rRNA				IUJ38_RS11405
NZ_CP064385.1	2312410	2312485		minus	tRNA-Thr		0	tRNA				IUJ38_RS11410
NZ_CP064385.1	2312500	2312615		minus	5S ribosomal RNA	rrf	0	rRNA				IUJ38_RS11415
NZ_CP064385.1	2312709	2315700		minus	23S ribosomal RNA		0	rRNA				IUJ38_RS11420
NZ_CP064385.1	2315933	2316008		minus	tRNA-Glu		0	tRNA				IUJ38_RS11425
NZ_CP064385.1	2316094	2317635		minus	16S ribosomal RNA		0	rRNA				IUJ38_RS11430
NZ_CP064385.1	2317844	2317996		minus	hypothetical protein		0	protein-coding		WP_000795911.1	50	IUJ38_RS11435
NZ_CP064385.1	2318110	2318664		plus	gamma carbonic anhydrase family protein		0	protein-coding		WP_001285640.1	184	IUJ38_RS11440
NZ_CP064385.1	2318640	2318897		minus	DUF1488 family protein		0	protein-coding		WP_001070571.1	85	IUJ38_RS11445
NZ_CP064385.1	2318894	2319712		minus	shikimate dehydrogenase	aroE	0	protein-coding		WP_000451193.1	272	IUJ38_RS11450
NZ_CP064385.1	2319717	2320289		minus	L-threonylcarbamoyladenylate synthase type 1 TsaC	tsaC	0	protein-coding		WP_001063609.1	190	IUJ38_RS11455
NZ_CP064385.1	2320294	2320836		minus	DNA topoisomerase family protein		0	protein-coding		WP_001129708.1	180	IUJ38_RS11460
NZ_CP064385.1	2320863	2321336		minus	DUF494 family protein Smg	smg	0	protein-coding		WP_000460663.1	157	IUJ38_RS11465
NZ_CP064385.1	2321308	2322432		minus	DNA-protecting protein DprA	dprA	0	protein-coding		WP_000124529.1	374	IUJ38_RS11470
NZ_CP064385.1	2322564	2323073		plus	peptide deformylase	def	0	protein-coding		WP_000114987.1	169	IUJ38_RS11475
NZ_CP064385.1	2323089	2324036		plus	methionyl-tRNA formyltransferase	fmt	0	protein-coding		WP_001285165.1	315	IUJ38_RS11480
NZ_CP064385.1	2324088	2325377		plus	16S rRNA (cytosine(967)-C(5))-methyltransferase RsmB	rsmB	0	protein-coding		WP_000744604.1	429	IUJ38_RS11485
NZ_CP064385.1	2325399	2326775		plus	Trk system potassium transporter TrkA	trkA	0	protein-coding		WP_000691374.1	458	IUJ38_RS11490
NZ_CP064385.1	2326917	2327330		plus	large-conductance mechanosensitive channel protein MscL	mscL	0	protein-coding		WP_000008119.1	137	IUJ38_RS11495
NZ_CP064385.1	2327332	2327535		minus	uncharacterized gene	arfA	0	pseudogene				IUJ38_RS11500
NZ_CP064385.1	2327593	2328018		minus	Zn(2+)-responsive transcriptional regulator	zntR	0	protein-coding		WP_000285585.1	141	IUJ38_RS11505
NZ_CP064385.1	2328029	2328397		minus	DnaJ family domain-containing protein		0	protein-coding		WP_000266515.1	122	IUJ38_RS11510
NZ_CP064385.1	2328505	2328888		minus	50S ribosomal protein L17	rplQ	0	protein-coding		WP_001216370.1	127	IUJ38_RS11515
NZ_CP064385.1	2328929	2329918		minus	DNA-directed RNA polymerase subunit alpha		0	protein-coding		WP_001162094.1	329	IUJ38_RS11520
NZ_CP064385.1	2329944	2330564		minus	30S ribosomal protein S4	rpsD	0	protein-coding		WP_000135226.1	206	IUJ38_RS11525
NZ_CP064385.1	2330598	2330987		minus	30S ribosomal protein S11	rpsK	0	protein-coding		WP_001029758.1	129	IUJ38_RS11530
NZ_CP064385.1	2331004	2331360		minus	30S ribosomal protein S13	rpsM	0	protein-coding		WP_000090780.1	118	IUJ38_RS11535
NZ_CP064385.1	2331507	2331623		minus	50S ribosomal protein L36	rpmJ	0	protein-coding		WP_000868187.1	38	IUJ38_RS11540
NZ_CP064385.1	2331655	2332986		minus	preprotein translocase subunit SecY	secY	0	protein-coding		WP_001118864.1	443	IUJ38_RS11545
NZ_CP064385.1	2332994	2333428		minus	50S ribosomal protein L15	rplO	0	protein-coding		WP_001238917.1	144	IUJ38_RS11550
NZ_CP064385.1	2333432	2333611		minus	50S ribosomal protein L30	rpmD	0	protein-coding		WP_001140434.1	59	IUJ38_RS11555
NZ_CP064385.1	2333615	2334118		minus	30S ribosomal protein S5	rpsE	0	protein-coding		WP_000940121.1	167	IUJ38_RS11560
NZ_CP064385.1	2334133	2334486		minus	50S ribosomal protein L18	rplR	0	protein-coding		WP_000358956.1	117	IUJ38_RS11565
NZ_CP064385.1	2334496	2335029		minus	50S ribosomal protein L6	rplF	0	protein-coding		WP_000091939.1	177	IUJ38_RS11570
NZ_CP064385.1	2335042	2335434		minus	30S ribosomal protein S8	rpsH	0	protein-coding		WP_000062611.1	130	IUJ38_RS11575
NZ_CP064385.1	2335468	2335773		minus	30S ribosomal protein S14	rpsN	0	protein-coding		WP_001118932.1	101	IUJ38_RS11580
NZ_CP064385.1	2335788	2336327		minus	50S ribosomal protein L5	rplE	0	protein-coding		WP_001096206.1	179	IUJ38_RS11585
NZ_CP064385.1	2336342	2336656		minus	50S ribosomal protein L24	rplX	0	protein-coding		WP_000729185.1	104	IUJ38_RS11590
NZ_CP064385.1	2336667	2337038		minus	50S ribosomal protein L14	rplN	0	protein-coding		WP_000613954.1	123	IUJ38_RS11595
NZ_CP064385.1	2337202	2337456		minus	30S ribosomal protein S17	rpsQ	0	protein-coding		WP_000130101.1	84	IUJ38_RS11600
NZ_CP064385.1	2337456	2337647		minus	50S ribosomal protein L29	rpmC	0	protein-coding		WP_000644742.1	63	IUJ38_RS11605
NZ_CP064385.1	2337647	2338057		minus	50S ribosomal protein L16	rplP	0	protein-coding		WP_000941208.1	136	IUJ38_RS11610
NZ_CP064385.1	2338070	2338771		minus	30S ribosomal protein S3	rpsC	0	protein-coding		WP_000529945.1	233	IUJ38_RS11615
NZ_CP064385.1	2338789	2339121		minus	50S ribosomal protein L22	rplV	0	protein-coding		WP_000447529.1	110	IUJ38_RS11620
NZ_CP064385.1	2339136	2339414		minus	30S ribosomal protein S19	rpsS	0	protein-coding		WP_001138115.1	92	IUJ38_RS11625
NZ_CP064385.1	2339431	2340252		minus	50S ribosomal protein L2	rplB	0	protein-coding		WP_000301869.1	273	IUJ38_RS11630
NZ_CP064385.1	2340270	2340572		minus	50S ribosomal protein L23	rplW	0	protein-coding		WP_000617546.1	100	IUJ38_RS11635
NZ_CP064385.1	2340569	2341174		minus	50S ribosomal protein L4	rplD	0	protein-coding		WP_000424395.1	201	IUJ38_RS11640
NZ_CP064385.1	2341185	2341814		minus	50S ribosomal protein L3	rplC	0	protein-coding		WP_000579838.1	209	IUJ38_RS11645
NZ_CP064385.1	2341847	2342158		minus	30S ribosomal protein S10	rpsJ	0	protein-coding		WP_001181005.1	103	IUJ38_RS11650
NZ_CP064385.1	2342538	2343005		plus	prepilin peptidase	hopD	0	protein-coding		WP_000495848.1	155	IUJ38_RS11655
NZ_CP064385.1	2343002	2343478		minus	bacterioferritin	bfr	0	protein-coding		WP_000675530.1	158	IUJ38_RS11660
NZ_CP064385.1	2343551	2343745		minus	bacterioferritin-associated ferredoxin	bfd	0	protein-coding		WP_000289082.1	64	IUJ38_RS11665
NZ_CP064385.1	2343930	2345114		minus	elongation factor Tu	tuf	0	protein-coding		WP_000031748.1	394	IUJ38_RS11670
NZ_CP064385.1	2345186	2347300		minus	elongation factor G	fusA	0	protein-coding		WP_000124693.1	704	IUJ38_RS11675
NZ_CP064385.1	2347397	2347867		minus	30S ribosomal protein S7	rpsG	0	protein-coding		WP_001138042.1	156	IUJ38_RS11680
NZ_CP064385.1	2347963	2348337		minus	30S ribosomal protein S12	rpsL	0	protein-coding		WP_000246815.1	124	IUJ38_RS11685
NZ_CP064385.1	2348463	2348750		minus	sulfurtransferase complex subunit TusB	tusB	0	protein-coding		WP_000903400.1	95	IUJ38_RS11690
NZ_CP064385.1	2348758	2349114		minus	sulfurtransferase complex subunit TusC	tusC	0	protein-coding		WP_000820704.1	118	IUJ38_RS11695
NZ_CP064385.1	2349114	2349500		minus	sulfurtransferase complex subunit TusD	tusD	0	protein-coding		WP_001268010.1	128	IUJ38_RS11700
NZ_CP064385.1	2349500	2350222		minus	helix-turn-helix transcriptional regulator		0	protein-coding		WP_000091471.1	240	IUJ38_RS11705
NZ_CP064385.1	2350499	2351317		minus	FKBP-type peptidyl-prolyl cis-trans isomerase	fkpA	0	protein-coding		WP_000838227.1	272	IUJ38_RS11710
NZ_CP064385.1	2351537	2351755		plus	protein SlyX		0	protein-coding		WP_001152701.1	72	IUJ38_RS11715
NZ_CP064385.1	2351943	2352533		minus	peptidylprolyl isomerase	slyD	0	protein-coding		WP_000861341.1	196	IUJ38_RS11720
NZ_CP064385.1	2352628	2352828		minus	YheV family putative zinc ribbon protein		0	protein-coding		WP_001007735.1	66	IUJ38_RS11725
NZ_CP064385.1	2352839	2354644		minus	glutathione-regulated potassium-efflux system protein KefB	kefB	0	protein-coding		WP_000398133.1	601	IUJ38_RS11730
NZ_CP064385.1	2354644	2355195		minus	glutathione-regulated potassium-efflux system ancillary protein KefG	kefG	0	protein-coding		WP_000081820.1	183	IUJ38_RS11735
NZ_CP064385.1	2355461	2357368		plus	ABC transporter ATP-binding protein		0	protein-coding		WP_000634766.1	635	IUJ38_RS11740
NZ_CP064385.1	2357531	2357752		plus	hypothetical protein		0	protein-coding		WP_001054041.1	73	IUJ38_RS11745
NZ_CP064385.1	2357754	2358065		minus	monooxygenase		0	protein-coding		WP_000047690.1	103	IUJ38_RS11750
NZ_CP064385.1	2358263	2359330		plus	hydrolase		0	protein-coding		WP_001214111.1	355	IUJ38_RS11755
NZ_CP064385.1	2359327	2359545		plus	YheU family protein		0	protein-coding		WP_000586568.1	72	IUJ38_RS11760
NZ_CP064385.1	2359597	2360466		plus	phosphoribulokinase		0	protein-coding		WP_001274690.1	289	IUJ38_RS11765
NZ_CP064385.1	2360562	2360966		minus	OsmC family protein		0	protein-coding		WP_001148919.1	134	IUJ38_RS11770
NZ_CP064385.1	2361274	2361906		plus	cAMP-activated global transcriptional regulator CRP	crp	0	protein-coding		WP_000242758.1	210	IUJ38_RS11775
NZ_CP064385.1	2361955	2364042		plus	YccS/YhfK family putative transporter		0	protein-coding		WP_000269309.1	695	IUJ38_RS11780
NZ_CP064385.1	2364085	2365302		minus	bifunctional acetylornithine/succinyldiaminopimelate transaminase	argD	0	protein-coding		WP_000190023.1	405	IUJ38_RS11785
NZ_CP064385.1	2365388	2365951		minus	aminodeoxychorismate synthase component 2	pabA	0	protein-coding		WP_000601880.1	187	IUJ38_RS11790
NZ_CP064385.1	2365983	2366585		minus	putative adenosine monophosphate-protein transferase Fic		0	protein-coding		WP_001280671.1	200	IUJ38_RS11795
NZ_CP064385.1	2366575	2366742		minus	YhfG family protein		0	protein-coding		WP_001521109.1	55	IUJ38_RS11800
NZ_CP064385.1	2366851	2367423		minus	peptidylprolyl isomerase A	ppiA	0	protein-coding		WP_000920478.1	190	IUJ38_RS11805
NZ_CP064385.1	2367700	2368881		plus	MFS transporter TsgA	tsgA	0	protein-coding		WP_000185211.1	393	IUJ38_RS11810
NZ_CP064385.1	2369144	2371687		plus	NADPH-nitrite reductase large subunit	nirB	0	protein-coding		WP_000049249.1	847	IUJ38_RS11815
NZ_CP064385.1	2371684	2372010		plus	nitrite reductase small subunit NirD	nirD	0	protein-coding		WP_000084814.1	108	IUJ38_RS11820
NZ_CP064385.1	2372276	2373085		plus	nitrite transporter NirC	nirC	0	protein-coding		WP_000493569.1	269	IUJ38_RS11825
NZ_CP064385.1	2373097	2374470		plus	siroheme synthase CysG	cysG	0	protein-coding		WP_000349895.1	457	IUJ38_RS11830
NZ_CP064385.1	2374796	2380657		plus	autotransporter adhesin BigA	bigA	0	protein-coding		WP_010989077.1	1953	IUJ38_RS11835
NZ_CP064385.1	2380789	2381247		minus	IS200/IS605-like element IS200F family transposase	tnpA	0	protein-coding		WP_000502119.1	152	IUJ38_RS11840
NZ_CP064385.1	2381561	2381731		plus	YhfL family protein		0	protein-coding		WP_000472323.1	56	IUJ38_RS11845
NZ_CP064385.1	2381876	2382880		minus	tryptophan--tRNA ligase	trpS	0	protein-coding		WP_000165562.1	334	IUJ38_RS11850
NZ_CP064385.1	2382873	2383631		minus	phosphoglycolate phosphatase	gph	0	protein-coding		WP_000359655.1	252	IUJ38_RS11855
NZ_CP064385.1	2383624	2384301		minus	ribulose-phosphate 3-epimerase	rpe	0	protein-coding		WP_000816284.1	225	IUJ38_RS11860
NZ_CP064385.1	2384319	2385155		minus	adenine-specific DNA-methyltransferase	dam	0	protein-coding		WP_000742132.1	278	IUJ38_RS11865
NZ_CP064385.1	2385336	2386613		minus	cell division protein DamX	damX	0	protein-coding		WP_000343156.1	425	IUJ38_RS11870
NZ_CP064385.1	2386711	2387799		minus	3-dehydroquinate synthase	aroB	0	protein-coding		WP_000439828.1	362	IUJ38_RS11875
NZ_CP064385.1	2387856	2388377		minus	shikimate kinase AroK	aroK	0	protein-coding		WP_000818621.1	173	IUJ38_RS11880
NZ_CP064385.1	2388842	2390080		minus	DNA uptake porin HofQ	hofQ	0	protein-coding		WP_000832802.1	412	IUJ38_RS11885
NZ_CP064385.1	2389995	2390396		minus	DUF2531 family protein		0	protein-coding		WP_000648136.1	133	IUJ38_RS11890
NZ_CP064385.1	2390386	2390859		minus	HofO family protein		0	protein-coding		WP_000992496.1	157	IUJ38_RS11895
NZ_CP064385.1	2390843	2391382		minus	PilN domain-containing protein		0	protein-coding		WP_000951395.1	179	IUJ38_RS11900
NZ_CP064385.1	2391382	2392161		minus	DNA utilization protein HofM		0	protein-coding		WP_000874732.1	259	IUJ38_RS11905
NZ_CP064385.1	2392282	2394834		plus	peptidoglycan glycosyltransferase/peptidoglycan DD-transpeptidase MrcA	mrcA	0	protein-coding		WP_000673808.1	850	IUJ38_RS11910
NZ_CP064385.1	2394930	2395493		minus	ADP compounds hydrolase NudE	nudE	0	protein-coding		WP_000045725.1	187	IUJ38_RS11915
NZ_CP064385.1	2395816	2397948		plus	intracellular growth attenuator protein IgaA	igaA	0	protein-coding		WP_000104094.1	710	IUJ38_RS11920
NZ_CP064385.1	2398013	2398681		plus	GMP/IMP nucleotidase	yrfG	0	protein-coding		WP_001520508.1	222	IUJ38_RS11925
NZ_CP064385.1	2398692	2399093		plus	ribosome-associated heat shock protein Hsp15	hslR	0	protein-coding		WP_000660723.1	133	IUJ38_RS11930
NZ_CP064385.1	2399118	2399996		plus	Hsp33 family molecular chaperone HslO	hslO	0	protein-coding		WP_001669339.1	292	IUJ38_RS11935
NZ_CP064385.1	2400106	2401815		minus	DUF4153 domain-containing protein		0	protein-coding		WP_000446437.1	569	IUJ38_RS11940
NZ_CP064385.1	2402195	2403814		plus	phosphoenolpyruvate carboxykinase (ATP)	pckA	0	protein-coding		WP_001265689.1	539	IUJ38_RS11945
NZ_CP064385.1	2403889	2405241		minus	two-component system sensor histidine kinase EnvZ	envZ	0	protein-coding		WP_001253818.1	450	IUJ38_RS11950
NZ_CP064385.1	2405238	2405957		minus	osmolarity response regulator transcription factor OmpR	ompR	0	protein-coding		WP_001157751.1	239	IUJ38_RS11955
NZ_CP064385.1	2406183	2406656		plus	transcription elongation factor GreB	greB	0	protein-coding		WP_000856693.1	157	IUJ38_RS11960
NZ_CP064385.1	2406755	2409085		plus	Tex family protein		0	protein-coding		WP_000980662.1	776	IUJ38_RS11965
NZ_CP064385.1	2409522	2409749		plus	ferrous iron transporter A	feoA	0	protein-coding		WP_001160955.1	75	IUJ38_RS11970
NZ_CP064385.1	2409768	2412086		plus	Fe(2+) transporter permease subunit FeoB	feoB	0	protein-coding		WP_000736973.1	772	IUJ38_RS11975
NZ_CP064385.1	2412099	2412335		plus	[Fe-S]-dependent transcriptional repressor FeoC	feoC	0	protein-coding		WP_000157589.1	78	IUJ38_RS11980
NZ_CP064385.1	2412570	2413484		plus	Rpn family recombination-promoting nuclease/putative transposase		0	protein-coding		WP_000235945.1	304	IUJ38_RS11985
NZ_CP064385.1	2413520	2414290		minus	pimeloyl-ACP methyl ester esterase BioH	bioH	0	protein-coding		WP_000998146.1	256	IUJ38_RS11990
NZ_CP064385.1	2414328	2415011		plus	DNA utilization protein GntX	gntX	0	protein-coding		WP_000958732.1	227	IUJ38_RS11995
NZ_CP064385.1	2415070	2415645		plus	Fe-S biogenesis protein NfuA	nfuA	0	protein-coding		WP_000619387.1	191	IUJ38_RS12000
NZ_CP064385.1	2416022	2417338		plus	gluconate transporter	gntT	0	protein-coding		WP_001131737.1	438	IUJ38_RS12005
NZ_CP064385.1	2417457	2419535		minus	4-alpha-glucanotransferase	malQ	0	protein-coding		WP_000428721.1	692	IUJ38_RS12010
NZ_CP064385.1	2419545	2421938		minus	maltodextrin phosphorylase	malP	0	protein-coding		WP_000082246.1	797	IUJ38_RS12015
NZ_CP064385.1	2422532	2425237		plus	HTH-type transcriptional regulator MalT	malT	0	protein-coding		WP_000907029.1	901	IUJ38_RS12020
NZ_CP064385.1	2425325	2425600		minus	type II toxin-antitoxin system YafQ family toxin		0	protein-coding		WP_001526148.1	91	IUJ38_RS12025
NZ_CP064385.1	2425603	2425863		minus	type II toxin-antitoxin system RelB/DinJ family antitoxin		0	protein-coding		WP_000729713.1	86	IUJ38_RS12030
NZ_CP064385.1	2425972	2426991		minus	RNA 3'-terminal phosphate cyclase	rtcA	0	protein-coding		WP_000101027.1	339	IUJ38_RS12035
NZ_CP064385.1	2426995	2428209		minus	RNA-splicing ligase RtcB	rtcB	0	protein-coding		WP_001105522.1	404	IUJ38_RS12040
NZ_CP064385.1	2428557	2428748		minus	uncharacterized gene		0	pseudogene				IUJ38_RS12045
NZ_CP064385.1	2428757	2430310		minus	vWA domain-containing protein		0	protein-coding		WP_000013008.1	517	IUJ38_RS12050
NZ_CP064385.1	2430500	2432083		plus	RNA repair transcriptional activator RtcR	rtcR	0	protein-coding		WP_001232871.1	527	IUJ38_RS12055
NZ_CP064385.1	2432080	2432838		minus	DeoR/GlpR family transcriptional regulator		0	protein-coding		WP_000815085.1	252	IUJ38_RS12060
NZ_CP064385.1	2432932	2433762		minus	rhomboid family intramembrane serine protease GlpG	glpG	0	protein-coding		WP_000928699.1	276	IUJ38_RS12065
NZ_CP064385.1	2433838	2434164		minus	thiosulfate sulfurtransferase GlpE	glpE	0	protein-coding		WP_000434523.1	108	IUJ38_RS12070
NZ_CP064385.1	2434363	2435871		plus	glycerol-3-phosphate dehydrogenase	glpD	0	protein-coding		WP_000448179.1	502	IUJ38_RS12075
NZ_CP064385.1	2435918	2436463		minus	YbbD family protein		0	protein-coding		WP_000393233.1	181	IUJ38_RS12080
NZ_CP064385.1	2436473	2438032		minus	PstS family phosphate ABC transporter substrate-binding protein		0	protein-coding		WP_010989078.1	519	IUJ38_RS12085
NZ_CP064385.1	2438126	2439235		minus	glycerol dehydrogenase		0	protein-coding		WP_000258838.1	369	IUJ38_RS12090
NZ_CP064385.1	2439573	2440907		plus	MFS transporter		0	protein-coding		WP_001518078.1	444	IUJ38_RS12095
NZ_CP064385.1	2440904	2442619		plus	dihydroxy-acid dehydratase	ilvD	0	protein-coding		WP_000078502.1	571	IUJ38_RS12100
NZ_CP064385.1	2442663	2443568		plus	dihydrodipicolinate synthase family protein		0	protein-coding		WP_000192193.1	301	IUJ38_RS12105
NZ_CP064385.1	2443612	2444367		minus	IclR family transcriptional regulator		0	protein-coding		WP_000724553.1	251	IUJ38_RS12110
NZ_CP064385.1	2444545	2446992		minus	glycogen phosphorylase	glgP	0	protein-coding		WP_000993428.1	815	IUJ38_RS12115
NZ_CP064385.1	2447012	2448445		minus	glycogen synthase GlgA	glgA	0	protein-coding		WP_001197669.1	477	IUJ38_RS12120
NZ_CP064385.1	2448445	2449740		minus	glucose-1-phosphate adenylyltransferase	glgC	0	protein-coding		WP_000253995.1	431	IUJ38_RS12125
NZ_CP064385.1	2449755	2451731		minus	glycogen debranching protein GlgX	glgX	0	protein-coding		WP_000192491.1	658	IUJ38_RS12130
NZ_CP064385.1	2451728	2453914		minus	1,4-alpha-glucan branching enzyme	glgB	0	protein-coding		WP_000098543.1	728	IUJ38_RS12135
NZ_CP064385.1	2454261	2455367		minus	aspartate-semialdehyde dehydrogenase	asd	0	protein-coding		WP_000799940.1	368	IUJ38_RS12140
NZ_CP064385.1	2455494	2455874		plus	MarC family protein		0	protein-coding		WP_001737361.1	126	IUJ38_RS12145
NZ_CP064385.1	2455791	2457131		minus	gluconate transporter	gntU	0	protein-coding		WP_000105958.1	446	IUJ38_RS12150
NZ_CP064385.1	2457128	2457661		minus	gluconokinase	gntK	0	protein-coding		WP_000108342.1	177	IUJ38_RS12155
NZ_CP064385.1	2457800	2458795		minus	gluconate operon transcriptional repressor GntR	gntR	0	protein-coding		WP_000730239.1	331	IUJ38_RS12160
NZ_CP064385.1	2458925	2459620		minus	pirin family protein		0	protein-coding		WP_000639789.1	231	IUJ38_RS12165
NZ_CP064385.1	2459744	2460781		minus	oxidoreductase		0	protein-coding		WP_000172397.1	345	IUJ38_RS12170
NZ_CP064385.1	2461250	2461738		plus	N-acetyltransferase	yhhY	0	protein-coding		WP_001290276.1	162	IUJ38_RS12175
NZ_CP064385.1	2462003	2463217		plus	PfkB family carbohydrate kinase		0	protein-coding		WP_000667440.1	404	IUJ38_RS12180
NZ_CP064385.1	2463233	2463994		plus	glutamine amidotransferase		0	protein-coding		WP_001066509.1	253	IUJ38_RS12185
NZ_CP064385.1	2464048	2465019		plus	DMT family transporter		0	protein-coding		WP_001038948.1	323	IUJ38_RS12190
NZ_CP064385.1	2465016	2466050		plus	phosphotriesterase family protein		0	protein-coding		WP_000675710.1	344	IUJ38_RS12195
NZ_CP064385.1	2466095	2467837		minus	gamma-glutamyltransferase	ggt	0	protein-coding		WP_000805096.1	580	IUJ38_RS12200
NZ_CP064385.1	2467963	2468379		plus	DUF2756 family protein		0	protein-coding		WP_000826041.1	138	IUJ38_RS12205
NZ_CP064385.1	2468392	2469132		minus	glycerophosphodiester phosphodiesterase	ugpQ	0	protein-coding		WP_000073548.1	246	IUJ38_RS12210
NZ_CP064385.1	2469129	2470199		minus	sn-glycerol-3-phosphate import ATP-binding protein UgpC		0	protein-coding		WP_000907838.1	356	IUJ38_RS12215
NZ_CP064385.1	2470201	2471046		minus	sn-glycerol-3-phosphate ABC transporter permease UgpE	ugpE	0	protein-coding		WP_000572196.1	281	IUJ38_RS12220
NZ_CP064385.1	2471043	2471930		minus	sn-glycerol-3-phosphate ABC transporter permease UgpA	ugpA	0	protein-coding		WP_000099303.1	295	IUJ38_RS12225
NZ_CP064385.1	2471994	2473310		minus	sn-glycerol-3-phosphate ABC transporter substrate-binding protein UgpB	ugpB	0	protein-coding		WP_000624747.1	438	IUJ38_RS12230
NZ_CP064385.1	2473569	2473937		minus	type II toxin-antitoxin system death-on-curing family toxin		0	protein-coding		WP_001521773.1	122	IUJ38_RS12235
NZ_CP064385.1	2473934	2474155		minus	type II toxin-antitoxin system Phd/YefM family antitoxin		0	protein-coding		WP_001520924.1	73	IUJ38_RS12240
NZ_CP064385.1	2474287	2475000		minus	high-affinity branched-chain amino acid ABC transporter ATP-binding protein LivF	livF	0	protein-coding		WP_000416114.1	237	IUJ38_RS12245
NZ_CP064385.1	2475002	2475769		minus	high-affinity branched-chain amino acid ABC transporter ATP-binding protein LivG	livG	0	protein-coding		WP_000082083.1	255	IUJ38_RS12250
NZ_CP064385.1	2475766	2477043		minus	branched chain amino acid ABC transporter permease LivM	livM	0	protein-coding		WP_000803766.1	425	IUJ38_RS12255
NZ_CP064385.1	2477040	2477966		minus	high-affinity branched-chain amino acid ABC transporter permease LivH	livH	0	protein-coding		WP_000003007.1	308	IUJ38_RS12260
NZ_CP064385.1	2478026	2479135		minus	high-affinity branched-chain amino acid ABC transporter substrate-binding protein LivK	livK	0	protein-coding		WP_000822976.1	369	IUJ38_RS12265
NZ_CP064385.1	2479557	2479940		plus	aspartate 1-decarboxylase autocleavage activator PanM	panM	0	protein-coding		WP_000778873.1	127	IUJ38_RS12270
NZ_CP064385.1	2479918	2480052		plus	hypothetical protein		0	protein-coding		WP_001517957.1	44	IUJ38_RS12275
NZ_CP064385.1	2480135	2481238		minus	branched chain amino acid ABC transporter substrate-binding protein LivJ	livJ	0	protein-coding		WP_001521443.1	367	IUJ38_RS12280
NZ_CP064385.1	2481560	2482414		minus	RNA polymerase sigma factor RpoH	rpoH	0	protein-coding		WP_000159621.1	284	IUJ38_RS12285
NZ_CP064385.1	2482660	2483715		minus	permease-like cell division protein FtsX	ftsX	0	protein-coding		WP_001081707.1	351	IUJ38_RS12290
NZ_CP064385.1	2483708	2484376		minus	cell division ATP-binding protein FtsE	ftsE	0	protein-coding		WP_000617729.1	222	IUJ38_RS12295
NZ_CP064385.1	2484379	2485854		minus	signal recognition particle-docking protein FtsY	ftsY	0	protein-coding		WP_001118686.1	491	IUJ38_RS12300
NZ_CP064385.1	2485980	2486576		plus	16S rRNA (guanine(966)-N(2))-methyltransferase	rsmD	0	protein-coding		WP_000743277.1	198	IUJ38_RS12305
NZ_CP064385.1	2486566	2486835		plus	DUF1145 family protein		0	protein-coding		WP_000906757.1	89	IUJ38_RS12310
NZ_CP064385.1	2486857	2487228		minus	DUF2500 domain-containing protein		0	protein-coding		WP_000042853.1	123	IUJ38_RS12315
NZ_CP064385.1	2487370	2487996		plus	lysoplasmalogenase		0	protein-coding		WP_000964735.1	208	IUJ38_RS12320
NZ_CP064385.1	2488077	2490275		plus	Zn(II)/Cd(II)/Pb(II) translocating P-type ATPase ZntA	zntA	0	protein-coding		WP_000106641.1	732	IUJ38_RS12325
NZ_CP064385.1	2490475	2492118		plus	methyl-accepting chemotaxis citrate transducer	tcp	0	protein-coding		WP_000789683.1	547	IUJ38_RS12330
NZ_CP064385.1	2492142	2492387		minus	sulfurtransferase TusA	tusA	0	protein-coding		WP_001541054.1	81	IUJ38_RS12335
NZ_CP064385.1	2492557	2493222		plus	7-cyano-7-deazaguanine/7-aminomethyl-7-deazaguanine transporter		0	protein-coding		WP_000187489.1	221	IUJ38_RS12340
NZ_CP064385.1	2493295	2493852		plus	DcrB family lipoprotein		0	protein-coding		WP_001245277.1	185	IUJ38_RS12345
NZ_CP064385.1	2493856	2495115		minus	MFS transporter		0	protein-coding		WP_001576500.1	419	IUJ38_RS12350
NZ_CP064385.1	2495205	2496254		plus	AI-2E family transporter		0	protein-coding		WP_000179589.1	349	IUJ38_RS12355
NZ_CP064385.1	2496306	2496884		plus	4'-phosphopantetheinyl transferase AcpT	acpT	0	protein-coding		WP_000285376.1	192	IUJ38_RS12360
NZ_CP064385.1	2496976	2497377		plus	nickel-responsive transcriptional regulator NikR	nikR	0	protein-coding		WP_001190057.1	133	IUJ38_RS12365
NZ_CP064385.1	2497467	2498591		minus	ABC transporter permease		0	protein-coding		WP_001214750.1	374	IUJ38_RS12370
NZ_CP064385.1	2498591	2501332		minus	ribosome-associated ATPase/putative transporter RbbA	rbbA	0	protein-coding		WP_000202936.1	913	IUJ38_RS12375
NZ_CP064385.1	2501329	2502396		minus	HlyD family secretion protein		0	protein-coding		WP_000359836.1	355	IUJ38_RS12380
NZ_CP064385.1	2502702	2503898		minus	BaiN/RdsA family NAD(P)/FAD-dependent oxidoreductase		0	protein-coding		WP_000439219.1	398	IUJ38_RS12385
NZ_CP064385.1	2504129	2505625		plus	inorganic phosphate transporter PitA	pitA	0	protein-coding		WP_000902764.1	498	IUJ38_RS12390
NZ_CP064385.1	2505765	2506100		minus	universal stress protein UspB	uspB	0	protein-coding		WP_000626193.1	111	IUJ38_RS12395
NZ_CP064385.1	2506488	2506922		plus	universal stress protein UspA	uspA	0	protein-coding		WP_000323565.1	144	IUJ38_RS12400
NZ_CP064385.1	2507247	2508716		plus	dipeptide/tripeptide permease DtpB	dtpB	0	protein-coding		WP_001098277.1	489	IUJ38_RS12405
NZ_CP064385.1	2508808	2509566		minus	16S rRNA (guanine(1516)-N(2))-methyltransferase RsmJ	rsmJ	0	protein-coding		WP_001165134.1	252	IUJ38_RS12410
NZ_CP064385.1	2509573	2511615		minus	oligopeptidase A	prlC	0	protein-coding		WP_000184178.1	680	IUJ38_RS12415
NZ_CP064385.1	2511797	2513068		minus	acid phosphatase		0	protein-coding		WP_000766151.1	423	IUJ38_RS12420
NZ_CP064385.1	2513279	2514121		plus	23S rRNA (adenine(2030)-N(6))-methyltransferase RlmJ		0	protein-coding		WP_000954235.1	280	IUJ38_RS12425
NZ_CP064385.1	2514226	2515578		plus	glutathione-disulfide reductase	gorA	0	protein-coding		WP_000160774.1	450	IUJ38_RS12430
NZ_CP064385.1	2515625	2516668		minus	fructose-asparagine asparaginase	fraE	0	protein-coding		WP_000702755.1	347	IUJ38_RS12435
NZ_CP064385.1	2516727	2518046		minus	anaerobic C4-dicarboxylate transporter family protein		0	protein-coding		WP_000498935.1	439	IUJ38_RS12440
NZ_CP064385.1	2518100	2518945		minus	fructose-aspartate kinase	fraD	0	protein-coding		WP_000028429.1	281	IUJ38_RS12445
NZ_CP064385.1	2519009	2519986		minus	6-phosphofructose-aspartate deglycase	fraB	0	protein-coding		WP_010989080.1	325	IUJ38_RS12450
NZ_CP064385.1	2520162	2520881		minus	GntR family transcriptional regulator		0	protein-coding		WP_000572568.1	239	IUJ38_RS12455
NZ_CP064385.1	2521207	2522856		plus	alpha,alpha-trehalase		0	protein-coding		WP_000934257.1	549	IUJ38_RS12460
NZ_CP064385.1	2522869	2524458		minus	STY4199 family HEPN domain-containing protein		0	protein-coding		WP_000185023.1	529	IUJ38_RS12465
NZ_CP064385.1	2524739	2525095		plus	glycoside hydrolase family protein		0	protein-coding		WP_001120249.1	118	IUJ38_RS12470
NZ_CP064385.1	2525101	2525703		minus	helix-turn-helix transcriptional regulator		0	protein-coding		WP_001196084.1	200	IUJ38_RS12475
NZ_CP064385.1	2526334	2527233		plus	LysR family transcriptional regulator		0	protein-coding		WP_000358042.1	299	IUJ38_RS12480
NZ_CP064385.1	2527306	2528334		plus	inner membrane protein YhjD	yhjD	0	protein-coding		WP_000191231.1	342	IUJ38_RS12485
NZ_CP064385.1	2528685	2530007		plus	MFS transporter		0	protein-coding		WP_001148983.1	440	IUJ38_RS12490
NZ_CP064385.1	2530047	2532107		minus	AsmA family protein		0	protein-coding		WP_000158675.1	686	IUJ38_RS12495
NZ_CP064385.1	2532217	2532984		minus	cyclic-guanylate-specific phosphodiesterase	pdeH	0	protein-coding		WP_000595626.1	255	IUJ38_RS12500
NZ_CP064385.1	2533213	2534142		plus	2-dehydro-3-deoxygluconokinase		0	protein-coding		WP_000037583.1	309	IUJ38_RS12505
NZ_CP064385.1	2534196	2535683		minus	M16 family metallopeptidase		0	protein-coding		WP_001163182.1	495	IUJ38_RS12510
NZ_CP064385.1	2535903	2537189		minus	C4-dicarboxylate transporter DctC	dctA	0	protein-coding		WP_000858228.1	428	IUJ38_RS12515
NZ_CP064385.1	2537347	2539353		minus	biofilm formation regulator HmsP	hmsP	0	protein-coding		WP_001266339.1	668	IUJ38_RS12520
NZ_CP064385.1	2539527	2543069		minus	cellulose synthase complex outer membrane protein BcsC	bcsC	0	protein-coding		WP_001225195.1	1180	IUJ38_RS12525
NZ_CP064385.1	2543051	2544160		minus	cellulose synthase complex periplasmic endoglucanase BcsZ	bcsZ	0	protein-coding		WP_000988813.1	369	IUJ38_RS12530
NZ_CP064385.1	2544164	2546464		minus	cellulose biosynthesis cyclic di-GMP-binding regulatory protein BcsB	bcsB	0	protein-coding		WP_000823813.1	766	IUJ38_RS12535
NZ_CP064385.1	2546475	2549099		minus	UDP-forming cellulose synthase catalytic subunit	bcsA	0	protein-coding		WP_001275340.1	874	IUJ38_RS12540
NZ_CP064385.1	2549096	2549848		minus	cellulose biosynthesis protein BcsQ	bcsQ	0	protein-coding		WP_000996125.1	250	IUJ38_RS12545
NZ_CP064385.1	2549849	2550052		minus	cellulose biosynthesis protein BcsR	bcsR	0	protein-coding		WP_000282616.1	67	IUJ38_RS12550
NZ_CP064385.1	2550297	2551868		plus	cellulose biosynthesis c-di-GMP-binding protein BcsE	bcsE	0	protein-coding		WP_001205760.1	523	IUJ38_RS12555
NZ_CP064385.1	2551865	2552056		plus	cellulose biosynthesis protein BcsF	bcsF	0	protein-coding		WP_000988321.1	63	IUJ38_RS12560
NZ_CP064385.1	2552053	2553732		plus	cellulose biosynthesis protein BcsG	bcsG	0	protein-coding		WP_000192026.1	559	IUJ38_RS12565
NZ_CP064385.1	2553814	2553921		minus	type I toxin-antitoxin system toxin Ldr family protein		0	protein-coding		WP_001669334.1	35	IUJ38_RS12570
NZ_CP064385.1	2554294	2554446		plus	uncharacterized gene		0	pseudogene				IUJ38_RS12575
NZ_CP064385.1	2554564	2555862		plus	aromatic amino acid transport family protein		0	protein-coding		WP_001150163.1	432	IUJ38_RS12580
NZ_CP064385.1	2555963	2556976		minus	dipeptide ABC transporter ATP-binding subunit DppF	dppF	0	protein-coding		WP_000103563.1	337	IUJ38_RS12585
NZ_CP064385.1	2556973	2557956		minus	dipeptide ABC transporter ATP-binding protein	dppD	0	protein-coding		WP_001196509.1	327	IUJ38_RS12590
NZ_CP064385.1	2557967	2558869		minus	dipeptide ABC transporter permease DppC	dppC	0	protein-coding		WP_000084690.1	300	IUJ38_RS12595
NZ_CP064385.1	2558879	2559898		minus	dipeptide ABC transporter permease DppB	dppB	0	protein-coding		WP_000938843.1	339	IUJ38_RS12600
NZ_CP064385.1	2560055	2561662		minus	dipeptide ABC transporter periplasmic-binding protein DppA	dppA	0	protein-coding		WP_000028047.1	535	IUJ38_RS12605
NZ_CP064385.1	2562218	2563543		minus	uracil-xanthine permease family protein		0	protein-coding		WP_001136079.1	441	IUJ38_RS12610
NZ_CP064385.1	2563601	2564725		minus	aryl-sulfate sulfotransferase		0	protein-coding		WP_000940803.1	374	IUJ38_RS12615
NZ_CP064385.1	2564875	2565882		plus	LacI family DNA-binding transcriptional regulator		0	protein-coding		WP_000290692.1	335	IUJ38_RS12620
NZ_CP064385.1	2565873	2566006		minus	RtT sRNA		0	ncRNA				IUJ38_RS12625
NZ_CP064385.1	2566042	2566118		minus	tRNA-Pro		0	tRNA				IUJ38_RS12630
NZ_CP064385.1	2566209	2567900		minus	kdo(2)-lipid A phosphoethanolamine 7''-transferase	eptB	0	protein-coding		WP_001269259.1	563	IUJ38_RS12635
NZ_CP064385.1	2568118	2568645		minus	long polar fimbrial protein LpfE	lpfE	0	protein-coding		WP_000792957.1	175	IUJ38_RS12640
NZ_CP064385.1	2568651	2569730		minus	long polar fimbrial protein LpfD	lpfD	0	protein-coding		WP_000914255.1	359	IUJ38_RS12645
NZ_CP064385.1	2569748	2572276		minus	outer membrane usher protein LpfC	lpfC	0	protein-coding		WP_000220312.1	842	IUJ38_RS12650
NZ_CP064385.1	2572299	2572997		minus	long polar fimbrial chaperone LpfB	lpfB	0	protein-coding		WP_001082123.1	232	IUJ38_RS12655
NZ_CP064385.1	2573082	2573606		minus	long polar fimbria major subunit LpfA	lpfA	0	protein-coding		WP_001519917.1	174	IUJ38_RS12660
NZ_CP064385.1	2574124	2574828		minus	autotransporter outer membrane beta-barrel domain-containing protein		0	protein-coding		WP_000637070.1	234	IUJ38_RS12665
NZ_CP064385.1	2574985	2575566		plus	DNA-3-methyladenine glycosylase I	tag	0	protein-coding		WP_001188414.1	193	IUJ38_RS12670
NZ_CP064385.1	2575544	2575984		plus	N-acetyltransferase		0	protein-coding		WP_000619902.1	146	IUJ38_RS12675
NZ_CP064385.1	2575953	2578286		minus	molybdopterin guanine dinucleotide-containing S/N-oxide reductase		0	protein-coding		WP_000148453.1	777	IUJ38_RS12680
NZ_CP064385.1	2578439	2579101		plus	OmpA family lipoprotein		0	protein-coding		WP_000747548.1	220	IUJ38_RS12685
NZ_CP064385.1	2579320	2580294		plus	glyoxylate/hydroxypyruvate reductase GhrB	ghrB	0	protein-coding		WP_000804674.1	324	IUJ38_RS12690
NZ_CP064385.1	2580344	2581054		minus	DUF3053 domain-containing protein		0	protein-coding		WP_000190524.1	236	IUJ38_RS12695
NZ_CP064385.1	2581493	2581783		plus	HTH-type transcriptional regulator		0	protein-coding		WP_000455790.1	96	IUJ38_RS12700
NZ_CP064385.1	2582072	2582284		plus	transcription antiterminator/RNA stability regulator CspE	cspE	0	protein-coding		WP_000014594.1	70	IUJ38_RS12705
NZ_CP064385.1	2582458	2582997		plus	copper-binding periplasmic metallochaperone CueP	cueP	0	protein-coding		WP_000047149.1	179	IUJ38_RS12710
NZ_CP064385.1	2583369	2583854		minus	GNAT family N-acetyltransferase		0	protein-coding		WP_000533909.1	161	IUJ38_RS12715
NZ_CP064385.1	2583842	2584129		minus	type II toxin-antitoxin system TacA family antitoxin		0	protein-coding		WP_000965886.1	95	IUJ38_RS12720
NZ_CP064385.1	2584307	2584774		minus	GNAT family N-acetyltransferase		0	protein-coding		WP_000702452.1	155	IUJ38_RS12725
NZ_CP064385.1	2584946	2585221		minus	uncharacterized gene		0	pseudogene				IUJ38_RS12730
NZ_CP064385.1	2585403	2587472		minus	glycine--tRNA ligase subunit beta	glyS	0	protein-coding		WP_001291736.1	689	IUJ38_RS12735
NZ_CP064385.1	2587482	2588393		minus	glycine--tRNA ligase subunit alpha	glyQ	0	protein-coding		WP_001168551.1	303	IUJ38_RS12740
NZ_CP064385.1	2588532	2588834		minus	YsaB family lipoprotein		0	protein-coding		WP_000605590.1	100	IUJ38_RS12745
NZ_CP064385.1	2589000	2589995		plus	acyltransferase		0	protein-coding		WP_001182588.1	331	IUJ38_RS12750
NZ_CP064385.1	2590018	2590371		minus	YiaA/YiaB family protein		0	protein-coding		WP_000340935.1	117	IUJ38_RS12755
NZ_CP064385.1	2590546	2592000		minus	xylulokinase	xylB	0	protein-coding		WP_000275326.1	484	IUJ38_RS12760
NZ_CP064385.1	2592100	2593422		minus	xylose isomerase	xylA	0	protein-coding		WP_001149561.1	440	IUJ38_RS12765
NZ_CP064385.1	2593785	2594963		plus	D-xylose utilization transcriptional activator XylR	xylR	0	protein-coding		WP_000459825.1	392	IUJ38_RS12770
NZ_CP064385.1	2595024	2595848		minus	protein bax		0	protein-coding		WP_001575119.1	274	IUJ38_RS12775
NZ_CP064385.1	2596164	2598191		plus	alpha-amylase		0	protein-coding		WP_000761305.1	675	IUJ38_RS12780
NZ_CP064385.1	2598365	2599615		plus	valine--pyruvate transaminase	avtA	0	protein-coding		WP_000144381.1	416	IUJ38_RS12785
NZ_CP064385.1	2599652	2600125		minus	4Fe-4S dicluster domain-containing protein		0	protein-coding		WP_001078820.1	157	IUJ38_RS12790
NZ_CP064385.1	2600242	2601042		minus	IclR family transcriptional regulator YiaJ	yiaJ	0	protein-coding		WP_000081340.1	266	IUJ38_RS12795
NZ_CP064385.1	2601272	2602270		plus	3-dehydro-L-gulonate 2-dehydrogenase	yiaK	0	protein-coding		WP_000869012.1	332	IUJ38_RS12800
NZ_CP064385.1	2602282	2602746		plus	YhcH/YjgK/YiaL family protein		0	protein-coding		WP_000576056.1	154	IUJ38_RS12805
NZ_CP064385.1	2602770	2603702		plus	DUF4862 family protein		0	protein-coding		WP_000794981.1	310	IUJ38_RS12810
NZ_CP064385.1	2603841	2604314		plus	2,3-diketo-L-gulonate TRAP transporter small permease YiaM	yiaM	0	protein-coding		WP_000832313.1	157	IUJ38_RS12815
NZ_CP064385.1	2604317	2605594		plus	2,3-diketo-L-gulonate TRAP transporter large permease YiaN	yiaN	0	protein-coding		WP_000301822.1	425	IUJ38_RS12820
NZ_CP064385.1	2605606	2606592		plus	2,3-diketo-L-gulonate TRAP transporter substrate-binding protein YiaO	yiaO	0	protein-coding		WP_000766336.1	328	IUJ38_RS12825
NZ_CP064385.1	2606596	2608092		plus	FGGY-family carbohydrate kinase		0	protein-coding		WP_000074064.1	498	IUJ38_RS12830
NZ_CP064385.1	2608089	2608751		plus	3-keto-L-gulonate-6-phosphate decarboxylase UlaD	ulaD	0	protein-coding		WP_000089527.1	220	IUJ38_RS12835
NZ_CP064385.1	2608744	2609604		plus	L-ribulose-5-phosphate 3-epimerase		0	protein-coding		WP_001244031.1	286	IUJ38_RS12840
NZ_CP064385.1	2609598	2610293		plus	L-ribulose-5-phosphate 4-epimerase	araD	0	protein-coding		WP_000893169.1	231	IUJ38_RS12845
NZ_CP064385.1	2610454	2611269		minus	AraC family transcriptional regulator		0	protein-coding		WP_000891805.1	271	IUJ38_RS12850
NZ_CP064385.1	2611533	2613488		plus	glycoside hydrolase family 127 protein		0	protein-coding		WP_001101509.1	651	IUJ38_RS12855
NZ_CP064385.1	2613606	2615144		minus	aldehyde dehydrogenase AldB	aldB	0	protein-coding		WP_000183985.1	512	IUJ38_RS12860
NZ_CP064385.1	2615313	2616194		plus	ROK family protein		0	protein-coding		WP_001188274.1	293	IUJ38_RS12865
NZ_CP064385.1	2616479	2618329		minus	selenocysteine-specific translation elongation factor	selB	0	protein-coding		WP_000582394.1	616	IUJ38_RS12870
NZ_CP064385.1	2618326	2619717		minus	L-seryl-tRNA(Sec) selenium transferase	selA	0	protein-coding		WP_000200187.1	463	IUJ38_RS12875
NZ_CP064385.1	2619816	2620424		minus	glutathione S-transferase		0	protein-coding		WP_000766684.1	202	IUJ38_RS12880
NZ_CP064385.1	2620900	2622816		plus	PTS mannitol transporter subunit IICBA	mtlA	0	protein-coding		WP_000093287.1	638	IUJ38_RS12885
NZ_CP064385.1	2623037	2624185		plus	mannitol-1-phosphate 5-dehydrogenase	mtlD	0	protein-coding		WP_000645391.1	382	IUJ38_RS12890
NZ_CP064385.1	2624182	2624772		plus	mannitol operon repressor MtlR	mtlR	0	protein-coding		WP_000193201.1	196	IUJ38_RS12895
NZ_CP064385.1	2624782	2624991		minus	hypothetical protein		0	protein-coding		WP_001062558.1	69	IUJ38_RS12900
NZ_CP064385.1	2625282	2625644		plus	YibL family ribosome-associated protein		0	protein-coding		WP_000665687.1	120	IUJ38_RS12905
NZ_CP064385.1	2626134	2626817		plus	SadB/YajI family lipoprotein		0	protein-coding		WP_000549457.1	227	IUJ38_RS12910
NZ_CP064385.1	2626861	2631246		plus	trimeric autotransporter adhesin SadA	sadA	0	protein-coding		WP_001079584.1	1461	IUJ38_RS12915
NZ_CP064385.1	2631545	2633200		plus	L-lactate permease	lldP	0	protein-coding		WP_001055305.1	551	IUJ38_RS12920
NZ_CP064385.1	2633197	2633973		plus	transcriptional regulator LldR	lldR	0	protein-coding		WP_000636696.1	258	IUJ38_RS12925
NZ_CP064385.1	2633970	2635160		plus	quinone-dependent L-lactate dehydrogenase	lldD	0	protein-coding		WP_000586988.1	396	IUJ38_RS12930
NZ_CP064385.1	2635224	2635697		plus	tRNA (uridine(34)/cytosine(34)/5-carboxymethylaminomethyluridine(34)-2'-O)-methyltransferase TrmL	trmL	0	protein-coding		WP_000932335.1	157	IUJ38_RS12935
NZ_CP064385.1	2635765	2636769		minus	LacI family DNA-binding transcriptional regulator		0	protein-coding		WP_010989081.1	334	IUJ38_RS12940
NZ_CP064385.1	2637088	2638284		plus	L-talarate/galactarate dehydratase		0	protein-coding		WP_001218249.1	398	IUJ38_RS12945
NZ_CP064385.1	2638358	2639668		plus	MFS transporter		0	protein-coding		WP_001092104.1	436	IUJ38_RS12950
NZ_CP064385.1	2639751	2640572		minus	serine O-acetyltransferase	cysE	0	protein-coding		WP_001112113.1	273	IUJ38_RS12955
NZ_CP064385.1	2640650	2641669		minus	NAD(P)H-dependent glycerol-3-phosphate dehydrogenase	gpsA	0	protein-coding		WP_001076596.1	339	IUJ38_RS12960
NZ_CP064385.1	2641669	2642136		minus	protein-export chaperone SecB	secB	0	protein-coding		WP_000003370.1	155	IUJ38_RS12965
NZ_CP064385.1	2642180	2642431		minus	glutaredoxin 3	grxC	0	protein-coding		WP_001273795.1	83	IUJ38_RS12970
NZ_CP064385.1	2642518	2642949		minus	rhodanese-like domain-containing protein		0	protein-coding		WP_001156179.1	143	IUJ38_RS12975
NZ_CP064385.1	2643197	2644741		plus	2,3-bisphosphoglycerate-independent phosphoglycerate mutase	gpmM	0	protein-coding		WP_000116576.1	514	IUJ38_RS12980
NZ_CP064385.1	2644775	2646034		plus	murein hydrolase activator EnvC	envC	0	protein-coding		WP_058814511.1	419	IUJ38_RS12985
NZ_CP064385.1	2646038	2647000		plus	divergent polysaccharide deacetylase family protein		0	protein-coding		WP_001135518.1	320	IUJ38_RS12990
NZ_CP064385.1	2646987	2648021		minus	glycosyltransferase		0	protein-coding		WP_000798206.1	344	IUJ38_RS12995
NZ_CP064385.1	2648515	2649540		minus	L-threonine 3-dehydrogenase	tdh	0	protein-coding		WP_000645990.1	341	IUJ38_RS13000
NZ_CP064385.1	2649550	2650746		minus	glycine C-acetyltransferase	kbl	0	protein-coding		WP_001213790.1	398	IUJ38_RS13005
NZ_CP064385.1	2650949	2651881		plus	ADP-glyceromanno-heptose 6-epimerase	rfaD	0	protein-coding		WP_000587771.1	310	IUJ38_RS13010
NZ_CP064385.1	2651884	2652930		plus	ADP-heptose--LPS heptosyltransferase RfaF	rfaF	0	protein-coding		WP_000699190.1	348	IUJ38_RS13015
NZ_CP064385.1	2652930	2653883		plus	lipopolysaccharide heptosyltransferase RfaC	rfaC	0	protein-coding		WP_001264604.1	317	IUJ38_RS13020
NZ_CP064385.1	2653923	2655137		plus	O-antigen ligase RfaL	rfaL	0	protein-coding		WP_000958458.1	404	IUJ38_RS13025
NZ_CP064385.1	2655194	2656339		minus	lipopolysaccharide N-acetylglucosaminyltransferase		0	protein-coding		WP_000591818.1	381	IUJ38_RS13030
NZ_CP064385.1	2656440	2657249		minus	3-deoxy-D-manno-oct-2-ulosonate III transferase WaaZ	waaZ	0	protein-coding		WP_000536012.1	269	IUJ38_RS13035
NZ_CP064385.1	2657399	2658097		minus	lipopolysaccharide core heptose(II) kinase RfaY	rfaY	0	protein-coding		WP_000582809.1	232	IUJ38_RS13040
NZ_CP064385.1	2658120	2659130		minus	lipopolysaccharide 1,2-glucosyltransferase RfaJ	rfaJ	0	protein-coding		WP_000376865.1	336	IUJ38_RS13045
NZ_CP064385.1	2659148	2660161		minus	lipopolysaccharide 3-alpha-galactosyltransferase	waaO	0	protein-coding		WP_000088479.1	337	IUJ38_RS13050
NZ_CP064385.1	2660167	2661246		minus	lipopolysaccharide 1,6-galactosyltransferase	waaB	0	protein-coding		WP_000683977.1	359	IUJ38_RS13055
NZ_CP064385.1	2661364	2661525		minus	uncharacterized gene		0	pseudogene				IUJ38_RS13060
NZ_CP064385.1	2661581	2662378		minus	lipopolysaccharide core heptose(I) kinase RfaP	rfaP	0	protein-coding		WP_000229825.1	265	IUJ38_RS13065
NZ_CP064385.1	2662371	2663495		minus	glycosyltransferase family 4 protein		0	protein-coding		WP_001261577.1	374	IUJ38_RS13070
NZ_CP064385.1	2663492	2664562		minus	lipopolysaccharide core heptosyltransferase RfaQ	rfaQ	0	protein-coding		WP_001526672.1	356	IUJ38_RS13075
NZ_CP064385.1	2664971	2666248		plus	lipid IV(A) 3-deoxy-D-manno-octulosonic acid transferase	waaA	0	protein-coding		WP_000891582.1	425	IUJ38_RS13080
NZ_CP064385.1	2666257	2666736		plus	pantetheine-phosphate adenylyltransferase	coaD	0	protein-coding		WP_001171890.1	159	IUJ38_RS13085
NZ_CP064385.1	2666764	2667573		minus	bifunctional DNA-formamidopyrimidine glycosylase/DNA-(apurinic or apyrimidinic site) lyase	mutM	0	protein-coding		WP_001114508.1	269	IUJ38_RS13090
NZ_CP064385.1	2667671	2667838		minus	50S ribosomal protein L33	rpmG	0	protein-coding		WP_001051798.1	55	IUJ38_RS13095
NZ_CP064385.1	2667859	2668095		minus	50S ribosomal protein L28	rpmB	0	protein-coding		WP_001519051.1	78	IUJ38_RS13100
NZ_CP064385.1	2668313	2668978		minus	RadC family protein	radC	0	protein-coding		WP_000380129.1	221	IUJ38_RS13105
NZ_CP064385.1	2669154	2670374		plus	bifunctional phosphopantothenoylcysteine decarboxylase/phosphopantothenate--cysteine ligase CoaBC	coaBC	0	protein-coding		WP_000050168.1	406	IUJ38_RS13110
NZ_CP064385.1	2670352	2670810		plus	dUTP diphosphatase	dut	0	protein-coding		WP_000976078.1	152	IUJ38_RS13115
NZ_CP064385.1	2670918	2671514		plus	nucleoid occlusion factor SlmA	slmA	0	protein-coding		WP_000818607.1	198	IUJ38_RS13120
NZ_CP064385.1	2671592	2672233		minus	orotate phosphoribosyltransferase	pyrE	0	protein-coding		WP_000806167.1	213	IUJ38_RS13125
NZ_CP064385.1	2672312	2673028		minus	ribonuclease PH	rph	0	protein-coding		WP_001247078.1	238	IUJ38_RS13130
NZ_CP064385.1	2673154	2674017		plus	YicC/YloC family endoribonuclease		0	protein-coding		WP_000621352.1	287	IUJ38_RS13135
NZ_CP064385.1	2674067	2674969		minus	LysR family transcriptional regulator		0	protein-coding		WP_001050870.1	300	IUJ38_RS13140
NZ_CP064385.1	2675043	2675924		plus	HARLDQ motif MBL-fold protein		0	protein-coding		WP_001082981.1	293	IUJ38_RS13145
NZ_CP064385.1	2676175	2676792		plus	trimeric intracellular cation channel family protein		0	protein-coding		WP_000924334.1	205	IUJ38_RS13150
NZ_CP064385.1	2676789	2678474		minus	NAD-dependent DNA ligase LigB	ligB	0	protein-coding		WP_001241836.1	561	IUJ38_RS13155
NZ_CP064385.1	2678731	2679354		plus	guanylate kinase	gmk	0	protein-coding		WP_000046969.1	207	IUJ38_RS13160
NZ_CP064385.1	2679409	2679684		plus	DNA-directed RNA polymerase subunit omega	rpoZ	0	protein-coding		WP_000135058.1	91	IUJ38_RS13165
NZ_CP064385.1	2679703	2681814		plus	bifunctional GTP diphosphokinase/guanosine-3',5'-bis pyrophosphate 3'-pyrophosphohydrolase	spoT	0	protein-coding		WP_000280481.1	703	IUJ38_RS13170
NZ_CP064385.1	2681819	2682508		plus	tRNA (guanosine(18)-2'-O)-methyltransferase TrmH	trmH	0	protein-coding		WP_001068438.1	229	IUJ38_RS13175
NZ_CP064385.1	2682514	2684595		plus	ATP-dependent DNA helicase RecG	recG	0	protein-coding		WP_000016748.1	693	IUJ38_RS13180
NZ_CP064385.1	2684598	2685449		minus	hypothetical protein		0	protein-coding		WP_000745468.1	283	IUJ38_RS13185
NZ_CP064385.1	2685452	2686657		minus	sodium/glutamate symporter	gltS	0	protein-coding		WP_000462256.1	401	IUJ38_RS13190
NZ_CP064385.1	2686885	2688276		plus	xanthine/proton symporter XanP	xanP	0	protein-coding		WP_000115428.1	463	IUJ38_RS13195
NZ_CP064385.1	2688397	2690106		plus	AsmA family protein		0	protein-coding		WP_000766669.1	569	IUJ38_RS13200
NZ_CP064385.1	2690209	2692527		minus	alpha-xylosidase	yicI	0	protein-coding		WP_000702987.1	772	IUJ38_RS13205
NZ_CP064385.1	2692539	2693921		minus	glycoside-pentoside-hexuronide family transporter		0	protein-coding		WP_000834259.1	460	IUJ38_RS13210
NZ_CP064385.1	2694209	2694303		plus	tRNA-Sec		0	tRNA				IUJ38_RS13215
NZ_CP064385.1	2694620	2694964		minus	hypothetical protein		0	protein-coding		WP_000120776.1	114	IUJ38_RS13220
NZ_CP064385.1	2695409	2695507		plus	toxin		0	protein-coding		WP_223151139.1	32	IUJ38_RS24330
NZ_CP064385.1	2695642	2696832		plus	AAA family ATPase SugR		0	protein-coding		WP_001541628.1	396	IUJ38_RS13230
NZ_CP064385.1	2696862	2697278		plus	uncharacterized gene		0	pseudogene				IUJ38_RS13235
NZ_CP064385.1	2697366	2698403		plus	virulence protein RhuM	rhuM	0	protein-coding		WP_000774139.1	345	IUJ38_RS13240
NZ_CP064385.1	2698557	2698688		minus	uncharacterized gene		0	pseudogene				IUJ38_RS13245
NZ_CP064385.1	2699702	2700319		plus	helix-turn-helix transcriptional regulator		0	protein-coding		WP_000984806.1	205	IUJ38_RS13250
NZ_CP064385.1	2700394	2703261		plus	intestinal colonization autotransporter adhesin MisL	misL	0	protein-coding		WP_001143053.1	955	IUJ38_RS13255
NZ_CP064385.1	2703356	2703820		minus	YqeJ family protein		0	protein-coding		WP_001653911.1	154	IUJ38_RS13260
NZ_CP064385.1	2703831	2704688		minus	winged helix-turn-helix domain-containing protein		0	protein-coding		WP_001278062.1	285	IUJ38_RS13265
NZ_CP064385.1	2705472	2706152		plus	isochorismatase family protein		0	protein-coding		WP_000106461.1	226	IUJ38_RS13270
NZ_CP064385.1	2706381	2706860		minus	anti-virulence regulatory inner membrane protein CigR	cigR	0	protein-coding		WP_001065324.1	159	IUJ38_RS13275
NZ_CP064385.1	2706962	2707048		minus	magnesium transporter protection protein MgtU	mgtU	0	protein-coding		WP_252515021.1	28	IUJ38_RS24165
NZ_CP064385.1	2707061	2707153		minus	protein MgtR	mgtR	0	protein-coding		WP_001082117.1	30	IUJ38_RS13280
NZ_CP064385.1	2707175	2709901		minus	magnesium-translocating P-type ATPase	mgtA	0	protein-coding		WP_000131288.1	908	IUJ38_RS13285
NZ_CP064385.1	2710121	2710816		minus	MgtC family protein		0	protein-coding		WP_000392694.1	231	IUJ38_RS13290
NZ_CP064385.1	2711325	2712227		plus	EamA family transporter		0	protein-coding		WP_001682335.1	300	IUJ38_RS13295
NZ_CP064385.1	2712270	2713211		minus	Rpn family recombination-promoting nuclease/putative transposase		0	protein-coding		WP_000749540.1	313	IUJ38_RS13300
NZ_CP064385.1	2713447	2714190		minus	2-dehydro-3-deoxy-phosphogluconate aldolase	dagF	0	protein-coding		WP_001186146.1	247	IUJ38_RS13305
NZ_CP064385.1	2714177	2715286		minus	D-glucosaminate-6-phosphate ammonia lyase	dgaE	0	protein-coding		WP_000188463.1	369	IUJ38_RS13310
NZ_CP064385.1	2715290	2716150		minus	PTS system mannose/fructose/sorbose family transporter subunit IID		0	protein-coding		WP_001526325.1	286	IUJ38_RS13315
NZ_CP064385.1	2716147	2716896		minus	PTS mannose/fructose/sorbose/N-acetylgalactosamine transporter subunit IIC		0	protein-coding		WP_000380259.1	249	IUJ38_RS13320
NZ_CP064385.1	2717042	2717527		minus	PTS sugar transporter subunit IIB		0	protein-coding		WP_001284295.1	161	IUJ38_RS13325
NZ_CP064385.1	2717538	2717963		minus	PTS sugar transporter subunit IIA		0	protein-coding		WP_000214106.1	141	IUJ38_RS13330
NZ_CP064385.1	2718182	2720980		minus	transcriptional regulator DagR	dagR	0	protein-coding		WP_001252675.1	932	IUJ38_RS13335
NZ_CP064385.1	2721177	2721470		plus	YicS family protein		0	protein-coding		WP_000824217.1	97	IUJ38_RS13340
NZ_CP064385.1	2721576	2722958		plus	glycoside hydrolase family 1 protein		0	protein-coding		WP_001270489.1	460	IUJ38_RS13345
NZ_CP064385.1	2723018	2724211		minus	purine ribonucleoside efflux pump NepI	nepI	0	protein-coding		WP_001004798.1	397	IUJ38_RS13350
NZ_CP064385.1	2724427	2724786		plus	type II toxin-antitoxin system RelE/ParE family toxin		0	protein-coding		WP_001258724.1	119	IUJ38_RS13355
NZ_CP064385.1	2724770	2725093		plus	helix-turn-helix domain-containing protein		0	protein-coding		WP_001274847.1	107	IUJ38_RS13360
NZ_CP064385.1	2725184	2725453		minus	HPr family phosphocarrier protein		0	protein-coding		WP_000621026.1	89	IUJ38_RS13365
NZ_CP064385.1	2725463	2726323		minus	class II aldolase		0	protein-coding		WP_001131801.1	286	IUJ38_RS13370
NZ_CP064385.1	2726386	2727870		minus	FGGY-family carbohydrate kinase		0	protein-coding		WP_001113558.1	494	IUJ38_RS13375
NZ_CP064385.1	2727863	2729221		minus	PTS galactitol transporter subunit IIC		0	protein-coding		WP_000997824.1	452	IUJ38_RS13380
NZ_CP064385.1	2729297	2729584		minus	PTS sugar transporter subunit IIB		0	protein-coding		WP_000041396.1	95	IUJ38_RS13385
NZ_CP064385.1	2729581	2730054		minus	PTS sugar transporter subunit IIA		0	protein-coding		WP_001152234.1	157	IUJ38_RS13390
NZ_CP064385.1	2730072	2730815		minus	GntR family transcriptional regulator		0	protein-coding		WP_000854956.1	247	IUJ38_RS13395
NZ_CP064385.1	2731168	2731620		minus	DUF1198 domain-containing protein		0	protein-coding		WP_001519640.1	150	IUJ38_RS13400
NZ_CP064385.1	2731813	2733204		minus	hexose-6-phosphate:phosphate antiporter UhpT	uhpT	0	protein-coding		WP_000879181.1	463	IUJ38_RS13405
NZ_CP064385.1	2733347	2734675		minus	MFS transporter		0	protein-coding		WP_000948173.1	442	IUJ38_RS13410
NZ_CP064385.1	2734685	2736187		minus	signal transduction histidine-protein kinase/phosphatase UhpB	uhpB	0	protein-coding		WP_001091264.1	500	IUJ38_RS13415
NZ_CP064385.1	2736187	2736777		minus	response regulator transcription factor UhpA	uhpA	0	protein-coding		WP_000633676.1	196	IUJ38_RS13420
NZ_CP064385.1	2736852	2737865		minus	aldose 1-epimerase family protein		0	protein-coding		WP_000213211.1	337	IUJ38_RS13425
NZ_CP064385.1	2737877	2739193		minus	L-fucose:H+ symporter permease	fucP	0	protein-coding		WP_000998359.1	438	IUJ38_RS13430
NZ_CP064385.1	2739224	2740144		minus	ribokinase	rbsK	0	protein-coding		WP_000350272.1	306	IUJ38_RS13435
NZ_CP064385.1	2740469	2741254		plus	DeoR family transcriptional regulator		0	protein-coding		WP_000448638.1	261	IUJ38_RS13440
NZ_CP064385.1	2741256	2741546		minus	acetolactate synthase small subunit	ilvN	0	protein-coding		WP_001171826.1	96	IUJ38_RS13445
NZ_CP064385.1	2741550	2743238		minus	acetolactate synthase large subunit	ilvB	0	protein-coding		WP_000168439.1	562	IUJ38_RS13450
NZ_CP064385.1	2743345	2743443		minus	ilvB operon leader peptide IvbL	ivbL	0	protein-coding		WP_001541152.1	32	IUJ38_RS13455
NZ_CP064385.1	2743966	2744080		plus	uncharacterized gene		0	pseudogene				IUJ38_RS13460
NZ_CP064385.1	2744077	2744166		plus	type I toxin-antitoxin system toxin TisB	tisB	0	protein-coding		WP_000117642.1	29	IUJ38_RS13465
NZ_CP064385.1	2744259	2745119		plus	DMT family transporter		0	protein-coding		WP_001526328.1	286	IUJ38_RS13470
NZ_CP064385.1	2745322	2746506		plus	multidrug efflux MFS transporter EmrD	emrD	0	protein-coding		WP_000828740.1	394	IUJ38_RS13475
NZ_CP064385.1	2746433	2747518		minus	cellulase family glycosylhydrolase		0	protein-coding		WP_000238929.1	361	IUJ38_RS13480
NZ_CP064385.1	2747582	2748505		minus	DNA-binding transcriptional regulator DsdC	dsdC	0	protein-coding		WP_001541637.1	307	IUJ38_RS13485
NZ_CP064385.1	2748731	2750068		plus	D-serine transporter DsdX	dsdX	0	protein-coding		WP_000543314.1	445	IUJ38_RS13490
NZ_CP064385.1	2750086	2751408		plus	D-serine ammonia-lyase	dsdA	0	protein-coding		WP_000427997.1	440	IUJ38_RS13495
NZ_CP064385.1	2751490	2752020		minus	radical SAM protein		0	protein-coding		WP_000147832.1	176	IUJ38_RS13500
NZ_CP064385.1	2752017	2752379		minus	DUF202 domain-containing protein		0	protein-coding		WP_001113454.1	120	IUJ38_RS13505
NZ_CP064385.1	2752369	2752716		minus	YidH family protein		0	protein-coding		WP_000703964.1	115	IUJ38_RS13510
NZ_CP064385.1	2753160	2754821		minus	putative transporter		0	protein-coding		WP_001279793.1	553	IUJ38_RS13515
NZ_CP064385.1	2755011	2755439		minus	small heat shock chaperone IbpB	ibpB	0	protein-coding		WP_001246919.1	142	IUJ38_RS13520
NZ_CP064385.1	2755549	2755962		minus	small heat shock chaperone IbpA	ibpA	0	protein-coding		WP_001532742.1	137	IUJ38_RS13525
NZ_CP064385.1	2756272	2756604		plus	YceK/YidQ family lipoprotein		0	protein-coding		WP_001581211.1	110	IUJ38_RS13530
NZ_CP064385.1	2756606	2757832		minus	YidR family protein		0	protein-coding		WP_000809945.1	408	IUJ38_RS13535
NZ_CP064385.1	2757954	2758997		minus	cytochrome c-type biogenesis protein CcmH		0	protein-coding		WP_001238306.1	347	IUJ38_RS13540
NZ_CP064385.1	2758994	2759551		minus	thiol:disulfide interchange protein DsbE	dsbE	0	protein-coding		WP_000828296.1	185	IUJ38_RS13545
NZ_CP064385.1	2759548	2761479		minus	heme lyase CcmF/NrfE family subunit		0	protein-coding		WP_000982518.1	643	IUJ38_RS13550
NZ_CP064385.1	2761476	2761955		minus	cytochrome c maturation protein CcmE	ccmE	0	protein-coding		WP_001053618.1	159	IUJ38_RS13555
NZ_CP064385.1	2761952	2762164		minus	heme exporter protein CcmD	ccmD	0	protein-coding		WP_000074110.1	70	IUJ38_RS13560
NZ_CP064385.1	2762161	2762898		minus	heme ABC transporter permease		0	protein-coding		WP_000266008.1	245	IUJ38_RS13565
NZ_CP064385.1	2762950	2763609		minus	heme exporter protein CcmB	ccmB	0	protein-coding		WP_000990028.1	219	IUJ38_RS13570
NZ_CP064385.1	2763606	2764223		minus	cytochrome c biogenesis heme-transporting ATPase CcmA	ccmA	0	protein-coding		WP_000888528.1	205	IUJ38_RS13575
NZ_CP064385.1	2764229	2765629		minus	cytochrome-c peroxidase		0	protein-coding		WP_000724476.1	466	IUJ38_RS13580
NZ_CP064385.1	2765819	2766451		minus	molecular chaperone TorD	torD	0	protein-coding		WP_000595421.1	210	IUJ38_RS13585
NZ_CP064385.1	2766444	2768996		minus	trimethylamine-N-oxide reductase TorA	torA	0	protein-coding		WP_000790665.1	850	IUJ38_RS13590
NZ_CP064385.1	2768986	2770170		minus	pentaheme c-type cytochrome TorC	torC	0	protein-coding		WP_001230254.1	394	IUJ38_RS13595
NZ_CP064385.1	2770300	2770992		plus	two-component system response regulator TorR	torR	0	protein-coding		WP_001562512.1	230	IUJ38_RS13600
NZ_CP064385.1	2770965	2772005		minus	TMAO reductase system periplasmic protein TorT	torT	0	protein-coding		WP_001202030.1	346	IUJ38_RS13605
NZ_CP064385.1	2772085	2774820		plus	TMAO reductase system sensor histidine kinase/response regulator TorS	torS	0	protein-coding		WP_000106953.1	911	IUJ38_RS13610
NZ_CP064385.1	2774846	2776183		minus	MFS transporter		0	protein-coding		WP_000253524.1	445	IUJ38_RS13615
NZ_CP064385.1	2776268	2777416		minus	galactonate dehydratase	dgoD	0	protein-coding		WP_000704735.1	382	IUJ38_RS13620
NZ_CP064385.1	2777413	2778030		minus	2-dehydro-3-deoxy-6-phosphogalactonate aldolase		0	protein-coding		WP_001198742.1	205	IUJ38_RS13625
NZ_CP064385.1	2778014	2778892		minus	2-dehydro-3-deoxygalactonokinase		0	protein-coding		WP_000127125.1	292	IUJ38_RS13630
NZ_CP064385.1	2778889	2779578		minus	D-galactonate utilization transcriptional regulator DgoR	dgoR	0	protein-coding		WP_000174317.1	229	IUJ38_RS13635
NZ_CP064385.1	2779839	2780684		minus	sugar-phosphatase	yidA	0	protein-coding		WP_000985572.1	281	IUJ38_RS13640
NZ_CP064385.1	2780990	2782252		plus	MFS transporter		0	protein-coding		WP_000061259.1	420	IUJ38_RS13645
NZ_CP064385.1	2782266	2783459		plus	mandelate racemase/muconate lactonizing enzyme family protein		0	protein-coding		WP_001687378.1	397	IUJ38_RS13650
NZ_CP064385.1	2783574	2784470		plus	LysR family transcriptional regulator		0	protein-coding		WP_001054589.1	298	IUJ38_RS13655
NZ_CP064385.1	2784489	2786903		minus	DNA topoisomerase (ATP-hydrolyzing) subunit B	gyrB	0	protein-coding		WP_000072047.1	804	IUJ38_RS13660
NZ_CP064385.1	2786932	2788005		minus	DNA replication/repair protein RecF	recF	0	protein-coding		WP_000060085.1	357	IUJ38_RS13665
NZ_CP064385.1	2788153	2789253		minus	DNA polymerase III subunit beta	dnaN	0	protein-coding		WP_000673478.1	366	IUJ38_RS13670
NZ_CP064385.1	2789258	2790658		minus	chromosomal replication initiator protein DnaA	dnaA	0	protein-coding		WP_000059093.1	466	IUJ38_RS13675
NZ_CP064385.1	2790998	2791090		plus	hypothetical protein		0	protein-coding		WP_418142141.1	30	IUJ38_RS24335
NZ_CP064385.1	2791319	2791459		plus	50S ribosomal protein L34	rpmH	0	protein-coding		WP_000831330.1	46	IUJ38_RS13680
NZ_CP064385.1	2791476	2791835		plus	ribonuclease P protein component	rnpA	0	protein-coding		WP_000239725.1	119	IUJ38_RS13685
NZ_CP064385.1	2791799	2792056		plus	membrane protein insertion efficiency factor YidD	yidD	0	protein-coding		WP_001307474.1	85	IUJ38_RS13690
NZ_CP064385.1	2792059	2793705		plus	membrane protein insertase YidC	yidC	0	protein-coding		WP_000378281.1	548	IUJ38_RS13695
NZ_CP064385.1	2793847	2795211		plus	tRNA uridine-5-carboxymethylaminomethyl(34) synthesis GTPase MnmE	mnmE	0	protein-coding		WP_000019077.1	454	IUJ38_RS13700
NZ_CP064385.1	2795467	2796687		plus	uncharacterized gene		0	pseudogene				IUJ38_RS13705
NZ_CP064385.1	2797012	2797974		plus	retron St85 family effector protein		0	protein-coding		WP_000461381.1	320	IUJ38_RS13710
NZ_CP064385.1	2797974	2798909		plus	retron St85 family RNA-directed DNA polymerase		0	protein-coding		WP_000353754.1	311	IUJ38_RS13715
NZ_CP064385.1	2799711	2800898		plus	MFS transporter		0	protein-coding		WP_000819619.1	395	IUJ38_RS13720
NZ_CP064385.1	2800867	2801826		plus	HTH-type transcriptional regulator YidZ	yidZ	0	protein-coding		WP_000749366.1	319	IUJ38_RS13725
NZ_CP064385.1	2801984	2802739		plus	4'-phosphopantetheinyl transferase family protein		0	protein-coding		WP_000190678.1	251	IUJ38_RS13730
NZ_CP064385.1	2802739	2803323		plus	NADPH-dependent FMN reductase		0	protein-coding		WP_001527038.1	194	IUJ38_RS13735
NZ_CP064385.1	2803368	2804705		minus	adenine permease AdeP	adeP	0	protein-coding		WP_001519317.1	445	IUJ38_RS13740
NZ_CP064385.1	2804874	2805539		plus	6-phosphogluconate phosphatase	yieH	0	protein-coding		WP_000078081.1	221	IUJ38_RS13745
NZ_CP064385.1	2805634	2806359		minus	phosphate signaling complex protein PhoU	phoU	0	protein-coding		WP_000377800.1	241	IUJ38_RS13750
NZ_CP064385.1	2806374	2807147		minus	phosphate ABC transporter ATP-binding protein PstB	pstB	0	protein-coding		WP_000063118.1	257	IUJ38_RS13755
NZ_CP064385.1	2807234	2808124		minus	phosphate ABC transporter permease PstA	pstA	0	protein-coding		WP_000212197.1	296	IUJ38_RS13760
NZ_CP064385.1	2808124	2809083		minus	phosphate ABC transporter permease PstC	pstC	0	protein-coding		WP_000741630.1	319	IUJ38_RS13765
NZ_CP064385.1	2809219	2810259		minus	phosphate ABC transporter substrate-binding protein PstS	pstS	0	protein-coding		WP_000867130.1	346	IUJ38_RS13770
NZ_CP064385.1	2810426	2811799		minus	fructose-specific PTS transporter subunit EIIC		0	protein-coding		WP_000162545.1	457	IUJ38_RS13775
NZ_CP064385.1	2811848	2812666		minus	shikimate 5-dehydrogenase		0	protein-coding		WP_000166709.1	272	IUJ38_RS13780
NZ_CP064385.1	2812761	2814518		plus	SgrR family transcriptional regulator		0	protein-coding		WP_000213163.1	585	IUJ38_RS13785
NZ_CP064385.1	2814669	2816498		minus	glutamine--fructose-6-phosphate transaminase (isomerizing)	glmS	0	protein-coding		WP_000334066.1	609	IUJ38_RS13790
NZ_CP064385.1	2816687	2818057		minus	bifunctional UDP-N-acetylglucosamine diphosphorylase/glucosamine-1-phosphate N-acetyltransferase GlmU	glmU	0	protein-coding		WP_000934854.1	456	IUJ38_RS13795
NZ_CP064385.1	2818377	2819075		minus	Bax inhibitor-1/YccA family protein		0	protein-coding		WP_000009904.1	232	IUJ38_RS13800
NZ_CP064385.1	2819305	2819724		minus	F0F1 ATP synthase subunit epsilon		0	protein-coding		WP_001251971.1	139	IUJ38_RS13805
NZ_CP064385.1	2819745	2821127		minus	F0F1 ATP synthase subunit beta	atpD	0	protein-coding		WP_000190499.1	460	IUJ38_RS13810
NZ_CP064385.1	2821154	2822017		minus	F0F1 ATP synthase subunit gamma	atpG	0	protein-coding		WP_000896506.1	287	IUJ38_RS13815
NZ_CP064385.1	2822068	2823609		minus	F0F1 ATP synthase subunit alpha	atpA	0	protein-coding		WP_001176751.1	513	IUJ38_RS13820
NZ_CP064385.1	2823622	2824155		minus	F0F1 ATP synthase subunit delta	atpH	0	protein-coding		WP_001288957.1	177	IUJ38_RS13825
NZ_CP064385.1	2824170	2824640		minus	F0F1 ATP synthase subunit B	atpF	0	protein-coding		WP_001052212.1	156	IUJ38_RS13830
NZ_CP064385.1	2824700	2824939		minus	F0F1 ATP synthase subunit C	atpE	0	protein-coding		WP_000429386.1	79	IUJ38_RS13835
NZ_CP064385.1	2824986	2825801		minus	F0F1 ATP synthase subunit A	atpB	0	protein-coding		WP_000135632.1	271	IUJ38_RS13840
NZ_CP064385.1	2825810	2826190		minus	F0F1 ATP synthase subunit I	atpI	0	protein-coding		WP_000116685.1	126	IUJ38_RS13845
NZ_CP064385.1	2826806	2827429		minus	16S rRNA (guanine(527)-N(7))-methyltransferase RsmG	rsmG	0	protein-coding		WP_001519938.1	207	IUJ38_RS13850
NZ_CP064385.1	2827532	2829421		minus	tRNA uridine-5-carboxymethylaminomethyl(34) synthesis enzyme MnmG	mnmG	0	protein-coding		WP_000499872.1	629	IUJ38_RS13855
NZ_CP064385.1	2829800	2830243		minus	FMN-binding protein MioC	mioC	0	protein-coding		WP_000763722.1	147	IUJ38_RS13860
NZ_CP064385.1	2830333	2830791		minus	transcriptional regulator AsnC	asnC	0	protein-coding		WP_000433018.1	152	IUJ38_RS13865
NZ_CP064385.1	2830942	2831934		plus	aspartate--ammonia ligase	asnA	0	protein-coding		WP_000845121.1	330	IUJ38_RS13870
NZ_CP064385.1	2831939	2833390		minus	ATPase RavA stimulator ViaA	viaA	0	protein-coding		WP_000956588.1	483	IUJ38_RS13875
NZ_CP064385.1	2833384	2834880		minus	ATPase RavA	ravA	0	protein-coding		WP_000940991.1	498	IUJ38_RS13880
NZ_CP064385.1	2835228	2837096		plus	low affinity potassium transporter Kup	kup	0	protein-coding		WP_000102338.1	622	IUJ38_RS13885
NZ_CP064385.1	2837293	2837712		plus	D-ribose pyranase	rbsD	0	protein-coding		WP_000715944.1	139	IUJ38_RS13890
NZ_CP064385.1	2837720	2839225		plus	ribose ABC transporter ATP-binding protein RbsA	rbsA	0	protein-coding		WP_000339359.1	501	IUJ38_RS13895
NZ_CP064385.1	2839231	2840196		plus	ribose ABC transporter permease	rbsC	0	protein-coding		WP_000211345.1	321	IUJ38_RS13900
NZ_CP064385.1	2840221	2841111		plus	ribose ABC transporter substrate-binding protein RbsB	rbsB	0	protein-coding		WP_001056260.1	296	IUJ38_RS13905
NZ_CP064385.1	2841245	2842174		plus	ribokinase	rbsK	0	protein-coding		WP_000844728.1	309	IUJ38_RS13910
NZ_CP064385.1	2842178	2843176		plus	ribose operon transcriptional repressor RbsR	rbsR	0	protein-coding		WP_000224491.1	332	IUJ38_RS13915
NZ_CP064385.1	2843142	2844569		minus	multidrug transporter subunit MdtD	mdtD	0	protein-coding		WP_000202071.1	475	IUJ38_RS13920
NZ_CP064385.1	2844581	2845285		minus	FadR/GntR family transcriptional regulator		0	protein-coding		WP_001131148.1	234	IUJ38_RS13925
NZ_CP064385.1	2845766	2847307		plus	16S ribosomal RNA		0	rRNA				IUJ38_RS13930
NZ_CP064385.1	2847393	2847468		plus	tRNA-Glu		0	tRNA				IUJ38_RS13935
NZ_CP064385.1	2847662	2850653		plus	23S ribosomal RNA		0	rRNA				IUJ38_RS13940
NZ_CP064385.1	2850747	2850862		plus	5S ribosomal RNA	rrf	0	rRNA				IUJ38_RS13945
NZ_CP064385.1	2850917	2850993		plus	tRNA-Asp		0	tRNA				IUJ38_RS13950
NZ_CP064385.1	2851002	2851077		plus	tRNA-Trp		0	tRNA				IUJ38_RS13955
NZ_CP064385.1	2851179	2852027		minus	HTH-type transcriptional regulator HdfR	hdfR	0	protein-coding		WP_001541181.1	282	IUJ38_RS13960
NZ_CP064385.1	2852134	2852472		plus	macrodomain Ori organization protein MaoP	maoP	0	protein-coding		WP_000840996.1	112	IUJ38_RS13965
NZ_CP064385.1	2852497	2854017		minus	YifB family Mg chelatase-like AAA ATPase		0	protein-coding		WP_000050215.1	506	IUJ38_RS13970
NZ_CP064385.1	2854369	2854467		plus	ilv operon leader peptide	ilvL	0	protein-coding		WP_001311244.1	32	IUJ38_RS13975
NZ_CP064385.1	2854554	2854604		plus	peptide IlvX	ilvX	0	protein-coding		WP_192930503.1	16	IUJ38_RS13980
NZ_CP064385.1	2854607	2856253		plus	acetolactate synthase 2 catalytic subunit	ilvG	0	protein-coding		WP_001012570.1	548	IUJ38_RS13985
NZ_CP064385.1	2856250	2856513		plus	acetolactate synthase 2 small subunit	ilvM	0	protein-coding		WP_000983260.1	87	IUJ38_RS13990
NZ_CP064385.1	2856531	2857460		plus	branched-chain-amino-acid transaminase	ilvE	0	protein-coding		WP_000208528.1	309	IUJ38_RS13995
NZ_CP064385.1	2857621	2859471		plus	dihydroxy-acid dehydratase	ilvD	0	protein-coding		WP_001127434.1	616	IUJ38_RS14000
NZ_CP064385.1	2859474	2861018		plus	threonine ammonia-lyase, biosynthetic	ilvA	0	protein-coding		WP_001518457.1	514	IUJ38_RS14005
NZ_CP064385.1	2861302	2861619		plus	type II toxin-antitoxin system RelE/ParE family toxin		0	protein-coding		WP_000535852.1	105	IUJ38_RS14010
NZ_CP064385.1	2861616	2861957		plus	helix-turn-helix domain-containing protein		0	protein-coding		WP_000560824.1	113	IUJ38_RS14015
NZ_CP064385.1	2861960	2862847		minus	HTH-type transcriptional activator IlvY	ilvY	0	protein-coding		WP_000365798.1	295	IUJ38_RS14020
NZ_CP064385.1	2863011	2864486		plus	ketol-acid reductoisomerase	ilvC	0	protein-coding		WP_000024948.1	491	IUJ38_RS14025
NZ_CP064385.1	2864578	2864859		minus	peptidylprolyl isomerase PpiC	ppiC	0	protein-coding		WP_001096806.1	93	IUJ38_RS14030
NZ_CP064385.1	2865053	2865208		plus	uncharacterized gene		0	pseudogene				IUJ38_RS24210
NZ_CP064385.1	2865160	2865297		plus	uncharacterized gene		0	pseudogene				IUJ38_RS14035
NZ_CP064385.1	2865397	2867421		plus	DNA helicase Rep	rep	0	protein-coding		WP_001238842.1	674	IUJ38_RS14040
NZ_CP064385.1	2867461	2868942		minus	guanosine-5'-triphosphate,3'-diphosphate diphosphatase	gppA	0	protein-coding		WP_001089447.1	493	IUJ38_RS14045
NZ_CP064385.1	2869061	2870326		minus	ATP-dependent RNA helicase RhlB	rhlB	0	protein-coding		WP_000047525.1	421	IUJ38_RS14050
NZ_CP064385.1	2870470	2870799		plus	thioredoxin TrxA	trxA	0	protein-coding		WP_001280776.1	109	IUJ38_RS14055
NZ_CP064385.1	2871047	2871130		plus	rho operon leader peptide		0	protein-coding		WP_134820045.1	27	IUJ38_RS14060
NZ_CP064385.1	2871218	2872477		plus	transcription termination factor Rho	rho	0	protein-coding		WP_001054532.1	419	IUJ38_RS14065
NZ_CP064385.1	2872707	2873810		plus	UDP-N-acetylglucosamine--undecaprenyl-phosphate N-acetylglucosaminephosphotransferase	wecA	0	protein-coding		WP_000771937.1	367	IUJ38_RS14070
NZ_CP064385.1	2873822	2874868		plus	ECA polysaccharide chain length modulation protein	wzzE	0	protein-coding		WP_000193413.1	348	IUJ38_RS14075
NZ_CP064385.1	2874924	2876054		plus	non-hydrolyzing UDP-N-acetylglucosamine 2-epimerase	wecB	0	protein-coding		WP_000866685.1	376	IUJ38_RS14080
NZ_CP064385.1	2876051	2877313		plus	UDP-N-acetyl-D-mannosamine dehydrogenase	wecC	0	protein-coding		WP_000011227.1	420	IUJ38_RS14085
NZ_CP064385.1	2877313	2878380		plus	dTDP-glucose 4,6-dehydratase	rffG	0	protein-coding		WP_000822145.1	355	IUJ38_RS14090
NZ_CP064385.1	2878473	2878637		plus	uncharacterized gene		0	pseudogene				IUJ38_RS14100
NZ_CP064385.1	2878615	2879292		plus	dTDP-4-amino-4,6-dideoxy-D-galactose acyltransferase	rffC	0	protein-coding		WP_001145156.1	225	IUJ38_RS14105
NZ_CP064385.1	2879297	2880427		plus	dTDP-4-amino-4,6-dideoxygalactose transaminase	rffA	0	protein-coding		WP_000612078.1	376	IUJ38_RS14110
NZ_CP064385.1	2880429	2881679		plus	lipid III flippase WzxE	wzxE	0	protein-coding		WP_000050295.1	416	IUJ38_RS14115
NZ_CP064385.1	2881676	2882755		plus	TDP-N-acetylfucosamine:lipid II N-acetylfucosaminyltransferase		0	protein-coding		WP_000217186.1	359	IUJ38_RS14120
NZ_CP064385.1	2882752	2884110		plus	ECA oligosaccharide polymerase	wzyE	0	protein-coding		WP_000055609.1	452	IUJ38_RS14125
NZ_CP064385.1	2884107	2884847		plus	lipopolysaccharide N-acetylmannosaminouronosyltransferase	wecG	0	protein-coding		WP_000183621.1	246	IUJ38_RS14130
NZ_CP064385.1	2885054	2886439		plus	bifunctional threonine/serine APC transporter ThrP	thrP	0	protein-coding		WP_000818378.1	461	IUJ38_RS14135
NZ_CP064385.1	2886542	2886618		plus	tRNA-Arg		0	tRNA				IUJ38_RS14140
NZ_CP064385.1	2886673	2886748		plus	tRNA-His		0	tRNA				IUJ38_RS14145
NZ_CP064385.1	2886769	2886855		plus	tRNA-Leu		0	tRNA				IUJ38_RS14150
NZ_CP064385.1	2886898	2886974		plus	tRNA-Pro		0	tRNA				IUJ38_RS14155
NZ_CP064385.1	2887556	2888752		minus	protoheme IX biogenesis protein HemY	hemY	0	protein-coding		WP_001546072.1	398	IUJ38_RS14160
NZ_CP064385.1	2888755	2889924		minus	uroporphyrinogen-III C-methyltransferase	hemX	0	protein-coding		WP_000138962.1	389	IUJ38_RS14165
NZ_CP064385.1	2889946	2890686		minus	uroporphyrinogen-III synthase	hemD	0	protein-coding		WP_000025498.1	246	IUJ38_RS14170
NZ_CP064385.1	2890683	2891624		minus	hydroxymethylbilane synthase	hemC	0	protein-coding		WP_001521319.1	313	IUJ38_RS14175
NZ_CP064385.1	2892001	2894547		plus	class I adenylate cyclase	cyaA	0	protein-coding		WP_000281718.1	848	IUJ38_RS14180
NZ_CP064385.1	2894655	2895008		plus	membrane protein		0	protein-coding		WP_000752579.1	117	IUJ38_RS14185
NZ_CP064385.1	2895194	2895736		plus	STM3941 family protein		0	protein-coding		WP_001738610.1	180	IUJ38_RS14190
NZ_CP064385.1	2895748	2896110		plus	hypothetical protein		0	protein-coding		WP_010989084.1	120	IUJ38_RS14195
NZ_CP064385.1	2896181	2896501		minus	iron donor protein CyaY	cyaY	0	protein-coding		WP_000999930.1	106	IUJ38_RS14200
NZ_CP064385.1	2896571	2896960		minus	DUF3021 family protein		0	protein-coding		WP_001125556.1	129	IUJ38_RS14205
NZ_CP064385.1	2896948	2897249		minus	uncharacterized gene		0	pseudogene				IUJ38_RS14210
NZ_CP064385.1	2897219	2897470		minus	hypothetical protein		0	protein-coding		WP_001541792.1	83	IUJ38_RS14215
NZ_CP064385.1	2897656	2897859		plus	LPS translocon maturation chaperone LptM	lptM	0	protein-coding		WP_000799903.1	67	IUJ38_RS14220
NZ_CP064385.1	2897896	2898720		plus	diaminopimelate epimerase	dapF	0	protein-coding		WP_001160671.1	274	IUJ38_RS14225
NZ_CP064385.1	2898717	2899424		plus	DUF484 domain-containing protein		0	protein-coding		WP_000812765.1	235	IUJ38_RS14230
NZ_CP064385.1	2899421	2900323		plus	tyrosine recombinase XerC	xerC	0	protein-coding		WP_000132874.1	300	IUJ38_RS14235
NZ_CP064385.1	2900323	2901039		plus	5-amino-6-(5-phospho-D-ribitylamino)uracil phosphatase YigB	yigB	0	protein-coding		WP_001213560.1	238	IUJ38_RS14240
NZ_CP064385.1	2901175	2903337		plus	DNA helicase II	uvrD	0	protein-coding		WP_000383441.1	720	IUJ38_RS14245
NZ_CP064385.1	2903597	2903653		plus	YsgD/CorL family protein	ysgD	0	protein-coding		WP_212723238.1	18	IUJ38_RS14250
NZ_CP064385.1	2903809	2904759		plus	magnesium/cobalt transporter CorA	corA	0	protein-coding		WP_000947139.1	316	IUJ38_RS14255
NZ_CP064385.1	2904808	2905188		minus	inner membrane protein YigF	yigF	0	protein-coding		WP_000356594.1	126	IUJ38_RS14260
NZ_CP064385.1	2905204	2905662		minus	membrane protein		0	protein-coding		WP_001738611.1	152	IUJ38_RS14265
NZ_CP064385.1	2905697	2906581		minus	EamA family transporter RarD	rarD	0	protein-coding		WP_000339080.1	294	IUJ38_RS14270
NZ_CP064385.1	2906625	2907092		minus	acyl-CoA thioesterase YigI	yigI	0	protein-coding		WP_001277136.1	155	IUJ38_RS14275
NZ_CP064385.1	2907257	2908126		plus	phospholipase A	pldA	0	protein-coding		WP_001201692.1	289	IUJ38_RS14280
NZ_CP064385.1	2908210	2910039		plus	ATP-dependent DNA helicase RecQ	recQ	0	protein-coding		WP_001526553.1	609	IUJ38_RS14285
NZ_CP064385.1	2910103	2910723		plus	threonine export protein RhtC	rhtC	0	protein-coding		WP_000980080.1	206	IUJ38_RS14290
NZ_CP064385.1	2910763	2911383		minus	homoserine/homoserine lactone efflux protein	rhtB	0	protein-coding		WP_000142528.1	206	IUJ38_RS14295
NZ_CP064385.1	2911494	2912510		plus	lysophospholipase L2	pldB	0	protein-coding		WP_000487685.1	338	IUJ38_RS14300
NZ_CP064385.1	2912526	2913326		plus	sugar/pyridoxal phosphate phosphatase YigL	yigL	0	protein-coding		WP_000285338.1	266	IUJ38_RS14305
NZ_CP064385.1	2913407	2914306		plus	carboxylate/amino acid/amine transporter		0	protein-coding		WP_001196257.1	299	IUJ38_RS14310
NZ_CP064385.1	2914194	2915147		minus	HTH-type transcriptional regulator MetR	metR	0	protein-coding		WP_000569786.1	317	IUJ38_RS14315
NZ_CP064385.1	2915396	2917660		plus	5-methyltetrahydropteroyltriglutamate--homocysteine S-methyltransferase	metE	0	protein-coding		WP_000154192.1	754	IUJ38_RS14320
NZ_CP064385.1	2918004	2919347		plus	anaerobic sulfatase maturase		0	protein-coding		WP_000017936.1	447	IUJ38_RS14325
NZ_CP064385.1	2919427	2920239		minus	dienelactone hydrolase family protein		0	protein-coding		WP_000213959.1	270	IUJ38_RS14330
NZ_CP064385.1	2920498	2921259		plus	uridine phosphorylase	udp	0	protein-coding		WP_000045169.1	253	IUJ38_RS14335
NZ_CP064385.1	2921399	2922829		plus	DNA recombination protein RmuC	rmuC	0	protein-coding		WP_000355562.1	476	IUJ38_RS14340
NZ_CP064385.1	2922925	2923680		plus	bifunctional demethylmenaquinone methyltransferase/2-methoxy-6-polyprenyl-1,4-benzoquinol methylase UbiE	ubiE	0	protein-coding		WP_000229009.1	251	IUJ38_RS14345
NZ_CP064385.1	2923690	2924295		plus	ubiquinone biosynthesis protein UbiJ	ubiJ	0	protein-coding		WP_001116086.1	201	IUJ38_RS14350
NZ_CP064385.1	2924292	2925932		plus	ubiquinone biosynthesis regulatory protein kinase UbiB	ubiB	0	protein-coding		WP_000187559.1	546	IUJ38_RS14355
NZ_CP064385.1	2926138	2926392		plus	Sec-independent protein translocase subunit TatA	tatA	0	protein-coding		WP_000508972.1	84	IUJ38_RS14360
NZ_CP064385.1	2926396	2926944		plus	Sec-independent protein translocase protein TatB	tatB	0	protein-coding		WP_000459612.1	182	IUJ38_RS14365
NZ_CP064385.1	2926947	2927726		plus	Sec-independent protein translocase subunit TatC	tatC	0	protein-coding		WP_000257554.1	259	IUJ38_RS14370
NZ_CP064385.1	2927768	2928550		plus	3'-5' ssDNA/RNA exonuclease TatD	tatD	0	protein-coding		WP_000459635.1	260	IUJ38_RS14375
NZ_CP064385.1	2928558	2929046		minus	transcription/translation regulatory transformer protein RfaH	rfaH	0	protein-coding		WP_001192410.1	162	IUJ38_RS14380
NZ_CP064385.1	2929232	2930710		plus	4-hydroxy-3-polyprenylbenzoate decarboxylase	ubiD	0	protein-coding		WP_000339764.1	492	IUJ38_RS14385
NZ_CP064385.1	2930796	2931497		plus	NAD(P)H-flavin reductase	fre	0	protein-coding		WP_000209831.1	233	IUJ38_RS14390
NZ_CP064385.1	2931751	2933574		plus	uncharacterized gene		0	pseudogene				IUJ38_RS14395
NZ_CP064385.1	2933771	2934934		minus	acetyl-CoA C-acyltransferase FadA	fadA	0	protein-coding		WP_000438778.1	387	IUJ38_RS14400
NZ_CP064385.1	2934944	2937133		minus	fatty acid oxidation complex subunit alpha FadB	fadB	0	protein-coding		WP_000965998.1	729	IUJ38_RS14405
NZ_CP064385.1	2937323	2938654		plus	Xaa-Pro dipeptidase	pepQ	0	protein-coding		WP_000444529.1	443	IUJ38_RS14410
NZ_CP064385.1	2938654	2939268		plus	IMPACT family protein		0	protein-coding		WP_000378902.1	204	IUJ38_RS14415
NZ_CP064385.1	2939307	2940758		plus	Trk system potassium transporter TrkH	trkH	0	protein-coding		WP_000545688.1	483	IUJ38_RS14420
NZ_CP064385.1	2940770	2941315		plus	menaquinone-dependent protoporphyrinogen IX dehydrogenase	hemG	0	protein-coding		WP_000853952.1	181	IUJ38_RS14425
NZ_CP064385.1	2941693	2943234		plus	16S ribosomal RNA		0	rRNA				IUJ38_RS14430
NZ_CP064385.1	2943304	2943380		plus	tRNA-Ile		0	tRNA				IUJ38_RS14435
NZ_CP064385.1	2943492	2943567		plus	tRNA-Ala		0	tRNA				IUJ38_RS14440
NZ_CP064385.1	2943750	2946741		plus	23S ribosomal RNA		0	rRNA				IUJ38_RS14445
NZ_CP064385.1	2946938	2947053		plus	5S ribosomal RNA	rrf	0	rRNA				IUJ38_RS14450
NZ_CP064385.1	2947318	2947833		minus	molybdopterin-guanine dinucleotide biosynthesis protein MobB	mobB	0	protein-coding		WP_010989085.1	171	IUJ38_RS14455
NZ_CP064385.1	2947830	2948414		minus	molybdenum cofactor guanylyltransferase MobA	mobA	0	protein-coding		WP_001046887.1	194	IUJ38_RS14460
NZ_CP064385.1	2948484	2948753		plus	YihD family protein		0	protein-coding		WP_000649858.1	89	IUJ38_RS14465
NZ_CP064385.1	2948830	2949816		plus	serine/threonine protein kinase		0	protein-coding		WP_000999249.1	328	IUJ38_RS14470
NZ_CP064385.1	2949833	2950456		plus	thiol:disulfide interchange protein DsbA	dsbA	0	protein-coding		WP_000725364.1	207	IUJ38_RS14475
NZ_CP064385.1	2950469	2951377		minus	1-acylglycerol-3-phosphate O-acyltransferase, YihG family		0	protein-coding		WP_000196890.1	302	IUJ38_RS14480
NZ_CP064385.1	2951765	2954551		plus	DNA polymerase I	polA	0	protein-coding		WP_000249972.1	928	IUJ38_RS14485
NZ_CP064385.1	2954886	2955518		minus	ribosome biogenesis GTP-binding protein YihA/YsxC	yihA	0	protein-coding		WP_000183327.1	210	IUJ38_RS14490
NZ_CP064385.1	2955758	2955982		plus	hypothetical protein		0	protein-coding		WP_001541209.1	74	IUJ38_RS14495
NZ_CP064385.1	2956101	2956616		plus	Der GTPase-activating protein YihI	yihI	0	protein-coding		WP_000743292.1	171	IUJ38_RS14500
NZ_CP064385.1	2956805	2958178		plus	oxygen-independent coproporphyrinogen III oxidase	hemN	0	protein-coding		WP_000003520.1	457	IUJ38_RS14505
NZ_CP064385.1	2958268	2958378		minus	YshB family small membrane protein		0	protein-coding		WP_001578131.1	36	IUJ38_RS14510
NZ_CP064385.1	2958491	2959900		minus	nitrogen regulation protein NR(I)	glnG	0	protein-coding		WP_001188783.1	469	IUJ38_RS14515
NZ_CP064385.1	2959909	2960958		minus	nitrogen regulation protein NR(II)	glnL	0	protein-coding		WP_000146194.1	349	IUJ38_RS14520
NZ_CP064385.1	2961233	2962642		minus	glutamate--ammonia ligase	glnA	0	protein-coding		WP_001271699.1	469	IUJ38_RS14525
NZ_CP064385.1	2963018	2964841		plus	ribosome-dependent GTPase TypA	typA	0	protein-coding		WP_000572067.1	607	IUJ38_RS14530
NZ_CP064385.1	2964896	2965630		minus	Cof-type HAD-IIB family hydrolase		0	protein-coding		WP_001270592.1	244	IUJ38_RS14535
NZ_CP064385.1	2965615	2966493		minus	STM4011 family radical SAM protein		0	protein-coding		WP_001527000.1	292	IUJ38_RS14540
NZ_CP064385.1	2966490	2967731		minus	STM4012 family radical SAM protein		0	protein-coding		WP_001062055.1	413	IUJ38_RS14545
NZ_CP064385.1	2967733	2968608		minus	STM4013/SEN3800 family hydrolase		0	protein-coding		WP_000282794.1	291	IUJ38_RS14550
NZ_CP064385.1	2968601	2969626		minus	STM4014 family protein		0	protein-coding		WP_014343927.1	341	IUJ38_RS14555
NZ_CP064385.1	2969639	2970487		minus	STM4015 family protein		0	protein-coding		WP_001042093.1	282	IUJ38_RS14560
NZ_CP064385.1	2970644	2971336		minus	porin OmpL	ompL	0	protein-coding		WP_000838828.1	230	IUJ38_RS14565
NZ_CP064385.1	2971404	2972825		minus	MFS transporter		0	protein-coding		WP_000064888.1	473	IUJ38_RS14570
NZ_CP064385.1	2972871	2974253		minus	MFS transporter		0	protein-coding		WP_000084251.1	460	IUJ38_RS14575
NZ_CP064385.1	2974299	2976335		minus	alpha-glucosidase		0	protein-coding		WP_001087041.1	678	IUJ38_RS14580
NZ_CP064385.1	2976379	2977236		minus	aldose-1-epimerase		0	protein-coding		WP_001675468.1	285	IUJ38_RS14585
NZ_CP064385.1	2977240	2978481		minus	sulfoquinovose isomerase	yihS	0	protein-coding		WP_000870946.1	413	IUJ38_RS14590
NZ_CP064385.1	2978497	2979375		minus	sulfofructosephosphate aldolase	yihT	0	protein-coding		WP_001067421.1	292	IUJ38_RS14595
NZ_CP064385.1	2979398	2980294		minus	sulfolactaldehyde 3-reductase	yihU	0	protein-coding		WP_000268252.1	298	IUJ38_RS14600
NZ_CP064385.1	2980459	2981355		plus	sugar kinase		0	protein-coding		WP_001520529.1	298	IUJ38_RS14605
NZ_CP064385.1	2981389	2982192		plus	DeoR/GlpR family DNA-binding transcription regulator		0	protein-coding		WP_000059693.1	267	IUJ38_RS14610
NZ_CP064385.1	2982383	2982982		plus	glucose-1-phosphatase	yihX	0	protein-coding		WP_000965695.1	199	IUJ38_RS14615
NZ_CP064385.1	2982976	2983848		plus	virulence factor BrkB family protein		0	protein-coding		WP_000921427.1	290	IUJ38_RS14620
NZ_CP064385.1	2983845	2984282		plus	D-aminoacyl-tRNA deacylase	dtd	0	protein-coding		WP_000560974.1	145	IUJ38_RS14625
NZ_CP064385.1	2984327	2985268		plus	fatty acid biosynthesis protein FabY	fabY	0	protein-coding		WP_001518251.1	313	IUJ38_RS14630
NZ_CP064385.1	2985283	2985729		minus	helix-turn-helix domain-containing protein		0	protein-coding		WP_001259011.1	148	IUJ38_RS14635
NZ_CP064385.1	2985726	2986037		minus	type II toxin-antitoxin system HigB family toxin		0	protein-coding		WP_000558166.1	103	IUJ38_RS14640
NZ_CP064385.1	2986123	2987052		minus	alpha/beta hydrolase		0	protein-coding		WP_001127703.1	309	IUJ38_RS14645
NZ_CP064385.1	2987270	2987581		plus	cytotoxic translational repressor of toxin-antitoxin stability system		0	protein-coding		WP_001159630.1	103	IUJ38_RS14650
NZ_CP064385.1	2987582	2987872		plus	helix-turn-helix domain-containing protein		0	protein-coding		WP_000362050.1	96	IUJ38_RS14655
NZ_CP064385.1	2987919	2988848		minus	formate dehydrogenase accessory protein FdhE	fdhE	0	protein-coding		WP_000027730.1	309	IUJ38_RS14660
NZ_CP064385.1	2988845	2989480		minus	formate dehydrogenase cytochrome b556 subunit	fdoI	0	protein-coding		WP_000829025.1	211	IUJ38_RS14665
NZ_CP064385.1	2989477	2990379		minus	formate dehydrogenase subunit beta	fdxH	0	protein-coding		WP_000331361.1	300	IUJ38_RS14670
NZ_CP064385.1	2990392	2993442		minus	formate dehydrogenase-N subunit alpha	fdnG	0	protein-coding		WP_010989087.1	1016	IUJ38_RS14675
NZ_CP064385.1	2993637	2994473		plus	formate dehydrogenase accessory sulfurtransferase FdhD	fdhD	0	protein-coding		WP_001059744.1	278	IUJ38_RS14680
NZ_CP064385.1	2994741	2995772		minus	YiiG family protein		0	protein-coding		WP_000710966.1	343	IUJ38_RS14685
NZ_CP064385.1	2995955	2997055		plus	YiiG family protein		0	protein-coding		WP_000828052.1	366	IUJ38_RS14690
NZ_CP064385.1	2997410	2997733		minus	AzlD domain-containing protein		0	protein-coding		WP_000527676.1	107	IUJ38_RS14695
NZ_CP064385.1	2997733	2998392		minus	AzlC family ABC transporter permease		0	protein-coding		WP_000683586.1	219	IUJ38_RS14700
NZ_CP064385.1	2998493	2999041		plus	helix-turn-helix domain-containing protein		0	protein-coding		WP_001517951.1	182	IUJ38_RS14705
NZ_CP064385.1	2999130	2999444		minus	L-rhamnose mutarotase	rhaM	0	protein-coding		WP_000619478.1	104	IUJ38_RS14710
NZ_CP064385.1	2999441	3000589		minus	lactaldehyde reductase	fucO	0	protein-coding		WP_000009249.1	382	IUJ38_RS14715
NZ_CP064385.1	3000716	3001543		minus	rhamnulose-1-phosphate aldolase	rhaD	0	protein-coding		WP_001179685.1	275	IUJ38_RS14720
NZ_CP064385.1	3001686	3002945		minus	L-rhamnose isomerase	rhaA	0	protein-coding		WP_000211470.1	419	IUJ38_RS14725
NZ_CP064385.1	3002942	3004411		minus	rhamnulokinase	rhaB	0	protein-coding		WP_000143970.1	489	IUJ38_RS14730
NZ_CP064385.1	3004699	3005535		plus	HTH-type transcriptional activator RhaS	rhaS	0	protein-coding		WP_000217112.1	278	IUJ38_RS14735
NZ_CP064385.1	3005688	3006536		plus	HTH-type transcriptional activator RhaR	rhaR	0	protein-coding		WP_000013290.1	282	IUJ38_RS14740
NZ_CP064385.1	3006533	3007567		minus	L-rhamnose/proton symporter RhaT	rhaT	0	protein-coding		WP_000063541.1	344	IUJ38_RS14745
NZ_CP064385.1	3008186	3008869		plus	oligogalacturonate-specific porin KdgM family protein		0	protein-coding		WP_000378721.1	227	IUJ38_RS14750
NZ_CP064385.1	3009027	3010334		minus	TRAP transporter large permease		0	protein-coding		WP_000566800.1	435	IUJ38_RS14755
NZ_CP064385.1	3010327	3010842		minus	TRAP transporter small permease		0	protein-coding		WP_001091413.1	171	IUJ38_RS14760
NZ_CP064385.1	3010861	3011844		minus	TRAP transporter substrate-binding protein		0	protein-coding		WP_000812819.1	327	IUJ38_RS14765
NZ_CP064385.1	3012173	3012793		plus	superoxide dismutase [Mn]	sodA	0	protein-coding		WP_000122635.1	206	IUJ38_RS14770
NZ_CP064385.1	3012863	3013552		plus	6-hydroxyaminopurine reductase	yiiM	0	protein-coding		WP_000559232.1	229	IUJ38_RS14775
NZ_CP064385.1	3013564	3013959		plus	nuclear transport factor 2 family protein		0	protein-coding		WP_000133444.1	131	IUJ38_RS14780
NZ_CP064385.1	3014010	3015383		minus	envelope stress sensor histidine kinase CpxA	cpxA	0	protein-coding		WP_000580402.1	457	IUJ38_RS14785
NZ_CP064385.1	3015380	3016078		minus	envelope stress response regulator transcription factor CpxR	cpxR	0	protein-coding		WP_001033731.1	232	IUJ38_RS14790
NZ_CP064385.1	3016229	3016729		plus	cell-envelope stress modulator CpxP	cpxP	0	protein-coding		WP_001233463.1	166	IUJ38_RS14795
NZ_CP064385.1	3016877	3017779		plus	CDF family cation-efflux transporter FieF	fieF	0	protein-coding		WP_001077320.1	300	IUJ38_RS14800
NZ_CP064385.1	3017964	3018926		plus	6-phosphofructokinase	pfkA	0	protein-coding		WP_000591793.1	320	IUJ38_RS14805
NZ_CP064385.1	3019130	3020119		plus	sulfate ABC transporter substrate-binding protein		0	protein-coding		WP_000758711.1	329	IUJ38_RS14810
NZ_CP064385.1	3020220	3020975		plus	CDP-diacylglycerol diphosphatase		0	protein-coding		WP_000750761.1	251	IUJ38_RS14815
NZ_CP064385.1	3021238	3022572		plus	MFS transporter		0	protein-coding		WP_000777317.1	444	IUJ38_RS14820
NZ_CP064385.1	3022583	3023542		plus	aminoimidazole riboside kinase		0	protein-coding		WP_000646499.1	319	IUJ38_RS14825
NZ_CP064385.1	3023552	3024592		plus	ADP-ribosylglycohydrolase family protein		0	protein-coding		WP_000557889.1	346	IUJ38_RS14830
NZ_CP064385.1	3024655	3025377		plus	GntR family transcriptional regulator		0	protein-coding		WP_001519915.1	240	IUJ38_RS14835
NZ_CP064385.1	3025475	3025600		plus	uncharacterized gene		0	pseudogene				IUJ38_RS14840
NZ_CP064385.1	3025646	3025786		plus	uncharacterized gene		0	pseudogene				IUJ38_RS14845
NZ_CP064385.1	3025876	3026226		minus	cupin domain-containing protein		0	protein-coding		WP_001173080.1	116	IUJ38_RS14850
NZ_CP064385.1	3026240	3027832		minus	autoinducer-2 kinase	lsrK	0	protein-coding		WP_000113089.1	530	IUJ38_RS14855
NZ_CP064385.1	3027920	3028879		minus	transcriptional regulator LsrR	lsrR	0	protein-coding		WP_001283048.1	319	IUJ38_RS14860
NZ_CP064385.1	3029135	3030670		plus	autoinducer 2 ABC transporter ATP-binding protein LsrA	lsrA	0	protein-coding		WP_001167250.1	511	IUJ38_RS14865
NZ_CP064385.1	3030664	3031707		plus	autoinducer 2 ABC transporter permease LsrC	lsrC	0	protein-coding		WP_000911134.1	347	IUJ38_RS14870
NZ_CP064385.1	3031704	3032705		plus	autoinducer 2 ABC transporter permease LsrD	lsrD	0	protein-coding		WP_000981826.1	333	IUJ38_RS14875
NZ_CP064385.1	3032734	3033756		plus	autoinducer 2 ABC transporter substrate-binding protein LsrB	lsrB	0	protein-coding		WP_000090737.1	340	IUJ38_RS14880
NZ_CP064385.1	3033785	3034660		plus	3-hydroxy-5-phosphonooxypentane-2,4-dione thiolase LsrF	lsrF	0	protein-coding		WP_000774147.1	291	IUJ38_RS14885
NZ_CP064385.1	3034743	3035033		plus	(4S)-4-hydroxy-5-phosphonooxypentane-2,3-dione isomerase	lsrG	0	protein-coding		WP_001738619.1	96	IUJ38_RS14890
NZ_CP064385.1	3035043	3035807		plus	beta/alpha barrel domain-containing protein		0	protein-coding		WP_001088049.1	254	IUJ38_RS14895
NZ_CP064385.1	3035899	3036666		minus	triose-phosphate isomerase	tpiA	0	protein-coding		WP_001216339.1	255	IUJ38_RS14900
NZ_CP064385.1	3036779	3037375		minus	YiiQ family protein		0	protein-coding		WP_000802242.1	198	IUJ38_RS14905
NZ_CP064385.1	3037476	3037904		plus	DUF805 domain-containing protein		0	protein-coding		WP_000155237.1	142	IUJ38_RS14910
NZ_CP064385.1	3038011	3038757		minus	ferredoxin--NADP(+) reductase	fpr	0	protein-coding		WP_000796300.1	248	IUJ38_RS14915
NZ_CP064385.1	3038854	3039864		minus	class II fructose-bisphosphatase	glpX	0	protein-coding		WP_001250625.1	336	IUJ38_RS14920
NZ_CP064385.1	3039976	3041484		minus	glycerol kinase GlpK	glpK	0	protein-coding		WP_000136806.1	502	IUJ38_RS14925
NZ_CP064385.1	3041505	3042350		minus	MIP/aquaporin family protein		0	protein-coding		WP_000084285.1	281	IUJ38_RS14930
NZ_CP064385.1	3042749	3042988		plus	septal ring assembly protein ZapB	zapB	0	protein-coding		WP_000051370.1	79	IUJ38_RS14935
NZ_CP064385.1	3043210	3043695		minus	ribonuclease E activity regulator RraA	rraA	0	protein-coding		WP_000872918.1	161	IUJ38_RS14940
NZ_CP064385.1	3043788	3044717		minus	1,4-dihydroxy-2-naphthoate polyprenyltransferase	menA	0	protein-coding		WP_000139639.1	309	IUJ38_RS14945
NZ_CP064385.1	3044784	3046115		minus	ATP-dependent protease ATPase subunit HslU	hslU	0	protein-coding		WP_001293360.1	443	IUJ38_RS14950
NZ_CP064385.1	3046125	3046655		minus	ATP-dependent protease subunit HslV	hslV	0	protein-coding		WP_000208240.1	176	IUJ38_RS14955
NZ_CP064385.1	3046747	3047721		minus	cell division protein FtsN	ftsN	0	protein-coding		WP_000068811.1	324	IUJ38_RS14960
NZ_CP064385.1	3047815	3048840		minus	DNA-binding transcriptional regulator CytR	cytR	0	protein-coding		WP_000841337.1	341	IUJ38_RS14965
NZ_CP064385.1	3048995	3051193		minus	primosomal protein N'	priA	0	protein-coding		WP_000109379.1	732	IUJ38_RS14970
NZ_CP064385.1	3051397	3051609		plus	50S ribosomal protein L31	rpmE	0	protein-coding		WP_000715284.1	70	IUJ38_RS14975
NZ_CP064385.1	3051655	3052317		minus	TIGR02117 family protein		0	protein-coding		WP_000792788.1	220	IUJ38_RS14980
NZ_CP064385.1	3052518	3054308		minus	aryl-sulfate sulfotransferase		0	protein-coding		WP_000899636.1	596	IUJ38_RS14985
NZ_CP064385.1	3054765	3055082		minus	met regulon transcriptional regulator MetJ	metJ	0	protein-coding		WP_000852810.1	105	IUJ38_RS14990
NZ_CP064385.1	3055347	3056507		plus	cystathionine gamma-synthase	metB	0	protein-coding		WP_000197217.1	386	IUJ38_RS14995
NZ_CP064385.1	3056510	3058942		plus	bifunctional aspartate kinase/homoserine dehydrogenase II	metL	0	protein-coding		WP_000110806.1	810	IUJ38_RS15000
NZ_CP064385.1	3059058	3059915		minus	small-conductance mechanosensitive channel MscS	mscS	0	protein-coding		WP_000398249.1	285	IUJ38_RS15005
NZ_CP064385.1	3059918	3060916		minus	MFS transporter		0	protein-coding		WP_000406820.1	332	IUJ38_RS15010
NZ_CP064385.1	3061151	3062275		minus	hypothetical protein		0	protein-coding		WP_001134807.1	374	IUJ38_RS15015
NZ_CP064385.1	3062411	3063967		plus	bifunctional metallophosphatase/5'-nucleotidase		0	protein-coding		WP_000865249.1	518	IUJ38_RS15020
NZ_CP064385.1	3064162	3065052		plus	methylenetetrahydrofolate reductase	metF	0	protein-coding		WP_000007508.1	296	IUJ38_RS15025
NZ_CP064385.1	3065217	3067397		plus	catalase/peroxidase HPI	katG	0	protein-coding		WP_000108103.1	726	IUJ38_RS15030
NZ_CP064385.1	3067455	3068078		minus	DUF1287 domain-containing protein		0	protein-coding		WP_000666689.1	207	IUJ38_RS15035
NZ_CP064385.1	3068337	3069440		minus	bifunctional L-1,2-propanediol dehydrogenase/glycerol dehydrogenase	gldA	0	protein-coding		WP_000374031.1	367	IUJ38_RS15040
NZ_CP064385.1	3069452	3070114		minus	fructose-6-phosphate aldolase	fsa	0	protein-coding		WP_000424866.1	220	IUJ38_RS15045
NZ_CP064385.1	3070125	3072626		minus	phosphoenolpyruvate--protein phosphotransferase	ptsP	0	protein-coding		WP_001128495.1	833	IUJ38_RS15050
NZ_CP064385.1	3072935	3074014		plus	PTS fructose transporter subunit EIIC		0	protein-coding		WP_000661597.1	359	IUJ38_RS15055
NZ_CP064385.1	3074029	3074349		plus	PTS fructose-like transporter subunit IIB		0	protein-coding		WP_000161258.1	106	IUJ38_RS15060
NZ_CP064385.1	3074448	3076745		plus	formate C-acetyltransferase		0	protein-coding		WP_000149714.1	765	IUJ38_RS15065
NZ_CP064385.1	3076711	3077589		plus	[formate-C-acetyltransferase]-activating enzyme		0	protein-coding		WP_000171724.1	292	IUJ38_RS15070
NZ_CP064385.1	3077591	3077944		plus	PTS fructose-like transporter subunit IIB		0	protein-coding		WP_000290522.1	117	IUJ38_RS15075
NZ_CP064385.1	3077931	3078782		minus	helix-turn-helix transcriptional regulator		0	protein-coding		WP_000274596.1	283	IUJ38_RS15080
NZ_CP064385.1	3078943	3080676		minus	phosphoethanolamine transferase CptA		0	protein-coding		WP_001192092.1	577	IUJ38_RS15085
NZ_CP064385.1	3080887	3083538		minus	phosphoenolpyruvate carboxylase	ppc	0	protein-coding		WP_001005548.1	883	IUJ38_RS15090
NZ_CP064385.1	3083907	3085058		minus	acetylornithine deacetylase	argE	0	protein-coding		WP_000800210.1	383	IUJ38_RS15095
NZ_CP064385.1	3085147	3086151		plus	N-acetyl-gamma-glutamyl-phosphate reductase	argC	0	protein-coding		WP_000935340.1	334	IUJ38_RS15100
NZ_CP064385.1	3086159	3086935		plus	acetylglutamate kinase	argB	0	protein-coding		WP_001575262.1	258	IUJ38_RS15105
NZ_CP064385.1	3087053	3088429		plus	argininosuccinate lyase	argH	0	protein-coding		WP_001230051.1	458	IUJ38_RS15110
NZ_CP064385.1	3088714	3089631		plus	DNA-binding transcriptional regulator OxyR	oxyR	0	protein-coding		WP_001025919.1	305	IUJ38_RS15115
NZ_CP064385.1	3089614	3091014		minus	Si-specific NAD(P)(+) transhydrogenase	sthA	0	protein-coding		WP_001120789.1	466	IUJ38_RS15120
NZ_CP064385.1	3091213	3091848		plus	HTH-type transcriptional repressor FabR	fabR	0	protein-coding		WP_000971958.1	211	IUJ38_RS15125
NZ_CP064385.1	3091864	3092223		plus	YijD family membrane protein		0	protein-coding		WP_000813834.1	119	IUJ38_RS15130
NZ_CP064385.1	3092270	3093370		minus	tRNA (uridine(54)-C5)-methyltransferase TrmA	trmA	0	protein-coding		WP_000186981.1	366	IUJ38_RS15135
NZ_CP064385.1	3093744	3095588		plus	TonB-dependent vitamin B12 receptor BtuB	btuB	0	protein-coding		WP_000591398.1	614	IUJ38_RS15140
NZ_CP064385.1	3095533	3096384		plus	glutamate racemase	murI	0	protein-coding		WP_000201805.1	283	IUJ38_RS15145
NZ_CP064385.1	3096764	3098305		plus	16S ribosomal RNA		0	rRNA				IUJ38_RS15150
NZ_CP064385.1	3098375	3098451		plus	tRNA-Ile		0	tRNA				IUJ38_RS15155
NZ_CP064385.1	3098563	3098638		plus	tRNA-Ala		0	tRNA				IUJ38_RS15160
NZ_CP064385.1	3098821	3101812		plus	23S ribosomal RNA		0	rRNA				IUJ38_RS15165
NZ_CP064385.1	3102009	3102124		plus	5S ribosomal RNA	rrf	0	rRNA				IUJ38_RS15170
NZ_CP064385.1	3102306	3103334		plus	UDP-N-acetylmuramate dehydrogenase	murB	0	protein-coding		WP_000149795.1	342	IUJ38_RS15175
NZ_CP064385.1	3103331	3104293		plus	bifunctional biotin--[acetyl-CoA-carboxylase] ligase/biotin operon repressor BirA	birA	0	protein-coding		WP_000655752.1	320	IUJ38_RS15180
NZ_CP064385.1	3104328	3105278		minus	type I pantothenate kinase	coaA	0	protein-coding		WP_000023069.1	316	IUJ38_RS15185
NZ_CP064385.1	3105487	3105660		minus	hypothetical protein		0	protein-coding		WP_001541267.1	57	IUJ38_RS15190
NZ_CP064385.1	3105680	3105755		plus	tRNA-Thr		0	tRNA				IUJ38_RS15195
NZ_CP064385.1	3105764	3105848		plus	tRNA-Tyr		0	tRNA				IUJ38_RS15200
NZ_CP064385.1	3105965	3106039		plus	tRNA-Gly		0	tRNA				IUJ38_RS15205
NZ_CP064385.1	3106046	3106121		plus	tRNA-Thr		0	tRNA				IUJ38_RS15210
NZ_CP064385.1	3106237	3107421		plus	elongation factor Tu	tuf	0	protein-coding		WP_000031748.1	394	IUJ38_RS15215
NZ_CP064385.1	3107651	3108034		plus	preprotein translocase subunit SecE	secE	0	protein-coding		WP_001275691.1	127	IUJ38_RS15220
NZ_CP064385.1	3108036	3108581		plus	transcription termination/antitermination protein NusG	nusG	0	protein-coding		WP_001287521.1	181	IUJ38_RS15225
NZ_CP064385.1	3108739	3109167		plus	50S ribosomal protein L11	rplK	0	protein-coding		WP_001085926.1	142	IUJ38_RS15230
NZ_CP064385.1	3109171	3109875		plus	50S ribosomal protein L1	rplA	0	protein-coding		WP_001096676.1	234	IUJ38_RS15235
NZ_CP064385.1	3110295	3110792		plus	50S ribosomal protein L10	rplJ	0	protein-coding		WP_001207203.1	165	IUJ38_RS15240
NZ_CP064385.1	3110859	3111224		plus	50S ribosomal protein L7/L12	rplL	0	protein-coding		WP_000028882.1	121	IUJ38_RS15245
NZ_CP064385.1	3111542	3115570		plus	DNA-directed RNA polymerase subunit beta	rpoB	0	protein-coding		WP_000263106.1	1342	IUJ38_RS15250
NZ_CP064385.1	3115647	3119870		plus	DNA-directed RNA polymerase subunit beta'	rpoC	0	protein-coding		WP_000653965.1	1407	IUJ38_RS15255
NZ_CP064385.1	3119912	3120235		plus	membrane protein		0	protein-coding		WP_001576436.1	107	IUJ38_RS15260
NZ_CP064385.1	3120241	3120585		minus	hypothetical protein		0	protein-coding		WP_010989089.1	114	IUJ38_RS15265
NZ_CP064385.1	3120966	3121994		plus	type III secretion system effector arginine glycosyltransferase SseK1		0	protein-coding		WP_000400600.1	342	IUJ38_RS15270
NZ_CP064385.1	3122227	3122334		minus	uncharacterized gene		0	pseudogene				IUJ38_RS24340
NZ_CP064385.1	3122317	3122505		plus	hypothetical protein		0	protein-coding		WP_001526923.1	62	IUJ38_RS15275
NZ_CP064385.1	3122656	3123789		minus	2-iminoacetate synthase ThiH	thiH	0	protein-coding		WP_000847565.1	377	IUJ38_RS15280
NZ_CP064385.1	3123786	3124556		minus	thiazole synthase	thiG	0	protein-coding		WP_000944073.1	256	IUJ38_RS15285
NZ_CP064385.1	3124558	3124758		minus	sulfur carrier protein ThiS	thiS	0	protein-coding		WP_001166831.1	66	IUJ38_RS15290
NZ_CP064385.1	3124739	3125497		minus	HesA/MoeB/ThiF family protein		0	protein-coding		WP_000997753.1	252	IUJ38_RS15295
NZ_CP064385.1	3125490	3126125		minus	thiamine phosphate synthase	thiE	0	protein-coding		WP_000284648.1	211	IUJ38_RS15300
NZ_CP064385.1	3126125	3128020		minus	phosphomethylpyrimidine synthase ThiC	thiC	0	protein-coding		WP_000108413.1	631	IUJ38_RS15305
NZ_CP064385.1	3128384	3128872		minus	sigma D regulator	rsd	0	protein-coding		WP_000934315.1	162	IUJ38_RS15310
NZ_CP064385.1	3128965	3129738		plus	NAD(+) diphosphatase	nudC	0	protein-coding		WP_000373966.1	257	IUJ38_RS15315
NZ_CP064385.1	3129779	3130843		plus	uroporphyrinogen decarboxylase	hemE	0	protein-coding		WP_000137623.1	354	IUJ38_RS15320
NZ_CP064385.1	3130853	3131524		plus	deoxyribonuclease V	nfi	0	protein-coding		WP_000362359.1	223	IUJ38_RS15325
NZ_CP064385.1	3131566	3132156		plus	YjaG family protein		0	protein-coding		WP_000940092.1	196	IUJ38_RS15330
NZ_CP064385.1	3132343	3132615		plus	nucleoid-associated protein HU-alpha	hupA	0	protein-coding		WP_001044509.1	90	IUJ38_RS15335
NZ_CP064385.1	3132627	3133319		plus	DUF1481 domain-containing protein		0	protein-coding		WP_001083925.1	230	IUJ38_RS15340
NZ_CP064385.1	3133361	3133816		minus	zinc resistance sensor/chaperone ZraP	zraP	0	protein-coding		WP_000828129.1	151	IUJ38_RS15345
NZ_CP064385.1	3134070	3135467		plus	two-component system sensor histidine kinase ZraS	zraS	0	protein-coding		WP_001526924.1	465	IUJ38_RS15350
NZ_CP064385.1	3135473	3136798		plus	sigma-54-dependent response regulator transcription factor ZraR	zraR	0	protein-coding		WP_000617942.1	441	IUJ38_RS15355
NZ_CP064385.1	3136795	3138084		minus	phosphoribosylamine--glycine ligase	purD	0	protein-coding		WP_000866767.1	429	IUJ38_RS15360
NZ_CP064385.1	3138096	3139685		minus	bifunctional phosphoribosylaminoimidazolecarboxamide formyltransferase/IMP cyclohydrolase	purH	0	protein-coding		WP_001187509.1	529	IUJ38_RS15365
NZ_CP064385.1	3140309	3141850		plus	16S ribosomal RNA		0	rRNA				IUJ38_RS15370
NZ_CP064385.1	3141936	3142011		plus	tRNA-Glu		0	tRNA				IUJ38_RS15375
NZ_CP064385.1	3142244	3145235		plus	23S ribosomal RNA		0	rRNA				IUJ38_RS15380
NZ_CP064385.1	3145432	3145547		plus	5S ribosomal RNA	rrf	0	rRNA				IUJ38_RS15385
NZ_CP064385.1	3145880	3146317		minus	acetyltransferase		0	protein-coding		WP_000973243.1	145	IUJ38_RS15390
NZ_CP064385.1	3146474	3147403		plus	homoserine O-acetyltransferase MetA	metA	0	protein-coding		WP_001122767.1	309	IUJ38_RS15395
NZ_CP064385.1	3147672	3149273		plus	malate synthase A	aceB	0	protein-coding		WP_001069372.1	533	IUJ38_RS15400
NZ_CP064385.1	3149305	3150609		plus	isocitrate lyase	aceA	0	protein-coding		WP_000857881.1	434	IUJ38_RS15405
NZ_CP064385.1	3150711	3152462		plus	bifunctional isocitrate dehydrogenase kinase/phosphatase	aceK	0	protein-coding		WP_001137266.1	583	IUJ38_RS15410
NZ_CP064385.1	3152426	3152833		minus	ASCH domain-containing protein		0	protein-coding		WP_010989091.1	135	IUJ38_RS15415
NZ_CP064385.1	3152844	3153668		minus	glyoxylate bypass operon transcriptional repressor IclR	iclR	0	protein-coding		WP_000226434.1	274	IUJ38_RS15420
NZ_CP064385.1	3153972	3157655		plus	methionine synthase	metH	0	protein-coding		WP_000095958.1	1227	IUJ38_RS15425
NZ_CP064385.1	3157922	3159553		plus	Na/Pi cotransporter family protein		0	protein-coding		WP_000956811.1	543	IUJ38_RS15430
NZ_CP064385.1	3159629	3160318		minus	dipeptidase PepE	pepE	0	protein-coding		WP_000421792.1	229	IUJ38_RS15435
NZ_CP064385.1	3160390	3160491		plus	hypothetical protein		0	protein-coding		WP_001541281.1	33	IUJ38_RS15440
NZ_CP064385.1	3160526	3161065		plus	DUF2058 domain-containing protein		0	protein-coding		WP_001096724.1	179	IUJ38_RS15445
NZ_CP064385.1	3161112	3161981		plus	23S rRNA pseudouridine(2604) synthase RluF	rluF	0	protein-coding		WP_000954611.1	289	IUJ38_RS15450
NZ_CP064385.1	3161978	3162250		minus	YjbD family protein		0	protein-coding		WP_001207628.1	90	IUJ38_RS15455
NZ_CP064385.1	3162348	3163289		minus	ketopantoate/pantoate/pantothenate transporter PanS	panS	0	protein-coding		WP_000881652.1	313	IUJ38_RS15460
NZ_CP064385.1	3163551	3164279		minus	hypothetical protein		0	protein-coding		WP_000587738.1	242	IUJ38_RS15465
NZ_CP064385.1	3164476	3164766		minus	membrane protein		0	protein-coding		WP_010989092.1	96	IUJ38_RS15470
NZ_CP064385.1	3165015	3165470		minus	hypothetical protein		0	protein-coding		WP_000084331.1	151	IUJ38_RS15475
NZ_CP064385.1	3165467	3166072		minus	DUF4376 domain-containing protein		0	protein-coding		WP_001526208.1	201	IUJ38_RS15480
NZ_CP064385.1	3166077	3167822		minus	phage tail protein		0	protein-coding		WP_000368196.1	581	IUJ38_RS15485
NZ_CP064385.1	3167825	3168457		minus	phage tail protein I		0	protein-coding		WP_000359500.1	210	IUJ38_RS15490
NZ_CP064385.1	3168450	3169565		minus	baseplate assembly protein		0	protein-coding		WP_000951736.1	371	IUJ38_RS15495
NZ_CP064385.1	3169556	3169915		minus	GPW/gp25 family protein		0	protein-coding		WP_001093501.1	119	IUJ38_RS15500
NZ_CP064385.1	3170079	3171626		minus	DUF6056 family protein		0	protein-coding		WP_001095011.1	515	IUJ38_RS15505
NZ_CP064385.1	3171626	3172555		minus	glycosyltransferase family 2 protein		0	protein-coding		WP_000703632.1	309	IUJ38_RS15510
NZ_CP064385.1	3172552	3172914		minus	GtrA family protein		0	protein-coding		WP_000593182.1	120	IUJ38_RS15515
NZ_CP064385.1	3173242	3173964		minus	phage baseplate assembly protein V		0	protein-coding		WP_000679398.1	240	IUJ38_RS15520
NZ_CP064385.1	3173974	3175017		minus	phage late control D family protein		0	protein-coding		WP_000818154.1	347	IUJ38_RS15525
NZ_CP064385.1	3175005	3175214		minus	tail protein X		0	protein-coding		WP_001269716.1	69	IUJ38_RS15530
NZ_CP064385.1	3175214	3176167		minus	phage tail protein		0	protein-coding		WP_000271423.1	317	IUJ38_RS15535
NZ_CP064385.1	3176167	3178521		minus	phage tail tape measure protein		0	protein-coding		WP_001262499.1	784	IUJ38_RS15540
NZ_CP064385.1	3178618	3178746		minus	GpE family phage tail protein		0	protein-coding		WP_001185654.1	42	IUJ38_RS24215
NZ_CP064385.1	3178706	3179023		minus	phage tail assembly protein		0	protein-coding		WP_001003642.1	105	IUJ38_RS15545
NZ_CP064385.1	3179075	3179599		minus	phage major tail tube protein		0	protein-coding		WP_000907494.1	174	IUJ38_RS15550
NZ_CP064385.1	3179599	3181026		minus	phage tail sheath subtilisin-like domain-containing protein		0	protein-coding		WP_000729852.1	475	IUJ38_RS15555
NZ_CP064385.1	3181016	3181213		minus	hypothetical protein		0	protein-coding		WP_000875314.1	65	IUJ38_RS15560
NZ_CP064385.1	3181210	3181665		minus	Gp37 family protein		0	protein-coding		WP_000449433.1	151	IUJ38_RS15565
NZ_CP064385.1	3181825	3182139		minus	membrane protein		0	protein-coding		WP_000777266.1	104	IUJ38_RS15570
NZ_CP064385.1	3182152	3182757		minus	transglycosylase SLT domain-containing protein		0	protein-coding		WP_001270442.1	201	IUJ38_RS15575
NZ_CP064385.1	3182760	3183047		minus	putative holin		0	protein-coding		WP_001226442.1	95	IUJ38_RS15580
NZ_CP064385.1	3183623	3183970		plus	Mor transcription activator family protein		0	protein-coding		WP_000615248.1	115	IUJ38_RS15585
NZ_CP064385.1	3184103	3185452		minus	lysine-sensitive aspartokinase 3	lysC	0	protein-coding		WP_000136400.1	449	IUJ38_RS15590
NZ_CP064385.1	3185797	3187446		plus	glucose-6-phosphate isomerase	pgi	0	protein-coding		WP_000790037.1	549	IUJ38_RS15595
NZ_CP064385.1	3187890	3188132		plus	exopolysaccharide production protein YjbE	yjbE	0	protein-coding		WP_001541297.1	80	IUJ38_RS15600
NZ_CP064385.1	3188196	3188834		plus	YjbF family lipoprotein		0	protein-coding		WP_000824800.1	212	IUJ38_RS15605
NZ_CP064385.1	3188831	3189568		plus	capsule biosynthesis GfcC family protein		0	protein-coding		WP_000977979.1	245	IUJ38_RS15610
NZ_CP064385.1	3189568	3191664		plus	YjbH domain-containing protein		0	protein-coding		WP_000750804.1	698	IUJ38_RS15615
NZ_CP064385.1	3191807	3192217		plus	phosphate-starvation-inducible protein PsiE	psiE	0	protein-coding		WP_000982749.1	136	IUJ38_RS15620
NZ_CP064385.1	3192383	3193273		minus	maltose ABC transporter permease MalG	malG	0	protein-coding		WP_001252085.1	296	IUJ38_RS15625
NZ_CP064385.1	3193288	3194832		minus	maltose ABC transporter permease MalF	malF	0	protein-coding		WP_000382573.1	514	IUJ38_RS15630
NZ_CP064385.1	3194875	3195015		plus	uncharacterized gene		0	pseudogene				IUJ38_RS24345
NZ_CP064385.1	3194964	3196154		minus	maltose/maltodextrin ABC transporter substrate-binding protein MalE	malE	0	protein-coding		WP_000695417.1	396	IUJ38_RS15635
NZ_CP064385.1	3196516	3197625		plus	maltose/maltodextrin ABC transporter ATP-binding protein MalK	malK	0	protein-coding		WP_000179176.1	369	IUJ38_RS15640
NZ_CP064385.1	3197714	3199072		plus	maltoporin		0	protein-coding		WP_000973645.1	452	IUJ38_RS15645
NZ_CP064385.1	3199236	3200153		plus	maltose operon protein MalM	malM	0	protein-coding		WP_000782504.1	305	IUJ38_RS15650
NZ_CP064385.1	3200334	3200831		plus	chorismate lyase	ubiC	0	protein-coding		WP_000019219.1	165	IUJ38_RS15655
NZ_CP064385.1	3200845	3201717		plus	4-hydroxybenzoate octaprenyltransferase	ubiA	0	protein-coding		WP_000455249.1	290	IUJ38_RS15660
NZ_CP064385.1	3201816	3204236		minus	glycerol-3-phosphate 1-O-acyltransferase PlsB	plsB	0	protein-coding		WP_000017360.1	806	IUJ38_RS15665
NZ_CP064385.1	3204407	3204775		plus	diacylglycerol kinase		0	protein-coding		WP_000002902.1	122	IUJ38_RS15670
NZ_CP064385.1	3204884	3205492		plus	transcriptional repressor LexA	lexA	0	protein-coding		WP_000646079.1	202	IUJ38_RS15675
NZ_CP064385.1	3205671	3206996		plus	MATE family efflux transporter DinF	dinF	0	protein-coding		WP_001128116.1	441	IUJ38_RS15680
NZ_CP064385.1	3206993	3207106		plus	hypothetical protein		0	protein-coding		WP_010989093.1	37	IUJ38_RS15685
NZ_CP064385.1	3207128	3207337		plus	CsbD family protein		0	protein-coding		WP_001030592.1	69	IUJ38_RS15690
NZ_CP064385.1	3207436	3207951		minus	zinc uptake transcriptional repressor Zur	zur	0	protein-coding		WP_000416272.1	171	IUJ38_RS15695
NZ_CP064385.1	3208198	3209508		plus	conjugal transfer protein TraF		0	protein-coding		WP_001039339.1	436	IUJ38_RS15700
NZ_CP064385.1	3209596	3210594		plus	tRNA dihydrouridine(20/20a) synthase DusA	dusA	0	protein-coding		WP_001182237.1	332	IUJ38_RS15705
NZ_CP064385.1	3210762	3211004		plus	envelope stress response protein PspG	pspG	0	protein-coding		WP_000891414.1	80	IUJ38_RS15710
NZ_CP064385.1	3211179	3212162		minus	quinone oxidoreductase		0	protein-coding		WP_000235551.1	327	IUJ38_RS15715
NZ_CP064385.1	3212227	3213642		plus	replicative DNA helicase	dnaB	0	protein-coding		WP_000918353.1	471	IUJ38_RS15720
NZ_CP064385.1	3213674	3214753		plus	alanine racemase	alr	0	protein-coding		WP_001147297.1	359	IUJ38_RS15725
NZ_CP064385.1	3214939	3216132		plus	aromatic amino acid transaminase	tyrB	0	protein-coding		WP_000486903.1	397	IUJ38_RS15730
NZ_CP064385.1	3216319	3217032		plus	acid phosphatase AphA	aphA	0	protein-coding		WP_000724435.1	237	IUJ38_RS15735
NZ_CP064385.1	3217161	3217577		plus	secondary thiamine-phosphate synthase enzyme YjbQ		0	protein-coding		WP_000270393.1	138	IUJ38_RS15740
NZ_CP064385.1	3217580	3217936		plus	MmcQ/YjbR family DNA-binding protein		0	protein-coding		WP_000155666.1	118	IUJ38_RS15745
NZ_CP064385.1	3217937	3218275		minus	membrane protein		0	protein-coding		WP_000146593.1	112	IUJ38_RS15750
NZ_CP064385.1	3218262	3218717		minus	hypothetical protein		0	protein-coding		WP_000432207.1	151	IUJ38_RS15755
NZ_CP064385.1	3218849	3221674		minus	excinuclease ABC subunit UvrA	uvrA	0	protein-coding		WP_000357724.1	941	IUJ38_RS15760
NZ_CP064385.1	3221922	3222452		plus	single-stranded DNA-binding protein SSB1	ssb1	0	protein-coding		WP_000168322.1	176	IUJ38_RS15765
NZ_CP064385.1	3223493	3224125		plus	SPI-4 type I secretion system auxiliary protein SiiA	siiA	0	protein-coding		WP_000389233.1	210	IUJ38_RS15770
NZ_CP064385.1	3224122	3225510		plus	MotA/TolQ/ExbB proton channel family protein		0	protein-coding		WP_000875195.1	462	IUJ38_RS15775
NZ_CP064385.1	3225500	3226819		plus	SPI-4 type I secretion system protein SiiC	siiC	0	protein-coding		WP_001541306.1	439	IUJ38_RS15780
NZ_CP064385.1	3226816	3228093		plus	SPI-4 type I secretion system protein SiiD	siiD	0	protein-coding		WP_001081935.1	425	IUJ38_RS15785
NZ_CP064385.1	3228110	3244789		plus	non-fimbrial adhesin SiiE	siiE	0	protein-coding		WP_000527217.1	5559	IUJ38_RS15790
NZ_CP064385.1	3244829	3246895		plus	SPI-4 type I secretion system protein SiiF	siiF	0	protein-coding		WP_000358566.1	688	IUJ38_RS15795
NZ_CP064385.1	3247173	3247454		minus	YjcB family protein		0	protein-coding		WP_000719058.1	93	IUJ38_RS15800
NZ_CP064385.1	3248017	3249618		plus	EAL domain-containing protein		0	protein-coding		WP_000083640.1	533	IUJ38_RS15805
NZ_CP064385.1	3249606	3249929		minus	superoxide response transcriptional regulator SoxS	soxS	0	protein-coding		WP_000019483.1	107	IUJ38_RS15810
NZ_CP064385.1	3250016	3250474		plus	redox-sensitive transcriptional activator SoxR	soxR	0	protein-coding		WP_000412686.1	152	IUJ38_RS15815
NZ_CP064385.1	3250767	3251435		plus	glutathione S-transferase family protein		0	protein-coding		WP_000958575.1	222	IUJ38_RS15820
NZ_CP064385.1	3251782	3253131		plus	guanine/hypoxanthine transporter GhxP	ghxP	0	protein-coding		WP_000106907.1	449	IUJ38_RS15825
NZ_CP064385.1	3253281	3254927		plus	Na+/H+ antiporter		0	protein-coding		WP_001536604.1	548	IUJ38_RS15830
NZ_CP064385.1	3255022	3255909		minus	LysR family transcriptional regulator		0	protein-coding		WP_000354963.1	295	IUJ38_RS15835
NZ_CP064385.1	3256013	3256423		plus	CidA/LrgA family protein		0	protein-coding		WP_000257347.1	136	IUJ38_RS15840
NZ_CP064385.1	3256416	3257105		plus	LrgB family protein		0	protein-coding		WP_001067096.1	229	IUJ38_RS15845
NZ_CP064385.1	3257144	3258793		minus	cation/acetate symporter ActP	actP	0	protein-coding		WP_000832536.1	549	IUJ38_RS15850
NZ_CP064385.1	3258790	3259104		minus	DUF485 domain-containing protein		0	protein-coding		WP_000999621.1	104	IUJ38_RS15855
NZ_CP064385.1	3259350	3261308		minus	acetate--CoA ligase	acs	0	protein-coding		WP_000083882.1	652	IUJ38_RS15860
NZ_CP064385.1	3261740	3263176		plus	ammonia-forming nitrite reductase cytochrome c552 subunit	nrfA	0	protein-coding		WP_000101771.1	478	IUJ38_RS15865
NZ_CP064385.1	3263288	3263854		plus	cytochrome c nitrite reductase pentaheme subunit	nrfB	0	protein-coding		WP_000115065.1	188	IUJ38_RS15870
NZ_CP064385.1	3263851	3264522		plus	cytochrome c nitrite reductase Fe-S protein	nrfC	0	protein-coding		WP_001278030.1	223	IUJ38_RS15875
NZ_CP064385.1	3264519	3265475		plus	cytochrome c nitrite reductase subunit NrfD	nrfD	0	protein-coding		WP_000199637.1	318	IUJ38_RS15880
NZ_CP064385.1	3265468	3267690		plus	heme lyase NrfEFG subunit NrfEF	nrfEF	0	protein-coding		WP_000551709.1	740	IUJ38_RS15885
NZ_CP064385.1	3267687	3268307		plus	heme lyase NrfEFG subunit NrfG	nrfG	0	protein-coding		WP_000083232.1	206	IUJ38_RS15890
NZ_CP064385.1	3268652	3269962		plus	glutamate/aspartate:proton symporter GltP	gltP	0	protein-coding		WP_000793278.1	436	IUJ38_RS15895
NZ_CP064385.1	3270120	3270809		minus	Sel1 family TPR-like repeat protein YjcO	yjcO	0	protein-coding		WP_000771454.1	229	IUJ38_RS15900
NZ_CP064385.1	3270986	3273133		minus	formate dehydrogenase N subunit alpha, selenocysteine-containing		0	protein-coding		WP_010989094.1	715	IUJ38_RS15905
NZ_CP064385.1	3273488	3274396		minus	lipid A hydroxylase LpxO	lpxO	0	protein-coding		WP_000457024.1	302	IUJ38_RS15910
NZ_CP064385.1	3274654	3275088		minus	aminoalkylphosphonate N-acetyltransferase	phnO	0	protein-coding		WP_001526214.1	144	IUJ38_RS15915
NZ_CP064385.1	3275240	3275683		minus	VOC family metalloprotein YjdN	yjdN	0	protein-coding		WP_001131299.1	147	IUJ38_RS15920
NZ_CP064385.1	3275803	3276138		minus	zinc ribbon domain-containing protein YjdM		0	protein-coding		WP_000056482.1	111	IUJ38_RS15925
NZ_CP064385.1	3276606	3278108		plus	glycine betaine/L-proline transporter ProP	proP	0	protein-coding		WP_000919710.1	500	IUJ38_RS15930
NZ_CP064385.1	3278178	3278267		plus	LpxT activity modulator PmrR	pmrR	0	protein-coding		WP_000844399.1	29	IUJ38_RS15935
NZ_CP064385.1	3278275	3279345		minus	two-component system sensor histidine kinase PmrB	pmrB	0	protein-coding		WP_001212189.1	356	IUJ38_RS15940
NZ_CP064385.1	3279355	3280023		minus	two-component system response regulator PmrA	pmrA	0	protein-coding		WP_000697899.1	222	IUJ38_RS15945
NZ_CP064385.1	3280020	3281663		minus	phosphoethanolamine transferase EptA	eptA	0	protein-coding		WP_000919289.1	547	IUJ38_RS15950
NZ_CP064385.1	3281797	3283134		minus	arginine/agmatine antiporter	adiC	0	protein-coding		WP_000093130.1	445	IUJ38_RS15955
NZ_CP064385.1	3283274	3284035		minus	AraC family transcriptional regulator		0	protein-coding		WP_001217074.1	253	IUJ38_RS15960
NZ_CP064385.1	3284333	3286600		minus	arginine decarboxylase	adiA	0	protein-coding		WP_095046159.1	755	IUJ38_RS15965
NZ_CP064385.1	3286833	3287765		minus	transcriptional regulator MelR	melR	0	protein-coding		WP_000106992.1	310	IUJ38_RS15970
NZ_CP064385.1	3288034	3289389		plus	alpha-galactosidase	melA	0	protein-coding		WP_001520868.1	451	IUJ38_RS15975
NZ_CP064385.1	3289473	3290903		plus	melibiose:sodium transporter MelB	melB	0	protein-coding		WP_000028075.1	476	IUJ38_RS15980
NZ_CP064385.1	3291001	3292647		minus	class I fumarate hydratase FumA	fumA	0	protein-coding		WP_000037194.1	548	IUJ38_RS15985
NZ_CP064385.1	3292743	3294083		minus	anaerobic C4-dicarboxylate transporter DcuB	dcuB	0	protein-coding		WP_000899149.1	446	IUJ38_RS15990
NZ_CP064385.1	3294230	3294496		minus	hypothetical protein		0	protein-coding		WP_010989095.1	88	IUJ38_RS15995
NZ_CP064385.1	3294813	3295532		minus	two-component system response regulator DcuR	dcuR	0	protein-coding		WP_000611307.1	239	IUJ38_RS16000
NZ_CP064385.1	3295529	3297160		minus	sensor histidine kinase		0	protein-coding		WP_000682911.1	543	IUJ38_RS16005
NZ_CP064385.1	3297516	3299945		plus	DMSO/selenate family reductase complex A subunit		0	protein-coding		WP_000403482.1	809	IUJ38_RS16010
NZ_CP064385.1	3299959	3300585		plus	DMSO/selenate family reductase complex B subunit		0	protein-coding		WP_000816143.1	208	IUJ38_RS16015
NZ_CP064385.1	3300578	3301351		plus	dimethyl sulfoxide reductase anchor subunit family protein		0	protein-coding		WP_000544929.1	257	IUJ38_RS16020
NZ_CP064385.1	3301427	3302020		plus	TorD/DmsD family molecular chaperone		0	protein-coding		WP_001542298.1	197	IUJ38_RS16025
NZ_CP064385.1	3302104	3303504		minus	CBM96 family carbohydrate-binding protein		0	protein-coding		WP_000773784.1	466	IUJ38_RS16030
NZ_CP064385.1	3303808	3304713		plus	SdiA-regulated domain-containing protein		0	protein-coding		WP_001268200.1	301	IUJ38_RS16035
NZ_CP064385.1	3305052	3305510		plus	IS200/IS605-like element IS200F family transposase	tnpA	0	protein-coding		WP_000502119.1	152	IUJ38_RS16040
NZ_CP064385.1	3305719	3305988		minus	hypothetical protein		0	protein-coding		WP_010989096.1	89	IUJ38_RS16045
NZ_CP064385.1	3305996	3306211		minus	Ig-like domain-containing protein		0	protein-coding		WP_001595136.1	71	IUJ38_RS16050
NZ_CP064385.1	3306234	3306521		minus	transcriptional regulator RtsB	rtsB	0	protein-coding		WP_001269916.1	95	IUJ38_RS16055
NZ_CP064385.1	3306518	3307393		minus	AraC family transcriptional regulator		0	protein-coding		WP_000921675.1	291	IUJ38_RS16060
NZ_CP064385.1	3307658	3307879		minus	hypothetical protein		0	protein-coding		WP_001576552.1	73	IUJ38_RS16065
NZ_CP064385.1	3308196	3308489		plus	type II toxin-antitoxin system TacA family antitoxin		0	protein-coding		WP_001110452.1	97	IUJ38_RS16070
NZ_CP064385.1	3308486	3308977		plus	GNAT family N-acetyltransferase		0	protein-coding		WP_000626099.1	163	IUJ38_RS16075
NZ_CP064385.1	3309225	3309977		minus	non-specific acid phosphatase		0	protein-coding		WP_000842434.1	250	IUJ38_RS16080
NZ_CP064385.1	3311186	3311563		minus	EthD domain-containing protein		0	protein-coding		WP_000916345.1	125	IUJ38_RS16090
NZ_CP064385.1	3311635	3311967		plus	MerR family transcriptional regulator		0	protein-coding		WP_001165471.1	110	IUJ38_RS16095
NZ_CP064385.1	3312058	3312135		plus	uncharacterized gene		0	pseudogene				IUJ38_RS16100
NZ_CP064385.1	3312215	3312290		minus	tRNA-Phe		0	tRNA				IUJ38_RS16105
NZ_CP064385.1	3312406	3312981		minus	transcriptional regulator		0	protein-coding		WP_001188509.1	191	IUJ38_RS16110
NZ_CP064385.1	3313018	3314721		minus	protein-disulfide reductase DsbD		0	protein-coding		WP_000068899.1	567	IUJ38_RS16115
NZ_CP064385.1	3314697	3315044		minus	divalent cation tolerance protein CutA	cutA	0	protein-coding		WP_000887832.1	115	IUJ38_RS16120
NZ_CP064385.1	3315165	3316466		minus	anaerobic C4-dicarboxylate transporter DcuA	dcuA	0	protein-coding		WP_000637595.1	433	IUJ38_RS16125
NZ_CP064385.1	3316581	3318017		minus	aspartate ammonia-lyase	aspA	0	protein-coding		WP_000069440.1	478	IUJ38_RS16130
NZ_CP064385.1	3318358	3318834		plus	FxsA family protein		0	protein-coding		WP_001267291.1	158	IUJ38_RS16135
NZ_CP064385.1	3318893	3320134		minus	L-methionine/branched-chain amino acid transporter	yjeH	0	protein-coding		WP_001670701.1	413	IUJ38_RS16140
NZ_CP064385.1	3320410	3320703		plus	co-chaperone GroES		0	protein-coding		WP_000027827.1	97	IUJ38_RS16145
NZ_CP064385.1	3320747	3322393		plus	chaperonin GroEL	groL	0	protein-coding		WP_000729126.1	548	IUJ38_RS16150
NZ_CP064385.1	3322637	3322990		plus	DUF4156 domain-containing protein		0	protein-coding		WP_000558210.1	117	IUJ38_RS16155
NZ_CP064385.1	3323038	3323895		minus	YjeJ family protein		0	protein-coding		WP_001229227.1	285	IUJ38_RS16160
NZ_CP064385.1	3324177	3325205		minus	EF-P beta-lysylation protein EpmB	epmB	0	protein-coding		WP_000940484.1	342	IUJ38_RS16165
NZ_CP064385.1	3325246	3325812		plus	elongation factor P	efp	0	protein-coding		WP_000257282.1	188	IUJ38_RS16170
NZ_CP064385.1	3325873	3326007		plus	entericidin A/B family lipoprotein		0	protein-coding		WP_000977687.1	44	IUJ38_RS16175
NZ_CP064385.1	3326115	3326261		plus	lipoprotein toxin entericidin B	ecnB	0	protein-coding		WP_000239598.1	48	IUJ38_RS16180
NZ_CP064385.1	3326292	3326879		minus	helix-turn-helix transcriptional regulator		0	protein-coding		WP_000912957.1	195	IUJ38_RS16185
NZ_CP064385.1	3327136	3327453		plus	quaternary ammonium compound efflux SMR transporter SugE	sugE	0	protein-coding		WP_000118469.1	105	IUJ38_RS16190
NZ_CP064385.1	3327470	3328003		minus	lipocalin family protein		0	protein-coding		WP_001238396.1	177	IUJ38_RS16195
NZ_CP064385.1	3328115	3328474		minus	fumarate reductase subunit FrdD	frdD	0	protein-coding		WP_000609650.1	119	IUJ38_RS16200
NZ_CP064385.1	3328485	3328880		minus	fumarate reductase subunit FrdC	frdC	0	protein-coding		WP_000208749.1	131	IUJ38_RS16205
NZ_CP064385.1	3328891	3329625		minus	fumarate reductase iron-sulfur protein	frdB	0	protein-coding		WP_000829509.1	244	IUJ38_RS16210
NZ_CP064385.1	3329618	3331408		minus	fumarate reductase (quinol) flavoprotein subunit	frdA	0	protein-coding		WP_001192954.1	596	IUJ38_RS16215
NZ_CP064385.1	3331731	3332708		plus	elongation factor P--(R)-beta-lysine ligase	epmA	0	protein-coding		WP_000004794.1	325	IUJ38_RS16220
NZ_CP064385.1	3332934	3334436		plus	glutamate/gamma-aminobutyrate family transporter YjeM	yjeM	0	protein-coding		WP_000149876.1	500	IUJ38_RS16225
NZ_CP064385.1	3334488	3334802		plus	YjeO family protein		0	protein-coding		WP_000074657.1	104	IUJ38_RS16230
NZ_CP064385.1	3334869	3338195		minus	miniconductance mechanosensitive channel MscM	mscM	0	protein-coding		WP_001236755.1	1108	IUJ38_RS16235
NZ_CP064385.1	3338214	3339182		minus	archaetidylserine decarboxylase	asd	0	protein-coding		WP_000934949.1	322	IUJ38_RS16240
NZ_CP064385.1	3339274	3340326		minus	small ribosomal subunit biogenesis GTPase RsgA	rsgA	0	protein-coding		WP_000041945.1	350	IUJ38_RS16245
NZ_CP064385.1	3340433	3340978		plus	oligoribonuclease	orn	0	protein-coding		WP_001271546.1	181	IUJ38_RS16250
NZ_CP064385.1	3341040	3341780		minus	arginine ABC transporter substrate-binding protein		0	protein-coding		WP_000727896.1	246	IUJ38_RS16255
NZ_CP064385.1	3342056	3342131		plus	tRNA-Gly		0	tRNA				IUJ38_RS16260
NZ_CP064385.1	3342288	3342363		plus	tRNA-Gly		0	tRNA				IUJ38_RS16265
NZ_CP064385.1	3342520	3342595		plus	tRNA-Gly		0	tRNA				IUJ38_RS16270
NZ_CP064385.1	3342865	3344004		minus	tRNA epoxyqueuosine(34) reductase QueG	queG	0	protein-coding		WP_001670426.1	379	IUJ38_RS16275
NZ_CP064385.1	3344003	3345550		plus	bifunctional ADP-dependent NAD(P)H-hydrate dehydratase/NAD(P)H-hydrate epimerase	nnr	0	protein-coding		WP_000968675.1	515	IUJ38_RS16280
NZ_CP064385.1	3345522	3345983		plus	tRNA (adenosine(37)-N6)-threonylcarbamoyltransferase complex ATPase subunit type 1 TsaE	tsaE	0	protein-coding		WP_000981983.1	153	IUJ38_RS16285
NZ_CP064385.1	3346000	3347319		plus	N-acetylmuramoyl-L-alanine amidase AmiB	amiB	0	protein-coding		WP_000640362.1	439	IUJ38_RS16290
NZ_CP064385.1	3347329	3349185		plus	DNA mismatch repair endonuclease MutL	mutL	0	protein-coding		WP_001122538.1	618	IUJ38_RS16295
NZ_CP064385.1	3349178	3350128		plus	tRNA (adenosine(37)-N6)-dimethylallyltransferase MiaA	miaA	0	protein-coding		WP_001000734.1	316	IUJ38_RS16300
NZ_CP064385.1	3350211	3350519		plus	RNA chaperone Hfq	hfq	0	protein-coding		WP_001051875.1	102	IUJ38_RS16305
NZ_CP064385.1	3350591	3351871		plus	ribosome rescue GTPase HflX	hflX	0	protein-coding		WP_000460338.1	426	IUJ38_RS16310
NZ_CP064385.1	3352086	3353345		plus	FtsH protease activity modulator HflK	hflK	0	protein-coding		WP_000312505.1	419	IUJ38_RS16315
NZ_CP064385.1	3353348	3354352		plus	protease modulator HflC	hflC	0	protein-coding		WP_001232417.1	334	IUJ38_RS16320
NZ_CP064385.1	3354431	3354628		plus	DUF2065 domain-containing protein		0	protein-coding		WP_001089290.1	65	IUJ38_RS16325
NZ_CP064385.1	3354731	3356029		plus	adenylosuccinate synthase	purA	0	protein-coding		WP_000527972.1	432	IUJ38_RS16330
NZ_CP064385.1	3356236	3356661		plus	nitric oxide-sensing transcriptional repressor NsrR	nsrR	0	protein-coding		WP_001177632.1	141	IUJ38_RS16335
NZ_CP064385.1	3356699	3359137		plus	ribonuclease R	rnr	0	protein-coding		WP_000076357.1	812	IUJ38_RS16340
NZ_CP064385.1	3359228	3359959		plus	23S rRNA (guanosine(2251)-2'-O)-methyltransferase RlmB	rlmB	0	protein-coding		WP_001293274.1	243	IUJ38_RS16345
NZ_CP064385.1	3360091	3360495		plus	YjfI family protein		0	protein-coding		WP_000312604.1	134	IUJ38_RS16350
NZ_CP064385.1	3360510	3361208		plus	PspA/IM30 family protein		0	protein-coding		WP_000511982.1	232	IUJ38_RS16355
NZ_CP064385.1	3361208	3362278		plus	potassium channel family protein		0	protein-coding		WP_000899675.1	356	IUJ38_RS16360
NZ_CP064385.1	3362251	3362934		plus	YjfK family protein		0	protein-coding		WP_000090290.1	227	IUJ38_RS16365
NZ_CP064385.1	3362952	3363350		plus	DUF350 domain-containing protein		0	protein-coding		WP_000547737.1	132	IUJ38_RS16370
NZ_CP064385.1	3363360	3363998		plus	DUF1190 domain-containing protein		0	protein-coding		WP_001085592.1	212	IUJ38_RS16375
NZ_CP064385.1	3364001	3365164		plus	glutathionylspermidine synthase family protein		0	protein-coding		WP_000943932.1	387	IUJ38_RS16380
NZ_CP064385.1	3365249	3366871		plus	isovaleryl-CoA dehydrogenase		0	protein-coding		WP_000118960.1	540	IUJ38_RS16385
NZ_CP064385.1	3366916	3367191		minus	DUF1471 family protease activator YjfN	yjfN	0	protein-coding		WP_001518964.1	91	IUJ38_RS16390
NZ_CP064385.1	3367322	3367651		minus	biofilm peroxide resistance protein BsmA	bsmA	0	protein-coding		WP_000586836.1	109	IUJ38_RS16395
NZ_CP064385.1	3367835	3368584		plus	esterase	yjfP	0	protein-coding		WP_000560303.1	249	IUJ38_RS16400
NZ_CP064385.1	3368581	3369336		minus	HTH-type transcriptional regulator UlaR	ulaR	0	protein-coding		WP_000133618.1	251	IUJ38_RS16405
NZ_CP064385.1	3369441	3370505		minus	L-ascorbate 6-phosphate lactonase	ulaG	0	protein-coding		WP_000049161.1	354	IUJ38_RS16410
NZ_CP064385.1	3370868	3372265		plus	PTS ascorbate transporter subunit IIC	ulaA	0	protein-coding		WP_000404873.1	465	IUJ38_RS16415
NZ_CP064385.1	3372281	3372586		plus	PTS ascorbate transporter subunit IIB	ulaB	0	protein-coding		WP_000218358.1	101	IUJ38_RS16420
NZ_CP064385.1	3372596	3373060		plus	PTS ascorbate transporter subunit IIA	ulaC	0	protein-coding		WP_000776531.1	154	IUJ38_RS16425
NZ_CP064385.1	3373074	3373724		plus	3-keto-L-gulonate-6-phosphate decarboxylase UlaD	ulaD	0	protein-coding		WP_000056761.1	216	IUJ38_RS16430
NZ_CP064385.1	3373734	3374588		plus	L-ribulose-5-phosphate 3-epimerase UlaE	ulaE	0	protein-coding		WP_000949525.1	284	IUJ38_RS16435
NZ_CP064385.1	3374588	3375274		plus	L-ribulose-5-phosphate 4-epimerase		0	protein-coding		WP_001170771.1	228	IUJ38_RS16440
NZ_CP064385.1	3375403	3375678		minus	DUF1471 family protein YjfY	yjfY	0	protein-coding		WP_001521305.1	91	IUJ38_RS16445
NZ_CP064385.1	3375872	3376078		plus	hypothetical protein		0	protein-coding		WP_001541376.1	68	IUJ38_RS16450
NZ_CP064385.1	3376149	3376544		plus	30S ribosomal protein S6	rpsF	0	protein-coding		WP_001216673.1	131	IUJ38_RS16455
NZ_CP064385.1	3376551	3376865		plus	primosomal replication protein N	priB	0	protein-coding		WP_001519453.1	104	IUJ38_RS16460
NZ_CP064385.1	3376870	3377097		plus	30S ribosomal protein S18	rpsR	0	protein-coding		WP_000135199.1	75	IUJ38_RS16465
NZ_CP064385.1	3377139	3377588		plus	50S ribosomal protein L9	rplI	0	protein-coding		WP_001196059.1	149	IUJ38_RS16470
NZ_CP064385.1	3377736	3378662		plus	DMT family transporter		0	protein-coding		WP_000381075.1	308	IUJ38_RS16475
NZ_CP064385.1	3378712	3379347		minus	OapA family protein		0	protein-coding		WP_001119448.1	211	IUJ38_RS16480
NZ_CP064385.1	3379567	3380187		plus	BamJ family beta-barrel-assembly machinery protein	fklB	0	protein-coding		WP_000235161.1	206	IUJ38_RS16485
NZ_CP064385.1	3380483	3381892		plus	D-serine/D-alanine/glycine transporter	cycA	0	protein-coding		WP_000228322.1	469	IUJ38_RS16490
NZ_CP064385.1	3382004	3382666		minus	iron-sulfur cluster repair protein YtfE	ytfE	0	protein-coding		WP_000331468.1	220	IUJ38_RS16495
NZ_CP064385.1	3382769	3383734		minus	DMT family transporter		0	protein-coding		WP_000623290.1	321	IUJ38_RS16500
NZ_CP064385.1	3383815	3384663		minus	SDR family oxidoreductase		0	protein-coding		WP_000560616.1	282	IUJ38_RS16505
NZ_CP064385.1	3384751	3385137		plus	winged helix-turn-helix transcriptional regulator		0	protein-coding		WP_001201297.1	128	IUJ38_RS16510
NZ_CP064385.1	3385195	3387138		minus	bifunctional 2',3'-cyclic-nucleotide 2'-phosphodiesterase/3'-nucleotidase		0	protein-coding		WP_000589395.1	647	IUJ38_RS16515
NZ_CP064385.1	3387406	3388146		plus	3'(2'),5'-bisphosphate nucleotidase CysQ	cysQ	0	protein-coding		WP_000893398.1	246	IUJ38_RS16520
NZ_CP064385.1	3388136	3388693		minus	YtfJ family protein		0	protein-coding		WP_000175305.1	185	IUJ38_RS16525
NZ_CP064385.1	3389020	3389226		plus	DUF1107 domain-containing protein		0	protein-coding		WP_000689229.1	68	IUJ38_RS16530
NZ_CP064385.1	3389311	3390654		minus	polyamine export protein PaeA		0	protein-coding		WP_000934974.1	447	IUJ38_RS16535
NZ_CP064385.1	3390837	3391475		minus	peptide-methionine (S)-S-oxide reductase MsrA	msrA	0	protein-coding		WP_000051472.1	212	IUJ38_RS16540
NZ_CP064385.1	3391688	3393421		plus	autotransporter assembly complex protein TamA	tamA	0	protein-coding		WP_001120231.1	577	IUJ38_RS16545
NZ_CP064385.1	3393418	3397197		plus	autotransporter assembly complex protein TamB	tamB	0	protein-coding		WP_000060815.1	1259	IUJ38_RS16550
NZ_CP064385.1	3397200	3397544		plus	gamma-glutamylcyclotransferase family protein		0	protein-coding		WP_001219167.1	114	IUJ38_RS16555
NZ_CP064385.1	3397598	3398806		minus	MFS transporter		0	protein-coding		WP_000203131.1	402	IUJ38_RS16560
NZ_CP064385.1	3398803	3399966		minus	metallo-dependent hydrolase		0	protein-coding		WP_000977204.1	387	IUJ38_RS16565
NZ_CP064385.1	3400376	3400906		minus	inorganic diphosphatase	ppa	0	protein-coding		WP_000055079.1	176	IUJ38_RS16570
NZ_CP064385.1	3401133	3402131		minus	class 1 fructose-bisphosphatase	fbp	0	protein-coding		WP_000853764.1	332	IUJ38_RS16575
NZ_CP064385.1	3402306	3403685		plus	UDP-N-acetylmuramate:L-alanyl-gamma-D-glutamyl-meso-diaminopimelate ligase	mpl	0	protein-coding		WP_001219833.1	459	IUJ38_RS16580
NZ_CP064385.1	3404176	3405009		plus	myo-inositol utilization transcriptional regulator IolR	iolR	0	protein-coding		WP_000033840.1	277	IUJ38_RS16585
NZ_CP064385.1	3405060	3406493		minus	myo-inositol import MFS transporter IolT1	iolT1	0	protein-coding		WP_000107709.1	477	IUJ38_RS16590
NZ_CP064385.1	3406952	3408388		plus	myo-inositol import MFS transporter IolT2	iolT2	0	protein-coding		WP_000083110.1	478	IUJ38_RS16595
NZ_CP064385.1	3408741	3409550		minus	5-deoxy-glucuronate isomerase	iolB	0	protein-coding		WP_000002010.1	269	IUJ38_RS16600
NZ_CP064385.1	3409575	3411080		minus	malonate-semialdehyde dehydrogenase IolA	iolA	0	protein-coding		WP_000450731.1	501	IUJ38_RS16605
NZ_CP064385.1	3411096	3411398		minus	hypothetical protein		0	protein-coding		WP_014343939.1	100	IUJ38_RS16610
NZ_CP064385.1	3411521	3412345		plus	myo-inositol utilization transcriptional regulator ReiD	reiD	0	protein-coding		WP_000332219.1	274	IUJ38_RS16615
NZ_CP064385.1	3412605	3413525		plus	myo-inosose-2 dehydratase	iolE	0	protein-coding		WP_012601329.1	306	IUJ38_RS16620
NZ_CP064385.1	3413544	3414554		plus	inositol 2-dehydrogenase IolG1	iolG1	0	protein-coding		WP_000172704.1	336	IUJ38_RS16625
NZ_CP064385.1	3414651	3415994		plus	lysosomal glucosyl ceramidase-like type III secretion effector SrfJ	srfJ	0	protein-coding		WP_000678386.1	447	IUJ38_RS16630
NZ_CP064385.1	3415995	3416828		plus	2-keto-myo-inositol isomerase IolI1	iolI1	0	protein-coding		WP_000976924.1	277	IUJ38_RS16635
NZ_CP064385.1	3416825	3417991		minus	MFS transporter		0	protein-coding		WP_001111174.1	388	IUJ38_RS16640
NZ_CP064385.1	3418052	3419989		minus	bifunctional 5-dehydro-2-deoxygluconokinase/5-dehydro-2-deoxyphosphogluconate aldolase		0	protein-coding		WP_014343940.1	645	IUJ38_RS16645
NZ_CP064385.1	3420406	3422346		plus	3D-(3,5/4)-trihydroxycyclohexane-1,2-dione acylhydrolase (decyclizing)	iolD	0	protein-coding		WP_000849477.1	646	IUJ38_RS16650
NZ_CP064385.1	3422527	3423549		plus	D-chiro-inositol-2-dehydrogenase IolG2	iolG2	0	protein-coding		WP_000736098.1	340	IUJ38_RS16655
NZ_CP064385.1	3423622	3424848		plus	MFS transporter		0	protein-coding		WP_000661783.1	408	IUJ38_RS16660
NZ_CP064385.1	3425009	3425824		plus	2-keto-myo-inositol isomerase IolI2	iolI2	0	protein-coding		WP_001019386.1	271	IUJ38_RS16665
NZ_CP064385.1	3425877	3426761		plus	sugar phosphate isomerase/epimerase IolH	iolH	0	protein-coding		WP_000683955.1	294	IUJ38_RS16670
NZ_CP064385.1	3426817	3427368		minus	ribosome biogenesis factor YjgA	yjgA	0	protein-coding		WP_000166287.1	183	IUJ38_RS16675
NZ_CP064385.1	3427464	3428816		plus	metalloprotease PmbA	pmbA	0	protein-coding		WP_000852994.1	450	IUJ38_RS16680
NZ_CP064385.1	3428915	3429301		plus	cytochrome b562	cybC	0	protein-coding		WP_001232231.1	128	IUJ38_RS16685
NZ_CP064385.1	3429579	3429917		plus	glycine dehydrogenase		0	protein-coding		WP_001255103.1	112	IUJ38_RS16690
NZ_CP064385.1	3429928	3430290		plus	SFCGS family glycine-rich protein		0	protein-coding		WP_000435389.1	120	IUJ38_RS16695
NZ_CP064385.1	3430290	3430592		plus	DUF4312 family protein		0	protein-coding		WP_000975187.1	100	IUJ38_RS16700
NZ_CP064385.1	3430615	3431391		plus	DUF4311 domain-containing protein		0	protein-coding		WP_000478578.1	258	IUJ38_RS16705
NZ_CP064385.1	3431403	3432047		plus	DUF4310 family protein		0	protein-coding		WP_000392128.1	214	IUJ38_RS16710
NZ_CP064385.1	3432106	3433239		plus	amidohydrolase/deacetylase family metallohydrolase		0	protein-coding		WP_000459930.1	377	IUJ38_RS16715
NZ_CP064385.1	3433223	3434341		plus	DgaE family pyridoxal phosphate-dependent ammonia lyase		0	protein-coding		WP_001139182.1	372	IUJ38_RS16720
NZ_CP064385.1	3434338	3435078		plus	2-dehydro-3-deoxy-phosphogluconate aldolase	dagF	0	protein-coding		WP_000779263.1	246	IUJ38_RS16725
NZ_CP064385.1	3435095	3437008		plus	BglG family transcription antiterminator		0	protein-coding		WP_001212137.1	637	IUJ38_RS16730
NZ_CP064385.1	3437086	3437328		plus	type II toxin-antitoxin system RelB/DinJ family antitoxin		0	protein-coding		WP_000212724.1	80	IUJ38_RS16735
NZ_CP064385.1	3437318	3437602		plus	type II toxin-antitoxin system RelE family toxin		0	protein-coding		WP_000220578.1	94	IUJ38_RS16740
NZ_CP064385.1	3437606	3438070		minus	anaerobic ribonucleoside-triphosphate reductase-activating protein	nrdG	0	protein-coding		WP_001268859.1	154	IUJ38_RS16745
NZ_CP064385.1	3438191	3440329		minus	anaerobic ribonucleoside-triphosphate reductase	nrdD	0	protein-coding		WP_000187818.1	712	IUJ38_RS16750
NZ_CP064385.1	3440738	3442390		minus	alpha,alpha-phosphotrehalase	treC	0	protein-coding		WP_000155057.1	550	IUJ38_RS16755
NZ_CP064385.1	3442440	3443858		minus	PTS trehalose transporter subunit IIBC	treB	0	protein-coding		WP_000048817.1	472	IUJ38_RS16760
NZ_CP064385.1	3443996	3444943		minus	trehalose operon repressor TreR	treR	0	protein-coding		WP_001181297.1	315	IUJ38_RS16765
NZ_CP064385.1	3445133	3445186		plus	mgtA regulatory leader peptide MgtL	mgtL	0	protein-coding		WP_099374030.1	17	IUJ38_RS24350
NZ_CP064385.1	3445327	3448035		plus	magnesium-translocating P-type ATPase	mgtA	0	protein-coding		WP_001738655.1	902	IUJ38_RS16770
NZ_CP064385.1	3448151	3448597		minus	transposase		0	protein-coding		WP_000252550.1	148	IUJ38_RS16775
NZ_CP064385.1	3448672	3449058		minus	2-iminobutanoate/2-iminopropanoate deaminase	ridA	0	protein-coding		WP_000047544.1	128	IUJ38_RS16780
NZ_CP064385.1	3449135	3449596		minus	aspartate carbamoyltransferase regulatory subunit	pyrI	0	protein-coding		WP_000148570.1	153	IUJ38_RS16785
NZ_CP064385.1	3449609	3450544		minus	aspartate carbamoyltransferase	pyrB	0	protein-coding		WP_000013055.1	311	IUJ38_RS16790
NZ_CP064385.1	3450580	3450681		minus	pyr operon leader peptide	pyrL	0	protein-coding		WP_000249504.1	33	IUJ38_RS16795
NZ_CP064385.1	3450661	3450801		plus	hypothetical protein		0	protein-coding		WP_001541415.1	46	IUJ38_RS16800
NZ_CP064385.1	3450771	3451259		minus	arginine repressor		0	protein-coding		WP_000666051.1	162	IUJ38_RS16805
NZ_CP064385.1	3451446	3452849		minus	YfcC family protein		0	protein-coding		WP_000514425.1	467	IUJ38_RS16810
NZ_CP064385.1	3452905	3453909		minus	ornithine carbamoyltransferase	argF	0	protein-coding		WP_000237031.1	334	IUJ38_RS16815
NZ_CP064385.1	3454021	3454953		minus	carbamate kinase	arcC	0	protein-coding		WP_000428751.1	310	IUJ38_RS16820
NZ_CP064385.1	3454964	3456184		minus	arginine deiminase	arcA	0	protein-coding		WP_000410846.1	406	IUJ38_RS16825
NZ_CP064385.1	3456860	3457312		plus	YhcH/YjgK/YiaL family protein		0	protein-coding		WP_000583461.1	150	IUJ38_RS16830
NZ_CP064385.1	3457386	3458390		minus	ornithine carbamoyltransferase	argF	0	protein-coding		WP_000103041.1	334	IUJ38_RS16835
NZ_CP064385.1	3458360	3458539		minus	putative translational regulatory protein ArgL	argL	0	protein-coding		WP_370791389.1	59	IUJ38_RS24355
NZ_CP064385.1	3458556	3458972		plus	ribonuclease E inhibitor RraB	rraB	0	protein-coding		WP_000002940.1	138	IUJ38_RS16845
NZ_CP064385.1	3458984	3459796		plus	tRNA isopentenyl-2-thiomethyl-A-37 hydroxylase MiaE	miaE	0	protein-coding		WP_000218459.1	270	IUJ38_RS16850
NZ_CP064385.1	3460030	3460518		minus	DUF3617 domain-containing protein		0	protein-coding		WP_000826193.1	162	IUJ38_RS16855
NZ_CP064385.1	3460625	3461128		minus	GNAT family N-acetyltransferase		0	protein-coding		WP_001519079.1	167	IUJ38_RS16860
NZ_CP064385.1	3461323	3462510		plus	YjgN family protein		0	protein-coding		WP_001066984.1	395	IUJ38_RS16865
NZ_CP064385.1	3462652	3465507		minus	valine--tRNA ligase		0	protein-coding		WP_000416329.1	951	IUJ38_RS16870
NZ_CP064385.1	3465507	3465950		minus	DNA polymerase III subunit chi	holC	0	protein-coding		WP_001523689.1	147	IUJ38_RS16875
NZ_CP064385.1	3466087	3467598		minus	leucyl aminopeptidase	pepA	0	protein-coding		WP_000397158.1	503	IUJ38_RS16880
NZ_CP064385.1	3467879	3467929		plus	hypothetical protein		0	protein-coding		WP_212724070.1	16	IUJ38_RS16885
NZ_CP064385.1	3467993	3469093		plus	LPS export ABC transporter permease LptF	lptF	0	protein-coding		WP_000584130.1	366	IUJ38_RS16890
NZ_CP064385.1	3469093	3470175		plus	LPS export ABC transporter permease LptG	lptG	0	protein-coding		WP_001182242.1	360	IUJ38_RS16895
NZ_CP064385.1	3470370	3471368		minus	DNA-binding transcriptional regulator IdnR	idnR	0	protein-coding		WP_001244065.1	332	IUJ38_RS16900
NZ_CP064385.1	3471432	3472751		minus	gnt-II system L-idonate transporter	idnT	0	protein-coding		WP_001128356.1	439	IUJ38_RS16905
NZ_CP064385.1	3472813	3473577		minus	gluconate 5-dehydrogenase	idnO	0	protein-coding		WP_000998688.1	254	IUJ38_RS16910
NZ_CP064385.1	3473602	3474633		minus	L-idonate 5-dehydrogenase	idnD	0	protein-coding		WP_000453340.1	343	IUJ38_RS16915
NZ_CP064385.1	3474850	3475380		plus	gluconokinase	idnK	0	protein-coding		WP_000896756.1	176	IUJ38_RS16920
NZ_CP064385.1	3475408	3476427		minus	NADPH-dependent aldehyde reductase Ahr	ahr	0	protein-coding		WP_000152563.1	339	IUJ38_RS16925
NZ_CP064385.1	3476650	3476734		plus	tRNA-Leu		0	tRNA				IUJ38_RS16930
NZ_CP064385.1	3476953	3477240		plus	Arm DNA-binding domain-containing protein		0	protein-coding		WP_001687450.1	95	IUJ38_RS16935
NZ_CP064385.1	3477602	3481117		plus	AAA domain-containing protein		0	protein-coding		WP_000342544.1	1171	IUJ38_RS16940
NZ_CP064385.1	3481214	3482203		plus	restriction endonuclease		0	protein-coding		WP_010989099.1	329	IUJ38_RS16945
NZ_CP064385.1	3482316	3484400		minus	protease Lon-related BREX system protein BrxL	brxL	0	protein-coding		WP_001193068.1	694	IUJ38_RS16950
NZ_CP064385.1	3484411	3487008		minus	BREX-1 system phosphatase PglZ type A	pglZ	0	protein-coding		WP_001738657.1	865	IUJ38_RS16955
NZ_CP064385.1	3487011	3487832		minus	DUF4435 domain-containing protein		0	protein-coding		WP_010989100.1	273	IUJ38_RS16960
NZ_CP064385.1	3487810	3488901		minus	ATP-binding protein		0	protein-coding		WP_001526178.1	363	IUJ38_RS16965
NZ_CP064385.1	3488901	3492578		minus	BREX-1 system adenine-specific DNA-methyltransferase PglX	pglX	0	protein-coding		WP_001095591.1	1225	IUJ38_RS16970
NZ_CP064385.1	3492624	3496265		minus	BREX system P-loop protein BrxC	brxC	0	protein-coding		WP_001019652.1	1213	IUJ38_RS16975
NZ_CP064385.1	3496277	3496879		minus	BREX-1 system protein BrxB		0	protein-coding		WP_000566905.1	200	IUJ38_RS16980
NZ_CP064385.1	3496876	3497478		minus	BREX-1 system protein BrxA		0	protein-coding		WP_001740084.1	200	IUJ38_RS16985
NZ_CP064385.1	3497671	3497985		minus	hypothetical protein		0	protein-coding		WP_000233467.1	104	IUJ38_RS16990
NZ_CP064385.1	3498304	3499020		minus	YebC/PmpR family DNA-binding transcriptional regulator		0	protein-coding		WP_000532937.1	238	IUJ38_RS16995
NZ_CP064385.1	3499580	3501211		minus	class I SAM-dependent methyltransferase		0	protein-coding		WP_000979786.1	543	IUJ38_RS17000
NZ_CP064385.1	3501216	3501473		minus	YjhX family toxin		0	protein-coding		WP_001054380.1	85	IUJ38_RS17005
NZ_CP064385.1	3501962	3502570		plus	DUF1062 domain-containing protein		0	protein-coding		WP_000864857.1	202	IUJ38_RS17010
NZ_CP064385.1	3502822	3503817		plus	PDDEXK family nuclease		0	protein-coding		WP_001240360.1	331	IUJ38_RS17015
NZ_CP064385.1	3504093	3505004		plus	STM4504/CBY_0614 family protein		0	protein-coding		WP_000556777.1	303	IUJ38_RS17020
NZ_CP064385.1	3505209	3505670		plus	DUF302 domain-containing protein		0	protein-coding		WP_001654330.1	153	IUJ38_RS17025
NZ_CP064385.1	3505667	3506341		minus	dienelactone hydrolase family protein		0	protein-coding		WP_000588691.1	224	IUJ38_RS17030
NZ_CP064385.1	3506691	3507464		plus	Uxu operon transcriptional regulator	uxuR	0	protein-coding		WP_000841654.1	257	IUJ38_RS17035
NZ_CP064385.1	3507465	3508478		minus	tryptophan--tRNA ligase	trpS	0	protein-coding		WP_001094622.1	337	IUJ38_RS17040
NZ_CP064385.1	3509196	3509726		plus	Hcp family type VI secretion system effector		0	protein-coding		WP_000907671.1	176	IUJ38_RS17045
NZ_CP064385.1	3509965	3510699		plus	cysteate racemase		0	protein-coding		WP_000683247.1	244	IUJ38_RS17050
NZ_CP064385.1	3510705	3511613		minus	hypochlorite stress DNA-binding transcriptional regulator HypT	hypT	0	protein-coding		WP_000383509.1	302	IUJ38_RS17055
NZ_CP064385.1	3511732	3512904		minus	beta-aspartyl-peptidase	iadA	0	protein-coding		WP_001113069.1	390	IUJ38_RS17060
NZ_CP064385.1	3512917	3513378		minus	YjiG family protein		0	protein-coding		WP_000211979.1	153	IUJ38_RS17065
NZ_CP064385.1	3513375	3514046		minus	nucleoside recognition domain-containing protein		0	protein-coding		WP_000068750.1	223	IUJ38_RS17070
NZ_CP064385.1	3514919	3516103		minus	MFS transporter		0	protein-coding		WP_000233260.1	394	IUJ38_RS17075
NZ_CP064385.1	3516323	3517594		minus	DUF445 domain-containing protein		0	protein-coding		WP_001033021.1	423	IUJ38_RS17080
NZ_CP064385.1	3517681	3518922		minus	multidrug efflux MFS transporter MdtM	mdtM	0	protein-coding		WP_001188918.1	413	IUJ38_RS17085
NZ_CP064385.1	3519401	3519526		plus	uncharacterized gene		0	pseudogene				IUJ38_RS17090
NZ_CP064385.1	3520097	3521467		plus	NAD-dependent succinate-semialdehyde dehydrogenase		0	protein-coding		WP_000331411.1	456	IUJ38_RS17095
NZ_CP064385.1	3521562	3521705		minus	hypothetical protein		0	protein-coding		WP_001595639.1	47	IUJ38_RS17100
NZ_CP064385.1	3521672	3521836		plus	DUF1127 domain-containing protein YjiS	yjiS	0	protein-coding		WP_000397917.1	54	IUJ38_RS17105
NZ_CP064385.1	3521911	3522612		minus	membrane protein		0	protein-coding		WP_001237609.1	233	IUJ38_RS17110
NZ_CP064385.1	3522686	3523018		minus	endoribonuclease SymE	symE	0	protein-coding		WP_001520547.1	110	IUJ38_RS17115
NZ_CP064385.1	3523245	3524654		minus	restriction endonuclease subunit S		0	protein-coding		WP_000014001.1	469	IUJ38_RS17120
NZ_CP064385.1	3524651	3526240		minus	type I restriction-modification system methyltransferase	hsdM	0	protein-coding		WP_001063190.1	529	IUJ38_RS17125
NZ_CP064385.1	3526398	3529907		minus	type I restriction-modification system endonuclease	hsdR	0	protein-coding		WP_001043485.1	1169	IUJ38_RS17130
NZ_CP064385.1	3530105	3531019		plus	restriction endonuclease		0	protein-coding		WP_000290512.1	304	IUJ38_RS17135
NZ_CP064385.1	3531288	3531575		plus	BrnT family toxin		0	protein-coding		WP_001131963.1	95	IUJ38_RS17140
NZ_CP064385.1	3531562	3531864		plus	BrnA antitoxin family protein		0	protein-coding		WP_000063142.1	100	IUJ38_RS17145
NZ_CP064385.1	3531939	3532895		minus	GTPase	yjiA	0	protein-coding		WP_000187839.1	318	IUJ38_RS17150
NZ_CP064385.1	3532906	3533109		minus	YbdD/YjiX family protein		0	protein-coding		WP_000460616.1	67	IUJ38_RS17155
NZ_CP064385.1	3533204	3535354		minus	pyruvate/proton symporter BtsT	btsT	0	protein-coding		WP_000379927.1	716	IUJ38_RS17160
NZ_CP064385.1	3535721	3537382		plus	methyl-accepting chemotaxis protein	tsr	0	protein-coding		WP_000919519.1	553	IUJ38_RS17165
NZ_CP064385.1	3537495	3537569		minus	uncharacterized gene		0	pseudogene				IUJ38_RS24360
NZ_CP064385.1	3537706	3540471		plus	sigma-54-dependent transcriptional regulator		0	protein-coding		WP_001224211.1	921	IUJ38_RS17170
NZ_CP064385.1	3540573	3540995		plus	PTS sugar transporter subunit IIA		0	protein-coding		WP_000820693.1	140	IUJ38_RS17175
NZ_CP064385.1	3541010	3541471		plus	PTS sugar transporter subunit IIB		0	protein-coding		WP_000634729.1	153	IUJ38_RS17180
NZ_CP064385.1	3541497	3542276		plus	PTS mannose/fructose/sorbose/N-acetylgalactosamine transporter subunit IIC		0	protein-coding		WP_000228865.1	259	IUJ38_RS17185
NZ_CP064385.1	3542254	3543102		plus	PTS system mannose/fructose/sorbose family transporter subunit IID		0	protein-coding		WP_000178065.1	282	IUJ38_RS17190
NZ_CP064385.1	3543115	3544176		plus	SIS domain-containing protein		0	protein-coding		WP_000075429.1	353	IUJ38_RS17195
NZ_CP064385.1	3544194	3545204		plus	SIS domain-containing protein		0	protein-coding		WP_000900307.1	336	IUJ38_RS17200
NZ_CP064385.1	3545338	3547629		minus	phosphatidylglycerol--membrane-oligosaccharide glycerophosphotransferase	opgB	0	protein-coding		WP_001292726.1	763	IUJ38_RS17205
NZ_CP064385.1	3547912	3548373		minus	YjjA family protein		0	protein-coding		WP_001090314.1	153	IUJ38_RS17210
NZ_CP064385.1	3548431	3549168		minus	replicative helicase loader DnaC	dnaC	0	protein-coding		WP_000799924.1	245	IUJ38_RS17215
NZ_CP064385.1	3549171	3549710		minus	primosomal protein DnaT	dnaT	0	protein-coding		WP_000098578.1	179	IUJ38_RS17220
NZ_CP064385.1	3549803	3550276		minus	threonine/serine exporter		0	protein-coding		WP_000511329.1	157	IUJ38_RS17225
NZ_CP064385.1	3550267	3551043		minus	threonine/serine exporter family protein		0	protein-coding		WP_001674846.1	258	IUJ38_RS17230
NZ_CP064385.1	3551756	3552481		plus	response regulator transcription factor		0	protein-coding		WP_000936657.1	241	IUJ38_RS17235
NZ_CP064385.1	3552442	3553116		plus	DNA-binding transcriptional activator BglJ	bglJ	0	protein-coding		WP_000431550.1	224	IUJ38_RS17240
NZ_CP064385.1	3553167	3553625		minus	YbaK/EbsC family protein		0	protein-coding		WP_000058276.1	152	IUJ38_RS17245
NZ_CP064385.1	3553776	3554564		minus	siderophore-iron reductase FhuF	fhuF	0	protein-coding		WP_000331539.1	262	IUJ38_RS17250
NZ_CP064385.1	3554685	3555749		minus	GGDEF domain-containing protein		0	protein-coding		WP_000211214.1	354	IUJ38_RS17255
NZ_CP064385.1	3556000	3556236		plus	DUF1435 domain-containing protein		0	protein-coding		WP_000941876.1	78	IUJ38_RS17260
NZ_CP064385.1	3556268	3556354		minus	tRNA-Leu		0	tRNA				IUJ38_RS17265
NZ_CP064385.1	3556386	3556472		minus	tRNA-Leu		0	tRNA				IUJ38_RS17270
NZ_CP064385.1	3556500	3556586		minus	tRNA-Leu		0	tRNA				IUJ38_RS17275
NZ_CP064385.1	3556777	3557805		minus	16S rRNA (guanine(1207)-N(2))-methyltransferase RsmC	rsmC	0	protein-coding		WP_001272276.1	342	IUJ38_RS17280
NZ_CP064385.1	3557908	3558345		plus	DNA polymerase III subunit psi		0	protein-coding		WP_000203998.1	145	IUJ38_RS17285
NZ_CP064385.1	3558290	3558736		plus	ribosomal protein S18-alanine N-acetyltransferase	rimI	0	protein-coding		WP_001092436.1	148	IUJ38_RS17290
NZ_CP064385.1	3558758	3559435		plus	pyrimidine 5'-nucleotidase	yjjG	0	protein-coding		WP_000870686.1	225	IUJ38_RS17295
NZ_CP064385.1	3559527	3561116		plus	peptide chain release factor 3	prfC	0	protein-coding		WP_000175965.1	529	IUJ38_RS17300
NZ_CP064385.1	3561518	3562135		plus	molecular chaperone OsmY	osmY	0	protein-coding		WP_000178963.1	205	IUJ38_RS17305
NZ_CP064385.1	3562264	3562425		plus	DUF1328 domain-containing protein		0	protein-coding		WP_000490276.1	53	IUJ38_RS17310
NZ_CP064385.1	3562549	3563622		plus	patatin-like phospholipase family protein		0	protein-coding		WP_000531533.1	357	IUJ38_RS17315
NZ_CP064385.1	3563619	3564392		plus	metal-dependent hydrolase		0	protein-coding		WP_000119016.1	257	IUJ38_RS17320
NZ_CP064385.1	3564425	3565288		minus	YjjW family glycine radical enzyme activase		0	protein-coding		WP_001064938.1	287	IUJ38_RS17325
NZ_CP064385.1	3565260	3566810		minus	YjjI family glycine radical enzyme		0	protein-coding		WP_001111691.1	516	IUJ38_RS17330
NZ_CP064385.1	3567070	3567849		plus	deoxyribose-phosphate aldolase	deoC	0	protein-coding		WP_001519713.1	259	IUJ38_RS17335
NZ_CP064385.1	3567973	3569295		plus	thymidine phosphorylase	deoA	0	protein-coding		WP_000477838.1	440	IUJ38_RS17340
NZ_CP064385.1	3569347	3570570		plus	phosphopentomutase	deoB	0	protein-coding		WP_000816454.1	407	IUJ38_RS17345
NZ_CP064385.1	3570780	3571499		plus	purine-nucleoside phosphorylase	deoD	0	protein-coding		WP_000224870.1	239	IUJ38_RS17350
NZ_CP064385.1	3571537	3572109		minus	outer membrane protein		0	protein-coding		WP_000841604.1	190	IUJ38_RS17355
NZ_CP064385.1	3572106	3574514		minus	StjB fimbria biogenesis outer membrane usher protein StjB		0	protein-coding		WP_000876250.1	802	IUJ38_RS17360
NZ_CP064385.1	3574528	3575235		minus	fimbrial biogenesis chaperone StjC	stjC	0	protein-coding		WP_001112032.1	235	IUJ38_RS17365
NZ_CP064385.1	3575313	3576002		minus	DUF1120 domain-containing protein		0	protein-coding		WP_000722276.1	229	IUJ38_RS17370
NZ_CP064385.1	3576050	3576739		minus	DUF1120 domain-containing protein		0	protein-coding		WP_000734706.1	229	IUJ38_RS17375
NZ_CP064385.1	3577052	3578068		minus	lipoate--protein ligase	lplA	0	protein-coding		WP_000209756.1	338	IUJ38_RS17380
NZ_CP064385.1	3578102	3578746		minus	YtjB family periplasmic protein		0	protein-coding		WP_000090067.1	214	IUJ38_RS17385
NZ_CP064385.1	3578863	3579831		plus	phosphoserine phosphatase	serB	0	protein-coding		WP_001132983.1	322	IUJ38_RS17390
NZ_CP064385.1	3579915	3581297		plus	DNA repair protein RadA	radA	0	protein-coding		WP_001029709.1	460	IUJ38_RS17395
NZ_CP064385.1	3581448	3582680		plus	multifunctional transcriptional regulator/nicotinamide-nucleotide adenylyltransferase/ribosylnicotinamide kinase NadR	nadR	0	protein-coding		WP_000093829.1	410	IUJ38_RS17400
NZ_CP064385.1	3582798	3584465		minus	energy-dependent translational throttle protein EttA	ettA	0	protein-coding		WP_000046770.1	555	IUJ38_RS17405
NZ_CP064385.1	3584641	3586611		plus	murein transglycosylase	sltY	0	protein-coding		WP_194242290.1	656	IUJ38_RS17410
NZ_CP064385.1	3586669	3586995		plus	trp operon repressor	trpR	0	protein-coding		WP_000192003.1	108	IUJ38_RS17415
NZ_CP064385.1	3587097	3587612		minus	inosine/xanthosine triphosphatase	yjjX	0	protein-coding		WP_000554311.1	171	IUJ38_RS17420
NZ_CP064385.1	3587661	3588308		plus	2,3-diphosphoglycerate-dependent phosphoglycerate mutase GpmB	gpmB	0	protein-coding		WP_000942363.1	215	IUJ38_RS17425
NZ_CP064385.1	3588305	3589174		minus	MDR efflux pump AcrAB transcriptional activator RobA	robA	0	protein-coding		WP_000371685.1	289	IUJ38_RS17430
NZ_CP064385.1	3589386	3589859		plus	protein CreA	creA	0	protein-coding		WP_000875811.1	157	IUJ38_RS17435
NZ_CP064385.1	3589872	3590561		plus	two-component system response regulator CreB	creB	0	protein-coding		WP_001187047.1	229	IUJ38_RS17440
NZ_CP064385.1	3590561	3591985		plus	two-component system sensor histidine kinase CreC	creC	0	protein-coding		WP_001219514.1	474	IUJ38_RS17445
NZ_CP064385.1	3592043	3593392		plus	cell envelope integrity protein CreD	creD	0	protein-coding		WP_000920374.1	449	IUJ38_RS17450
NZ_CP064385.1	3593450	3594535		minus	fimbrial major subunit SthE	sthE	0	protein-coding		WP_001253768.1	361	IUJ38_RS17455
NZ_CP064385.1	3594576	3595133		minus	fimbrial protein		0	protein-coding		WP_001056986.1	185	IUJ38_RS17460
NZ_CP064385.1	3595151	3597688		minus	fimbrial outer membrane usher protein		0	protein-coding		WP_001160712.1	845	IUJ38_RS17465
NZ_CP064385.1	3597734	3598417		minus	fimbrial biogenesis chaperone SthA	sthA	0	protein-coding		WP_000680512.1	227	IUJ38_RS17470
NZ_CP064385.1	3598488	3599033		minus	fimbrial protein		0	protein-coding		WP_000482239.1	181	IUJ38_RS17475
NZ_CP064385.1	3599372	3600043		minus	winged helix-turn-helix transcriptional regulator		0	protein-coding		WP_000811635.1	223	IUJ38_RS17480
NZ_CP064385.1	3600428	3600742		minus	YmdA family protein		0	protein-coding		WP_000749515.1	104	IUJ38_RS17485
NZ_CP064385.1	3601009	3601725		minus	two-component system response regulator ArcA	arcA	0	protein-coding		WP_001194359.1	238	IUJ38_RS17490
NZ_CP064385.1	3601821	3601961		plus	YjjY family protein	yjjY	0	protein-coding		WP_001541509.1	46	IUJ38_RS17495
NZ_CP064385.1	3602361	3603047		plus	tRNA/rRNA methyltransferase		0	protein-coding		WP_001266765.1	228	IUJ38_RS17500
NZ_CP064385.1	3603261	3603326		plus	thr operon leader peptide	thrL	0	protein-coding		WP_001575544.1	21	IUJ38_RS17505
NZ_CP064385.1	3603408	3605870		plus	bifunctional aspartate kinase/homoserine dehydrogenase I	thrA	0	protein-coding		WP_001264681.1	820	IUJ38_RS17510
NZ_CP064385.1	3605872	3606801		plus	homoserine kinase	thrB	0	protein-coding		WP_000241685.1	309	IUJ38_RS17515
NZ_CP064385.1	3606805	3608091		plus	threonine synthase	thrC	0	protein-coding		WP_000781105.1	428	IUJ38_RS17520
NZ_CP064385.1	3608185	3608958		minus	peroxide stress protein YaaA	yaaA	0	protein-coding		WP_000906175.1	257	IUJ38_RS17525
NZ_CP064385.1	3609037	3610467		minus	alanine/glycine:cation symporter family protein		0	protein-coding		WP_001113820.1	476	IUJ38_RS17530
NZ_CP064385.1	3610736	3611689		plus	transaldolase	tal	0	protein-coding		WP_000130175.1	317	IUJ38_RS17535
NZ_CP064385.1	3611800	3612390		plus	molybdopterin adenylyltransferase	mog	0	protein-coding		WP_000380372.1	196	IUJ38_RS17540
NZ_CP064385.1	3612447	3613013		minus	acetate uptake transporter	satP	0	protein-coding		WP_000528527.1	188	IUJ38_RS17545
NZ_CP064385.1	3613163	3613876		minus	acidic protein MsyB	msyB	0	protein-coding		WP_001103477.1	237	IUJ38_RS17550
NZ_CP064385.1	3613912	3614316		minus	DUF2541 family protein		0	protein-coding		WP_001258094.1	134	IUJ38_RS17555
NZ_CP064385.1	3614664	3616580		plus	molecular chaperone DnaK	dnaK	0	protein-coding		WP_000516125.1	638	IUJ38_RS17560
NZ_CP064385.1	3616666	3617805		plus	molecular chaperone DnaJ	dnaJ	0	protein-coding		WP_001119009.1	379	IUJ38_RS17565
NZ_CP064385.1	3618085	3619032		plus	LysR family transcriptional regulator		0	protein-coding		WP_000534901.1	315	IUJ38_RS17570
NZ_CP064385.1	3619159	3619503		plus	phage holin family protein		0	protein-coding		WP_000026889.1	114	IUJ38_RS17575
NZ_CP064385.1	3619564	3620097		minus	glycoside hydrolase family 108 protein		0	protein-coding		WP_001068132.1	177	IUJ38_RS17580
NZ_CP064385.1	3620114	3620557		minus	winged helix-turn-helix domain-containing protein		0	protein-coding		WP_000860682.1	147	IUJ38_RS17585
NZ_CP064385.1	3620938	3623037		plus	glycoside hydrolase family 18 protein		0	protein-coding		WP_000235798.1	699	IUJ38_RS17590
NZ_CP064385.1	3623129	3626125		plus	chitinase		0	protein-coding		WP_000155792.1	998	IUJ38_RS17595
NZ_CP064385.1	3626406	3627110		plus	winged helix-turn-helix transcriptional regulator		0	protein-coding		WP_000738617.1	234	IUJ38_RS17600
NZ_CP064385.1	3627540	3628082		plus	fimbrial protein BcfA		0	protein-coding		WP_000743357.1	180	IUJ38_RS17605
NZ_CP064385.1	3628183	3628869		plus	fimbrial biogenesis chaperone BcfB	bcfB	0	protein-coding		WP_000742551.1	228	IUJ38_RS17610
NZ_CP064385.1	3628874	3631495		plus	fimbrial usher BcfC	bcfC	0	protein-coding		WP_001245854.1	873	IUJ38_RS17615
NZ_CP064385.1	3631496	3632503		plus	fimbrial protein BcfD		0	protein-coding		WP_000701247.1	335	IUJ38_RS17620
NZ_CP064385.1	3632504	3633049		plus	fimbrial protein BcfE		0	protein-coding		WP_001082039.1	181	IUJ38_RS17625
NZ_CP064385.1	3633065	3633583		plus	fimbrial protein BcfF		0	protein-coding		WP_001243232.1	172	IUJ38_RS17630
NZ_CP064385.1	3633549	3634280		plus	fimbrial chaperone BcfG	bcfG	0	protein-coding		WP_001135039.1	243	IUJ38_RS17635
NZ_CP064385.1	3634345	3635190		plus	DsbA family protein		0	protein-coding		WP_000291392.1	281	IUJ38_RS17640
NZ_CP064385.1	3635229	3635516		plus	hypothetical protein		0	protein-coding		WP_000839833.1	95	IUJ38_RS17645
NZ_CP064385.1	3635616	3636065		minus	winged helix-turn-helix domain-containing protein		0	protein-coding		WP_001250362.1	149	IUJ38_RS17650
NZ_CP064385.1	3636435	3637439		plus	LysR family transcriptional regulator		0	protein-coding		WP_001247394.1	334	IUJ38_RS17655
NZ_CP064385.1	3637447	3637887		minus	winged helix-turn-helix domain-containing protein		0	protein-coding		WP_000158340.1	146	IUJ38_RS17660
NZ_CP064385.1	3638410	3640128		plus	aryl-sulfate sulfotransferase		0	protein-coding		WP_001036514.1	572	IUJ38_RS17665
NZ_CP064385.1	3640174	3641745		minus	bifunctional metallophosphatase/5'-nucleotidase		0	protein-coding		WP_000262866.1	523	IUJ38_RS17670
NZ_CP064385.1	3641844	3642605		minus	outer membrane protein OmpK		0	protein-coding		WP_000791534.1	253	IUJ38_RS17675
NZ_CP064385.1	3643202	3644695		plus	sulfatase family protein		0	protein-coding		WP_000831880.1	497	IUJ38_RS17680
NZ_CP064385.1	3644794	3645984		plus	anaerobic sulfatase maturase		0	protein-coding		WP_000971148.1	396	IUJ38_RS17685
NZ_CP064385.1	3646003	3647256		plus	IS1/IS1595 family N-terminal zinc-binding domain-containing protein		0	protein-coding		WP_001055831.1	417	IUJ38_RS17690
NZ_CP064385.1	3647383	3649098		plus	aryl-sulfate sulfotransferase		0	protein-coding		WP_001094892.1	571	IUJ38_RS17695
NZ_CP064385.1	3649261	3650427		plus	Na+/H+ antiporter NhaA	nhaA	0	protein-coding		WP_000681340.1	388	IUJ38_RS17700
NZ_CP064385.1	3650489	3651388		plus	transcriptional activator NhaR	nhaR	0	protein-coding		WP_000062872.1	299	IUJ38_RS17705
NZ_CP064385.1	3651443	3653482		minus	glycoside hydrolase family 31 protein		0	protein-coding		WP_001116457.1	679	IUJ38_RS17710
NZ_CP064385.1	3653522	3654895		minus	MFS transporter		0	protein-coding		WP_000099996.1	457	IUJ38_RS17715
NZ_CP064385.1	3655351	3655614		minus	30S ribosomal protein S20	rpsT	0	protein-coding		WP_001518655.1	87	IUJ38_RS17720
NZ_CP064385.1	3655720	3655935		plus	YaaY family protein		0	protein-coding		WP_001575565.1	71	IUJ38_RS17725
NZ_CP064385.1	3655943	3656881		plus	bifunctional riboflavin kinase/FAD synthetase	ribF	0	protein-coding		WP_000767311.1	312	IUJ38_RS17730
NZ_CP064385.1	3656926	3659760		plus	isoleucine--tRNA ligase	ileS	0	protein-coding		WP_001670710.1	944	IUJ38_RS17735
NZ_CP064385.1	3659760	3660260		plus	signal peptidase II	lspA	0	protein-coding		WP_000042739.1	166	IUJ38_RS17740
NZ_CP064385.1	3660415	3660864		plus	FKBP-type peptidyl-prolyl cis-trans isomerase	fkpB	0	protein-coding		WP_000047269.1	149	IUJ38_RS17745
NZ_CP064385.1	3660867	3661817		plus	4-hydroxy-3-methylbut-2-enyl diphosphate reductase	ispH	0	protein-coding		WP_001166422.1	316	IUJ38_RS17750
NZ_CP064385.1	3662017	3663219		plus	XAC2610-related protein		0	protein-coding		WP_000516322.1	400	IUJ38_RS17755
NZ_CP064385.1	3663235	3664155		plus	ribonucleoside hydrolase RihC	rihC	0	protein-coding		WP_000127283.1	306	IUJ38_RS17760
NZ_CP064385.1	3664177	3664863		minus	citrate response regulator transcription factor CitB	citB	0	protein-coding		WP_000377406.1	228	IUJ38_RS17765
NZ_CP064385.1	3664865	3666484		minus	citrate sensor histidine kinase CitA	citA	0	protein-coding		WP_001670823.1	539	IUJ38_RS17770
NZ_CP064385.1	3666619	3667920		minus	oxalacetate decarboxylase subunit beta		0	protein-coding		WP_000444828.1	433	IUJ38_RS17775
NZ_CP064385.1	3667933	3669708		minus	sodium-extruding oxaloacetate decarboxylase subunit alpha	oadA	0	protein-coding		WP_000150421.1	591	IUJ38_RS17780
NZ_CP064385.1	3669725	3669964		minus	oxaloacetate decarboxylase subunit gamma		0	protein-coding		WP_001001154.1	79	IUJ38_RS17785
NZ_CP064385.1	3670123	3671463		minus	citrate/sodium symporter CitS	citS	0	protein-coding		WP_000183602.1	446	IUJ38_RS17790
NZ_CP064385.1	3671708	3672751		plus	[citrate (pro-3S)-lyase] ligase	citC	0	protein-coding		WP_001181453.1	347	IUJ38_RS17795
NZ_CP064385.1	3672781	3673074		plus	citrate lyase acyl carrier protein	citD	0	protein-coding		WP_000691461.1	97	IUJ38_RS17800
NZ_CP064385.1	3673071	3673940		plus	citrate (pro-3S)-lyase subunit beta	citE	0	protein-coding		WP_001247811.1	289	IUJ38_RS17805
NZ_CP064385.1	3673951	3675471		plus	citrate lyase subunit alpha	citF	0	protein-coding		WP_000665573.1	506	IUJ38_RS17810
NZ_CP064385.1	3675471	3676022		plus	citrate lyase holo-[acyl-carrier protein] synthase	citX	0	protein-coding		WP_000679040.1	183	IUJ38_RS17815
NZ_CP064385.1	3676000	3676908		plus	triphosphoribosyl-dephospho-CoA synthase CitG	citG	0	protein-coding		WP_001103238.1	302	IUJ38_RS17820
NZ_CP064385.1	3677088	3677909		plus	4-hydroxy-tetrahydrodipicolinate reductase	dapB	0	protein-coding		WP_000544031.1	273	IUJ38_RS17825
NZ_CP064385.1	3678035	3678310		minus	hypothetical protein		0	protein-coding		WP_000355307.1	91	IUJ38_RS17830
NZ_CP064385.1	3678951	3680099		plus	glutamine-hydrolyzing carbamoyl-phosphate synthase small subunit	carA	0	protein-coding		WP_000597287.1	382	IUJ38_RS17835
NZ_CP064385.1	3680118	3683345		plus	carbamoyl-phosphate synthase large subunit	carB	0	protein-coding		WP_001126305.1	1075	IUJ38_RS17840
NZ_CP064385.1	3683619	3684014		plus	carnitine metabolism transcriptional regulator CaiF	caiF	0	protein-coding		WP_000333324.1	131	IUJ38_RS17845
NZ_CP064385.1	3684091	3684687		minus	carnitine operon protein CaiE	caiE	0	protein-coding		WP_000122861.1	198	IUJ38_RS17850
NZ_CP064385.1	3684796	3685581		minus	crotonobetainyl-CoA hydratase	caiD	0	protein-coding		WP_000004385.1	261	IUJ38_RS17855
NZ_CP064385.1	3685635	3687188		minus	crotonobetaine/carnitine-CoA ligase	caiC	0	protein-coding		WP_000355806.1	517	IUJ38_RS17860
NZ_CP064385.1	3687251	3688468		minus	L-carnitine CoA-transferase	caiB	0	protein-coding		WP_001016212.1	405	IUJ38_RS17865
NZ_CP064385.1	3688580	3689722		minus	crotonobetainyl-CoA dehydrogenase	caiA	0	protein-coding		WP_000347134.1	380	IUJ38_RS17870
NZ_CP064385.1	3689757	3691274		minus	L-carnitine/gamma-butyrobetaine antiporter	caiT	0	protein-coding		WP_000787073.1	505	IUJ38_RS17875
NZ_CP064385.1	3691755	3692525		plus	electron transfer flavoprotein FixA		0	protein-coding		WP_000692185.1	256	IUJ38_RS17880
NZ_CP064385.1	3692541	3693482		plus	electron transfer flavoprotein subunit alpha/FixB family protein		0	protein-coding		WP_001032189.1	313	IUJ38_RS17885
NZ_CP064385.1	3693532	3694818		plus	FAD-dependent oxidoreductase		0	protein-coding		WP_001287776.1	428	IUJ38_RS17890
NZ_CP064385.1	3694815	3695102		plus	ferredoxin-like protein FixX	fixX	0	protein-coding		WP_000203736.1	95	IUJ38_RS17895
NZ_CP064385.1	3695249	3696589		plus	MFS transporter		0	protein-coding		WP_001737995.1	446	IUJ38_RS17900
NZ_CP064385.1	3696678	3696908		plus	YgdI/YgdR family lipoprotein		0	protein-coding		WP_001172089.1	76	IUJ38_RS17905
NZ_CP064385.1	3697202	3697618		plus	hypothetical protein		0	protein-coding		WP_000802644.1	138	IUJ38_RS17910
NZ_CP064385.1	3697842	3698132		minus	DUF1471 family virulence protein SrfN	srfN	0	protein-coding		WP_000745961.1	96	IUJ38_RS17915
NZ_CP064385.1	3699030	3700919		plus	sulfatase family protein		0	protein-coding		WP_000066317.1	629	IUJ38_RS17920
NZ_CP064385.1	3701124	3701204		minus	uncharacterized gene		0	pseudogene				IUJ38_RS24365
NZ_CP064385.1	3701326	3701856		plus	glutathione-regulated potassium-efflux system oxidoreductase KefF	kefF	0	protein-coding		WP_000600709.1	176	IUJ38_RS17925
NZ_CP064385.1	3701849	3703711		plus	glutathione-regulated potassium-efflux system protein KefC	kefC	0	protein-coding		WP_000377155.1	620	IUJ38_RS17930
NZ_CP064385.1	3703910	3704389		plus	type 3 dihydrofolate reductase	folA	0	protein-coding		WP_000624379.1	159	IUJ38_RS17935
NZ_CP064385.1	3704495	3705343		minus	bis(5'-nucleosyl)-tetraphosphatase (symmetrical) ApaH	apaH	0	protein-coding		WP_000257211.1	282	IUJ38_RS17940
NZ_CP064385.1	3705354	3705731		minus	Co2+/Mg2+ efflux protein ApaG	apaG	0	protein-coding		WP_000610894.1	125	IUJ38_RS17945
NZ_CP064385.1	3705734	3706555		minus	16S rRNA (adenine(1518)-N(6)/adenine(1519)-N(6))-dimethyltransferase RsmA	rsmA	0	protein-coding		WP_001065401.1	273	IUJ38_RS17950
NZ_CP064385.1	3706552	3707541		minus	4-hydroxythreonine-4-phosphate dehydrogenase PdxA	pdxA	0	protein-coding		WP_000093016.1	329	IUJ38_RS17955
NZ_CP064385.1	3707541	3708827		minus	peptidylprolyl isomerase SurA	surA	0	protein-coding		WP_000800482.1	428	IUJ38_RS17960
NZ_CP064385.1	3708881	3711241		minus	LPS assembly protein LptD	lptD	0	protein-coding		WP_000746127.1	786	IUJ38_RS17965
NZ_CP064385.1	3711495	3712307		plus	co-chaperone DjlA	djlA	0	protein-coding		WP_001200595.1	270	IUJ38_RS17970
NZ_CP064385.1	3712402	3713061		minus	bifunctional tRNA pseudouridine(32) synthase/23S rRNA pseudouridine(746) synthase RluA	rluA	0	protein-coding		WP_000525196.1	219	IUJ38_RS17975
NZ_CP064385.1	3713073	3715979		minus	RNA polymerase-associated protein RapA	rapA	0	protein-coding		WP_001116976.1	968	IUJ38_RS17980
NZ_CP064385.1	3716153	3718504		minus	DNA polymerase II	polB	0	protein-coding		WP_000035723.1	783	IUJ38_RS17985
NZ_CP064385.1	3718548	3719168		minus	YdcF family protein		0	protein-coding		WP_000877512.1	206	IUJ38_RS17990
NZ_CP064385.1	3719887	3720306		plus	DUF4751 family protein		0	protein-coding		WP_001103147.1	139	IUJ38_RS17995
NZ_CP064385.1	3720312	3721007		minus	L-ribulose-5-phosphate 4-epimerase	araD	0	protein-coding		WP_000888683.1	231	IUJ38_RS18000
NZ_CP064385.1	3721148	3722650		minus	L-arabinose isomerase	araA	0	protein-coding		WP_000151691.1	500	IUJ38_RS18005
NZ_CP064385.1	3722661	3724370		minus	ribulokinase	araB	0	protein-coding		WP_000951812.1	569	IUJ38_RS18010
NZ_CP064385.1	3724711	3725556		plus	arabinose operon transcriptional regulator AraC	araC	0	protein-coding		WP_000852387.1	281	IUJ38_RS18015
NZ_CP064385.1	3725675	3726442		plus	DedA family protein		0	protein-coding		WP_001148369.1	255	IUJ38_RS18020
NZ_CP064385.1	3726481	3727188		minus	thiamine ABC transporter ATP-binding protein ThiQ	thiQ	0	protein-coding		WP_000915965.1	235	IUJ38_RS18025
NZ_CP064385.1	3727172	3728782		minus	thiamine/thiamine pyrophosphate ABC transporter permease ThiP	thiP	0	protein-coding		WP_000235634.1	536	IUJ38_RS18030
NZ_CP064385.1	3728758	3729741		minus	thiamine ABC transporter substrate binding subunit	thiB	0	protein-coding		WP_000915326.1	327	IUJ38_RS18035
NZ_CP064385.1	3729919	3731577		minus	HTH-type transcriptional regulator SgrR	sgrR	0	protein-coding		WP_001139042.1	552	IUJ38_RS18040
NZ_CP064385.1	3731670	3731792		plus	glucose uptake inhibitor SgrT	sgrT	0	protein-coding		WP_001248755.1	40	IUJ38_RS18045
NZ_CP064385.1	3732128	3732733		minus	3-isopropylmalate dehydratase small subunit	leuD	0	protein-coding		WP_000818267.1	201	IUJ38_RS18050
NZ_CP064385.1	3732744	3734144		minus	3-isopropylmalate dehydratase large subunit	leuC	0	protein-coding		WP_001140629.1	466	IUJ38_RS18055
NZ_CP064385.1	3734147	3735238		minus	3-isopropylmalate dehydrogenase	leuB	0	protein-coding		WP_000042325.1	363	IUJ38_RS18060
NZ_CP064385.1	3735238	3736809		minus	2-isopropylmalate synthase	leuA	0	protein-coding		WP_000082819.1	523	IUJ38_RS18065
NZ_CP064385.1	3736897	3736983		minus	leu operon leader peptide	leuL	0	protein-coding		WP_001575587.1	28	IUJ38_RS18070
NZ_CP064385.1	3737640	3738584		plus	transcriptional regulator LeuO	leuO	0	protein-coding		WP_001115420.1	314	IUJ38_RS18075
NZ_CP064385.1	3738948	3740630		plus	acetolactate synthase 3 large subunit	ilvI	0	protein-coding		WP_071533051.1	560	IUJ38_RS18080
NZ_CP064385.1	3740633	3741124		plus	acetolactate synthase small subunit	ilvN	0	protein-coding		WP_001563086.1	163	IUJ38_RS18085
NZ_CP064385.1	3741408	3742412		plus	catabolite repressor/activator	cra	0	protein-coding		WP_000762406.1	334	IUJ38_RS18090
NZ_CP064385.1	3743018	3743476		plus	division/cell wall cluster transcriptional repressor MraZ	mraZ	0	protein-coding		WP_000488294.1	152	IUJ38_RS18095
NZ_CP064385.1	3743478	3744419		plus	16S rRNA (cytosine(1402)-N(4))-methyltransferase RsmH	rsmH	0	protein-coding		WP_000970444.1	313	IUJ38_RS18100
NZ_CP064385.1	3744416	3744781		plus	cell division protein FtsL	ftsL	0	protein-coding		WP_000625651.1	121	IUJ38_RS18105
NZ_CP064385.1	3744797	3746563		plus	peptidoglycan glycosyltransferase FtsI	ftsI	0	protein-coding		WP_000642235.1	588	IUJ38_RS18110
NZ_CP064385.1	3746550	3748037		plus	UDP-N-acetylmuramoyl-L-alanyl-D-glutamate--2,6-diaminopimelate ligase	murE	0	protein-coding		WP_000775073.1	495	IUJ38_RS18115
NZ_CP064385.1	3748034	3749392		plus	UDP-N-acetylmuramoyl-tripeptide--D-alanyl-D-alanine ligase	murF	0	protein-coding		WP_000626630.1	452	IUJ38_RS18120
NZ_CP064385.1	3749386	3750468		plus	phospho-N-acetylmuramoyl-pentapeptide-transferase	mraY	0	protein-coding		WP_000964141.1	360	IUJ38_RS18125
NZ_CP064385.1	3750471	3751787		plus	UDP-N-acetylmuramoyl-L-alanine--D-glutamate ligase	murD	0	protein-coding		WP_000796445.1	438	IUJ38_RS18130
NZ_CP064385.1	3751787	3753031		plus	cell division protein FtsW	ftsW	0	protein-coding		WP_001239803.1	414	IUJ38_RS18135
NZ_CP064385.1	3753028	3754095		plus	undecaprenyldiphospho-muramoylpentapeptide beta-N-acetylglucosaminyltransferase	murG	0	protein-coding		WP_000016613.1	355	IUJ38_RS18140
NZ_CP064385.1	3754214	3755689		plus	UDP-N-acetylmuramate--L-alanine ligase	murC	0	protein-coding		WP_001096070.1	491	IUJ38_RS18145
NZ_CP064385.1	3755682	3756602		plus	D-alanine--D-alanine ligase		0	protein-coding		WP_000763905.1	306	IUJ38_RS18150
NZ_CP064385.1	3756604	3757434		plus	cell division protein FtsQ	ftsQ	0	protein-coding		WP_000075728.1	276	IUJ38_RS18155
NZ_CP064385.1	3757431	3758693		plus	cell division protein FtsA	ftsA	0	protein-coding		WP_000588463.1	420	IUJ38_RS18160
NZ_CP064385.1	3758754	3759905		plus	cell division protein FtsZ	ftsZ	0	protein-coding		WP_000462785.1	383	IUJ38_RS18165
NZ_CP064385.1	3760006	3760923		plus	UDP-3-O-acyl-N-acetylglucosamine deacetylase	lpxC	0	protein-coding		WP_000595487.1	305	IUJ38_RS18170
NZ_CP064385.1	3761201	3761698		plus	secA translation cis-regulator SecM	secM	0	protein-coding		WP_000014333.1	165	IUJ38_RS18175
NZ_CP064385.1	3761760	3764465		plus	preprotein translocase subunit SecA	secA	0	protein-coding		WP_000905756.1	901	IUJ38_RS18180
NZ_CP064385.1	3764617	3765012		plus	8-oxo-dGTP diphosphatase MutT	mutT	0	protein-coding		WP_000736056.1	131	IUJ38_RS18185
NZ_CP064385.1	3765046	3765198		minus	uncharacterized gene		0	pseudogene				IUJ38_RS24220
NZ_CP064385.1	3765227	3765337		plus	uncharacterized gene		0	pseudogene				IUJ38_RS18190
NZ_CP064385.1	3765334	3765525		minus	DNA gyrase inhibitor YacG	yacG	0	protein-coding		WP_001286419.1	63	IUJ38_RS18195
NZ_CP064385.1	3765535	3766278		minus	cell division protein ZapD	zapD	0	protein-coding		WP_000557441.1	247	IUJ38_RS18200
NZ_CP064385.1	3766278	3766898		minus	dephospho-CoA kinase	coaE	0	protein-coding		WP_001270913.1	206	IUJ38_RS18205
NZ_CP064385.1	3767124	3768167		plus	GMP reductase		0	protein-coding		WP_001217365.1	347	IUJ38_RS18210
NZ_CP064385.1	3768198	3769400		minus	protein transport protein HofC	hofC	0	protein-coding		WP_000114087.1	400	IUJ38_RS18215
NZ_CP064385.1	3769390	3770775		minus	type II secretion system protein GspE	gspE	0	protein-coding		WP_000650591.1	461	IUJ38_RS18220
NZ_CP064385.1	3770785	3771222		minus	prepilin peptidase-dependent pilin	ppdD	0	protein-coding		WP_000414989.1	145	IUJ38_RS18225
NZ_CP064385.1	3771444	3772337		minus	carboxylating nicotinate-nucleotide diphosphorylase	nadC	0	protein-coding		WP_001135135.1	297	IUJ38_RS18230
NZ_CP064385.1	3772425	3772988		plus	1,6-anhydro-N-acetylmuramyl-L-alanine amidase AmpD	ampD	0	protein-coding		WP_000936330.1	187	IUJ38_RS18235
NZ_CP064385.1	3772985	3773839		plus	beta-lactamase regulator AmpE	ampE	0	protein-coding		WP_000172039.1	284	IUJ38_RS18240
NZ_CP064385.1	3773931	3774881		minus	glycoside hydrolase family 43 protein		0	protein-coding		WP_000024779.1	316	IUJ38_RS18245
NZ_CP064385.1	3774881	3776287		minus	glycoside-pentoside-hexuronide (GPH):cation symporter		0	protein-coding		WP_000357540.1	468	IUJ38_RS18250
NZ_CP064385.1	3776451	3777824		minus	aromatic amino acid transporter AroP	aroP	0	protein-coding		WP_000969487.1	457	IUJ38_RS18255
NZ_CP064385.1	3778387	3779151		plus	pyruvate dehydrogenase complex transcriptional repressor PdhR	pdhR	0	protein-coding		WP_000331771.1	254	IUJ38_RS18260
NZ_CP064385.1	3779311	3781974		plus	pyruvate dehydrogenase (acetyl-transferring), homodimeric type	aceE	0	protein-coding		WP_000003852.1	887	IUJ38_RS18265
NZ_CP064385.1	3781989	3783878		plus	pyruvate dehydrogenase complex dihydrolipoyllysine-residue acetyltransferase	aceF	0	protein-coding		WP_000963612.1	629	IUJ38_RS18270
NZ_CP064385.1	3784078	3785502		plus	dihydrolipoyl dehydrogenase	lpdA	0	protein-coding		WP_001519338.1	474	IUJ38_RS18275
NZ_CP064385.1	3785791	3786075		plus	outer membrane protein		0	protein-coding		WP_000765363.1	94	IUJ38_RS18280
NZ_CP064385.1	3786113	3786904		minus	DUF2950 family protein		0	protein-coding		WP_000757452.1	263	IUJ38_RS18285
NZ_CP064385.1	3786917	3788539		minus	DUF3300 domain-containing protein		0	protein-coding		WP_000174517.1	540	IUJ38_RS18290
NZ_CP064385.1	3788928	3791525		plus	bifunctional aconitate hydratase 2/2-methylisocitrate dehydratase	acnB	0	protein-coding		WP_000888962.1	865	IUJ38_RS18295
NZ_CP064385.1	3791586	3792428		minus	HNH endonuclease		0	protein-coding		WP_000536990.1	280	IUJ38_RS18300
NZ_CP064385.1	3792674	3793036		plus	protein YacL	yacL	0	protein-coding		WP_000384308.1	120	IUJ38_RS18305
NZ_CP064385.1	3793271	3794224		plus	2-keto-3-deoxygluconate permease 1		0	protein-coding		WP_001022089.1	317	IUJ38_RS18310
NZ_CP064385.1	3794221	3795492		plus	D-threonate kinase	dtnK	0	protein-coding		WP_000782192.1	423	IUJ38_RS18315
NZ_CP064385.1	3795482	3796465		plus	D-threonate 4-phosphate dehydrogenase		0	protein-coding		WP_000448745.1	327	IUJ38_RS18320
NZ_CP064385.1	3796475	3797242		plus	DeoR/GlpR family DNA-binding transcription regulator		0	protein-coding		WP_000678254.1	255	IUJ38_RS18325
NZ_CP064385.1	3797272	3798066		minus	adenosylmethionine decarboxylase	speD	0	protein-coding		WP_000734276.1	264	IUJ38_RS18330
NZ_CP064385.1	3798087	3798947		minus	polyamine aminopropyltransferase	speE	0	protein-coding		WP_000829968.1	286	IUJ38_RS18335
NZ_CP064385.1	3799054	3799401		minus	YacC family pilotin-like protein		0	protein-coding		WP_000846613.1	115	IUJ38_RS18340
NZ_CP064385.1	3799603	3801213		plus	multicopper oxidase CueO	cueO	0	protein-coding		WP_000946047.1	536	IUJ38_RS18345
NZ_CP064385.1	3801291	3803681		minus	glucose/quinate/shikimate family membrane-bound PQQ-dependent dehydrogenase		0	protein-coding		WP_000829731.1	796	IUJ38_RS18350
NZ_CP064385.1	3803887	3804423		plus	hypoxanthine phosphoribosyltransferase	hpt	0	protein-coding		WP_000683342.1	178	IUJ38_RS18355
NZ_CP064385.1	3804481	3805143		minus	carbonate dehydratase	can	0	protein-coding		WP_000651591.1	220	IUJ38_RS18360
NZ_CP064385.1	3805252	3806178		plus	ABC transporter ATP-binding protein		0	protein-coding		WP_000150619.1	308	IUJ38_RS18365
NZ_CP064385.1	3806175	3806945		plus	ABC transporter permease		0	protein-coding		WP_000983418.1	256	IUJ38_RS18370
NZ_CP064385.1	3807062	3808141		minus	fimbrial protein		0	protein-coding		WP_000794043.1	359	IUJ38_RS18375
NZ_CP064385.1	3808150	3810696		minus	fimbrial outer membrane usher protein		0	protein-coding		WP_001231776.1	848	IUJ38_RS18380
NZ_CP064385.1	3810723	3811406		minus	fimbrial biogenesis chaperone StiB	stiB	0	protein-coding		WP_001086408.1	227	IUJ38_RS18385
NZ_CP064385.1	3811454	3811993		minus	Sti fimbria major subunit StiA	stiA	0	protein-coding		WP_000777532.1	179	IUJ38_RS18390
NZ_CP064385.1	3812364	3812804		plus	PTS sugar transporter subunit IIA		0	protein-coding		WP_000901960.1	146	IUJ38_RS18395
NZ_CP064385.1	3812866	3814095		plus	polysaccharide deacetylase family protein		0	protein-coding		WP_000245304.1	409	IUJ38_RS18400
NZ_CP064385.1	3814102	3814482		minus	aspartate 1-decarboxylase	panD	0	protein-coding		WP_000621526.1	126	IUJ38_RS18405
NZ_CP064385.1	3814577	3815431		minus	pantoate--beta-alanine ligase	panC	0	protein-coding		WP_000905344.1	284	IUJ38_RS18410
NZ_CP064385.1	3815557	3816348		minus	3-methyl-2-oxobutanoate hydroxymethyltransferase	panB	0	protein-coding		WP_000805487.1	263	IUJ38_RS18415
NZ_CP064385.1	3816469	3816948		minus	2-amino-4-hydroxy-6-hydroxymethyldihydropteridine diphosphokinase	folK	0	protein-coding		WP_000150773.1	159	IUJ38_RS18420
NZ_CP064385.1	3816945	3818342		minus	polynucleotide adenylyltransferase PcnB	pcnB	0	protein-coding		WP_203422695.1	465	IUJ38_RS18425
NZ_CP064385.1	3818504	3819400		minus	tRNA glutamyl-Q(34) synthetase GluQRS	gluQRS	0	protein-coding		WP_000132295.1	298	IUJ38_RS18430
NZ_CP064385.1	3819469	3819924		minus	RNA polymerase-binding protein DksA	dksA	0	protein-coding		WP_001155232.1	151	IUJ38_RS18435
NZ_CP064385.1	3820101	3820805		minus	DNA/RNA nuclease SfsA	sfsA	0	protein-coding		WP_000899412.1	234	IUJ38_RS18440
NZ_CP064385.1	3820822	3821352		minus	RNA 2',3'-cyclic phosphodiesterase	thpR	0	protein-coding		WP_001294178.1	176	IUJ38_RS18445
NZ_CP064385.1	3821425	3823854		plus	ATP-dependent helicase HrpB	hrpB	0	protein-coding		WP_001738008.1	809	IUJ38_RS18450
NZ_CP064385.1	3823995	3826517		plus	bifunctional glycosyl transferase/transpeptidase	mrcB	0	protein-coding		WP_000918127.1	840	IUJ38_RS18455
NZ_CP064385.1	3826810	3828999		plus	ferrichrome porin FhuA	fhuA	0	protein-coding		WP_000113220.1	729	IUJ38_RS18460
NZ_CP064385.1	3829048	3829845		plus	Fe3+-hydroxamate ABC transporter ATP-binding protein FhuC	fhuC	0	protein-coding		WP_001157204.1	265	IUJ38_RS18465
NZ_CP064385.1	3829845	3830735		plus	Fe(3+)-hydroxamate ABC transporter substrate-binding protein FhuD	fhuD	0	protein-coding		WP_001205357.1	296	IUJ38_RS18470
NZ_CP064385.1	3830750	3832789		plus	Fe(3+)-hydroxamate ABC transporter permease FhuB	fhuB	0	protein-coding		WP_014344453.1	679	IUJ38_RS18475
NZ_CP064385.1	3833729	3834289		plus	Stf fimbria major subunit StfA	stfA	0	protein-coding		WP_001090554.1	186	IUJ38_RS18480
NZ_CP064385.1	3834375	3837032		plus	fimbrial biogenesis outer membrane usher protein		0	protein-coding		WP_000951687.1	885	IUJ38_RS18485
NZ_CP064385.1	3837050	3837802		plus	fimbrial chaperone StfD	stfD	0	protein-coding		WP_000987334.1	250	IUJ38_RS18490
NZ_CP064385.1	3837821	3838333		plus	fimbrial protein		0	protein-coding		WP_001250313.1	170	IUJ38_RS18495
NZ_CP064385.1	3838330	3838806		plus	fimbrial minor subunit StfF	stfF	0	protein-coding		WP_000725075.1	158	IUJ38_RS18500
NZ_CP064385.1	3838806	3839336		plus	fimbrial protein		0	protein-coding		WP_001129320.1	176	IUJ38_RS18505
NZ_CP064385.1	3839336	3840175		plus	fimbrial adhesin StfH	stfH	0	protein-coding		WP_000691870.1	279	IUJ38_RS18510
NZ_CP064385.1	3840283	3841563		minus	glutamate-1-semialdehyde 2,1-aminomutase	hemL	0	protein-coding		WP_000045268.1	426	IUJ38_RS18515
NZ_CP064385.1	3841733	3843154		plus	H(+)/Cl(-) exchange transporter ClcA	clcA	0	protein-coding		WP_000845427.1	473	IUJ38_RS18520
NZ_CP064385.1	3843236	3843580		plus	iron-sulfur cluster insertion protein ErpA	erpA	0	protein-coding		WP_001278668.1	114	IUJ38_RS18525
NZ_CP064385.1	3843681	3844304		minus	TRIC cation channel family protein		0	protein-coding		WP_000964234.1	207	IUJ38_RS18530
NZ_CP064385.1	3844341	3845141		minus	vitamin B12 ABC transporter substrate-binding protein BtuF	btuF	0	protein-coding		WP_001118843.1	266	IUJ38_RS18535
NZ_CP064385.1	3845134	3845832		minus	5'-methylthioadenosine/S-adenosylhomocysteine nucleosidase	mtnN	0	protein-coding		WP_000689821.1	232	IUJ38_RS18540
NZ_CP064385.1	3845917	3847434		plus	dGTPase	dgt	0	protein-coding		WP_000146443.1	505	IUJ38_RS18545
NZ_CP064385.1	3847564	3848991		plus	serine endoprotease DegP	degP	0	protein-coding		WP_000753958.1	475	IUJ38_RS18550
NZ_CP064385.1	3849144	3850301		plus	DNA-binding transcriptional regulator CdaR	cdaR	0	protein-coding		WP_000929420.1	385	IUJ38_RS18555
NZ_CP064385.1	3850390	3850776		minus	DUF3461 family protein		0	protein-coding		WP_000272193.1	128	IUJ38_RS18560
NZ_CP064385.1	3851023	3852324		plus	MFS transporter		0	protein-coding		WP_000017194.1	433	IUJ38_RS18565
NZ_CP064385.1	3852361	3853185		minus	2,3,4,5-tetrahydropyridine-2,6-dicarboxylate N-succinyltransferase	dapD	0	protein-coding		WP_001186673.1	274	IUJ38_RS18570
NZ_CP064385.1	3853215	3855887		minus	bifunctional uridylyltransferase/uridylyl-removing protein GlnD	glnD	0	protein-coding		WP_001094519.1	890	IUJ38_RS18575
NZ_CP064385.1	3856124	3856918		minus	type I methionyl aminopeptidase	map	0	protein-coding		WP_001018214.1	264	IUJ38_RS18580
NZ_CP064385.1	3857369	3858094		plus	30S ribosomal protein S2	rpsB	0	protein-coding		WP_000246886.1	241	IUJ38_RS18585
NZ_CP064385.1	3858352	3859203		plus	translation elongation factor Ts	tsf	0	protein-coding		WP_000808106.1	283	IUJ38_RS18590
NZ_CP064385.1	3859348	3860073		plus	UMP kinase	pyrH	0	protein-coding		WP_000224567.1	241	IUJ38_RS18595
NZ_CP064385.1	3860220	3860777		plus	ribosome recycling factor	frr	0	protein-coding		WP_000622423.1	185	IUJ38_RS18600
NZ_CP064385.1	3860918	3862114		plus	1-deoxy-D-xylulose-5-phosphate reductoisomerase	ispC	0	protein-coding		WP_000811905.1	398	IUJ38_RS18605
NZ_CP064385.1	3862427	3863185		plus	(2E,6E)-farnesyl-diphosphate-specific ditrans,polycis-undecaprenyl-diphosphate synthase	ispU	0	protein-coding		WP_000947413.1	252	IUJ38_RS18610
NZ_CP064385.1	3863198	3864055		plus	phosphatidate cytidylyltransferase	cdsA	0	protein-coding		WP_000922422.1	285	IUJ38_RS18615
NZ_CP064385.1	3864067	3865419		plus	sigma E protease regulator RseP	rseP	0	protein-coding		WP_000949017.1	450	IUJ38_RS18620
NZ_CP064385.1	3865451	3867865		plus	outer membrane protein assembly factor BamA	bamA	0	protein-coding		WP_001240935.1	804	IUJ38_RS18625
NZ_CP064385.1	3867988	3868473		plus	molecular chaperone Skp	skp	0	protein-coding		WP_000758966.1	161	IUJ38_RS18630
NZ_CP064385.1	3868477	3869502		plus	UDP-3-O-(3-hydroxymyristoyl)glucosamine N-acyltransferase	lpxD	0	protein-coding		WP_001139265.1	341	IUJ38_RS18635
NZ_CP064385.1	3869608	3870063		plus	3-hydroxyacyl-ACP dehydratase FabZ	fabZ	0	protein-coding		WP_000210741.1	151	IUJ38_RS18640
NZ_CP064385.1	3870067	3870855		plus	acyl-ACP--UDP-N-acetylglucosamine O-acyltransferase	lpxA	0	protein-coding		WP_000565950.1	262	IUJ38_RS18645
NZ_CP064385.1	3870855	3872003		plus	lipid-A-disaccharide synthase	lpxB	0	protein-coding		WP_000741212.1	382	IUJ38_RS18650
NZ_CP064385.1	3872000	3872596		plus	ribonuclease HII	rnhB	0	protein-coding		WP_000569412.1	198	IUJ38_RS18655
NZ_CP064385.1	3872620	3876102		plus	DNA polymerase III subunit alpha	dnaE	0	protein-coding		WP_001294826.1	1160	IUJ38_RS18660
NZ_CP064385.1	3876115	3877074		plus	acetyl-CoA carboxylase carboxyl transferase subunit alpha	accA	0	protein-coding		WP_000055753.1	319	IUJ38_RS18665
NZ_CP064385.1	3877255	3879018		plus	chitinase		0	protein-coding		WP_000524168.1	587	IUJ38_RS18670
NZ_CP064385.1	3879094	3881235		plus	lysine decarboxylase LdcC	ldcC	0	protein-coding		WP_001021054.1	713	IUJ38_RS18675
NZ_CP064385.1	3881291	3881680		plus	VOC family protein		0	protein-coding		WP_000901088.1	129	IUJ38_RS18680
NZ_CP064385.1	3881743	3883035		plus	tRNA lysidine(34) synthetase TilS	tilS	0	protein-coding		WP_000210056.1	430	IUJ38_RS18685
NZ_CP064385.1	3883119	3883379		minus	Rho-binding antiterminator	rof	0	protein-coding		WP_000062330.1	86	IUJ38_RS18690
NZ_CP064385.1	3883366	3883566		minus	YaeP family protein		0	protein-coding		WP_001518678.1	66	IUJ38_RS18695
NZ_CP064385.1	3883764	3884309		plus	YaeQ family protein		0	protein-coding		WP_001185319.1	181	IUJ38_RS18700
NZ_CP064385.1	3884306	3884728		plus	alternative ribosome rescue aminoacyl-tRNA hydrolase ArfB	arfB	0	protein-coding		WP_000560527.1	140	IUJ38_RS18705
NZ_CP064385.1	3884760	3885465		plus	uncharacterized gene	nlpE	0	pseudogene				IUJ38_RS18710
NZ_CP064385.1	3885539	3887257		minus	proline--tRNA ligase	proS	0	protein-coding		WP_001260683.1	572	IUJ38_RS18715
NZ_CP064385.1	3887368	3888075		minus	tRNA (N6-threonylcarbamoyladenosine(37)-N6)-methyltransferase TrmO	tsaA	0	protein-coding		WP_000093986.1	235	IUJ38_RS18720
NZ_CP064385.1	3888072	3888476		minus	Rcs stress response system protein RcsF	rcsF	0	protein-coding		WP_001202315.1	134	IUJ38_RS18725
NZ_CP064385.1	3888595	3889410		minus	methionine ABC transporter substrate-binding lipoprotein MetQ	metQ	0	protein-coding		WP_000874215.1	271	IUJ38_RS18730
NZ_CP064385.1	3889449	3890102		minus	methionine ABC transporter permease MetI		0	protein-coding		WP_001287486.1	217	IUJ38_RS18735
NZ_CP064385.1	3890095	3891126		minus	methionine ABC transporter ATP-binding protein MetN	metN	0	protein-coding		WP_000594021.1	343	IUJ38_RS18740
NZ_CP064385.1	3891316	3891882		plus	D-glycero-beta-D-manno-heptose 1,7-bisphosphate 7-phosphatase	gmhB	0	protein-coding		WP_001051726.1	188	IUJ38_RS18745
NZ_CP064385.1	3892251	3893792		plus	16S ribosomal RNA		0	rRNA				IUJ38_RS18750
NZ_CP064385.1	3893862	3893938		plus	tRNA-Ile		0	tRNA				IUJ38_RS18755
NZ_CP064385.1	3894048	3894123		plus	tRNA-Ala		0	tRNA				IUJ38_RS18760
NZ_CP064385.1	3894306	3897396		plus	23S ribosomal RNA		0	rRNA				IUJ38_RS18765
NZ_CP064385.1	3897593	3897708		plus	5S ribosomal RNA	rrf	0	rRNA				IUJ38_RS18770
NZ_CP064385.1	3897900	3897976		plus	tRNA-Asp		0	tRNA				IUJ38_RS18775
NZ_CP064385.1	3898141	3898944		plus	2,5-didehydrogluconate reductase DkgB	dkgB	0	protein-coding		WP_000154872.1	267	IUJ38_RS18780
NZ_CP064385.1	3898965	3899879		minus	DNA-binding transcriptional regulator YafC	yafC	0	protein-coding		WP_000648534.1	304	IUJ38_RS18785
NZ_CP064385.1	3899984	3901159		plus	MFS transporter		0	protein-coding		WP_001127538.1	391	IUJ38_RS18790
NZ_CP064385.1	3901291	3902091		plus	endonuclease/exonuclease/phosphatase family protein		0	protein-coding		WP_001230968.1	266	IUJ38_RS18795
NZ_CP064385.1	3902169	3902939		plus	class I SAM-dependent methyltransferase		0	protein-coding		WP_000207224.1	256	IUJ38_RS18800
NZ_CP064385.1	3902995	3904362		minus	murein transglycosylase D	mltD	0	protein-coding		WP_000644706.1	455	IUJ38_RS18805
NZ_CP064385.1	3904434	3905189		minus	hydroxyacylglutathione hydrolase	gloB	0	protein-coding		WP_001052775.1	251	IUJ38_RS18810
NZ_CP064385.1	3905224	3905946		plus	class I SAM-dependent methyltransferase		0	protein-coding		WP_000801238.1	240	IUJ38_RS18815
NZ_CP064385.1	3905943	3906410		minus	ribonuclease HI	rnhA	0	protein-coding		WP_000917872.1	155	IUJ38_RS18820
NZ_CP064385.1	3906474	3907205		plus	DNA polymerase III subunit epsilon	dnaQ	0	protein-coding		WP_001670675.1	243	IUJ38_RS18825
NZ_CP064385.1	3907339	3907415		plus	tRNA-Asp		0	tRNA				IUJ38_RS18830
NZ_CP064385.1	3907737	3908792		minus	type VI secretion system protein TssA		0	protein-coding		WP_000367626.1	351	IUJ38_RS18835
NZ_CP064385.1	3908803	3909798		minus	type VI secretion system baseplate subunit TssG	tssG	0	protein-coding		WP_000145244.1	331	IUJ38_RS18840
NZ_CP064385.1	3909795	3911678		minus	type VI secretion system baseplate subunit TssF	tssF	0	protein-coding		WP_000371508.1	627	IUJ38_RS18845
NZ_CP064385.1	3911694	3912188		minus	type VI secretion system baseplate subunit TssE	tssE	0	protein-coding		WP_000108007.1	164	IUJ38_RS18850
NZ_CP064385.1	3912185	3913009		minus	type VI secretion system accessory protein TagJ		0	protein-coding		WP_000750535.1	274	IUJ38_RS18855
NZ_CP064385.1	3912996	3913898		minus	type VI secretion system-associated protein TagK	tagK	0	protein-coding		WP_000806681.1	300	IUJ38_RS18860
NZ_CP064385.1	3914266	3916905		plus	type VI secretion system ATPase TssH	tssH	0	protein-coding		WP_000449778.1	879	IUJ38_RS18865
NZ_CP064385.1	3917005	3917547		plus	type VI secretion system contractile sheath small subunit	tssB	0	protein-coding		WP_000996817.1	180	IUJ38_RS18870
NZ_CP064385.1	3917571	3919079		plus	type VI secretion system contractile sheath large subunit	tssC	0	protein-coding		WP_000013881.1	502	IUJ38_RS18875
NZ_CP064385.1	3919142	3919252		plus	BPSL0067 family protein		0	protein-coding		WP_010988967.1	36	IUJ38_RS18880
NZ_CP064385.1	3919265	3919711		plus	STY0301 family protein		0	protein-coding		WP_001526444.1	148	IUJ38_RS18885
NZ_CP064385.1	3919965	3920450		plus	Hcp family type VI secretion system effector		0	protein-coding		WP_000312802.1	161	IUJ38_RS18890
NZ_CP064385.1	3920518	3920712		plus	uncharacterized gene		0	pseudogene				IUJ38_RS18895
NZ_CP064385.1	3920755	3921240		plus	type VI secretion system amidase effector protein Tae4		0	protein-coding		WP_001081550.1	161	IUJ38_RS18900
NZ_CP064385.1	3921225	3921608		plus	type VI secretion system amidase immunity protein Tai4		0	protein-coding		WP_000379146.1	127	IUJ38_RS18905
NZ_CP064385.1	3921751	3922236		plus	Hcp family type VI secretion system effector		0	protein-coding		WP_000119443.1	161	IUJ38_RS18910
NZ_CP064385.1	3922303	3922839		plus	type VI secretion system lipoprotein TssJ	tssJ	0	protein-coding		WP_001007106.1	178	IUJ38_RS18915
NZ_CP064385.1	3922843	3924186		plus	type VI secretion system baseplate subunit TssK	tssK	0	protein-coding		WP_000118732.1	447	IUJ38_RS18920
NZ_CP064385.1	3924183	3925487		plus	type VI secretion system protein TssL, long form	tssL	0	protein-coding		WP_000132483.1	434	IUJ38_RS18925
NZ_CP064385.1	3925492	3926265		plus	Rap1a/Tai family immunity protein		0	protein-coding		WP_000976553.1	257	IUJ38_RS18930
NZ_CP064385.1	3926468	3926899		plus	Shiga-like toxin A subunit SciR	sciR	0	protein-coding		WP_000227044.1	143	IUJ38_RS18935
NZ_CP064385.1	3926933	3930802		plus	type VI secretion protein IcmF	icmF	0	protein-coding		WP_001168955.1	1289	IUJ38_RS18940
NZ_CP064385.1	3930802	3931590		plus	TagF domain-containing protein		0	protein-coding		WP_001254137.1	262	IUJ38_RS18945
NZ_CP064385.1	3931587	3932003		plus	DUF2195 family protein		0	protein-coding		WP_001596567.1	138	IUJ38_RS18950
NZ_CP064385.1	3932027	3932548		plus	DUF2778 domain-containing protein		0	protein-coding		WP_000968384.1	173	IUJ38_RS18955
NZ_CP064385.1	3932945	3935134		plus	type VI secretion system Vgr family protein		0	protein-coding		WP_000011534.1	729	IUJ38_RS18960
NZ_CP064385.1	3935158	3935604		plus	DcrB-related protein		0	protein-coding		WP_000375832.1	148	IUJ38_RS18965
NZ_CP064385.1	3935623	3939717		plus	TreTu family toxin		0	protein-coding		WP_000272656.1	1364	IUJ38_RS18970
NZ_CP064385.1	3939711	3939974		plus	immunity protein TriTu family protein		0	protein-coding		WP_000932531.1	87	IUJ38_RS18975
NZ_CP064385.1	3940032	3940907		plus	uncharacterized gene		0	pseudogene				IUJ38_RS18980
NZ_CP064385.1	3940901	3941347		plus	protein SciX	sciX	0	protein-coding		WP_000935097.1	148	IUJ38_RS18985
NZ_CP064385.1	3941910	3942347		plus	immunity 26/phosphotriesterase HocA family protein		0	protein-coding		WP_000943619.1	145	IUJ38_RS18990
NZ_CP064385.1	3942400	3942675		minus	SymE family type I addiction module toxin		0	protein-coding		WP_000994224.1	91	IUJ38_RS18995
NZ_CP064385.1	3942917	3943033		plus	hypothetical protein		0	protein-coding		WP_227457392.1	38	IUJ38_RS19000
NZ_CP064385.1	3943116	3943424		plus	hypothetical protein		0	protein-coding		WP_010988969.1	102	IUJ38_RS19005
NZ_CP064385.1	3943526	3943774		minus	SymE family type I addiction module toxin		0	protein-coding		WP_001738030.1	82	IUJ38_RS19010
NZ_CP064385.1	3943827	3944024		plus	transposase		0	protein-coding		WP_001224073.1	65	IUJ38_RS24370
NZ_CP064385.1	3943958	3944531		plus	uncharacterized gene		0	pseudogene				IUJ38_RS19015
NZ_CP064385.1	3945281	3945793		plus	Saf fimbria major subunit SafA	safA	0	protein-coding		WP_010988970.1	170	IUJ38_RS19020
NZ_CP064385.1	3945877	3946614		plus	pili assembly chaperone SafB	safB	0	protein-coding		WP_001535430.1	245	IUJ38_RS19025
NZ_CP064385.1	3946638	3949148		plus	fimbrial biogenesis outer membrane usher protein		0	protein-coding		WP_000669634.1	836	IUJ38_RS19030
NZ_CP064385.1	3949170	3949640		plus	AfaD family invasin	afaD	0	protein-coding		WP_000266939.1	156	IUJ38_RS19035
NZ_CP064385.1	3950046	3950867		plus	polysaccharide deacetylase family protein		0	protein-coding		WP_000119390.1	273	IUJ38_RS19040
NZ_CP064385.1	3950950	3951187		plus	uncharacterized gene		0	pseudogene				IUJ38_RS19045
NZ_CP064385.1	3951682	3952629		plus	LysR family transcriptional regulator		0	protein-coding		WP_000970302.1	315	IUJ38_RS19050
NZ_CP064385.1	3952746	3952961		plus	hypothetical protein		0	protein-coding		WP_001575654.1	71	IUJ38_RS19055
NZ_CP064385.1	3952965	3953684		minus	adhesin/invasin protein PagN	pagN	0	protein-coding		WP_000787603.1	239	IUJ38_RS19060
NZ_CP064385.1	3954015	3954422		minus	Spy/CpxP family protein refolding chaperone		0	protein-coding		WP_000788200.1	135	IUJ38_RS19065
NZ_CP064385.1	3954793	3955560		minus	amidohydrolase		0	protein-coding		WP_000015789.1	255	IUJ38_RS19070
NZ_CP064385.1	3955669	3958113		minus	acyl-CoA dehydrogenase FadE	fadE	0	protein-coding		WP_000973041.1	814	IUJ38_RS19075
NZ_CP064385.1	3958353	3958931		plus	D-sedoheptulose 7-phosphate isomerase	lpcA	0	protein-coding		WP_000284051.1	192	IUJ38_RS19080
NZ_CP064385.1	3959144	3959911		plus	class II glutamine amidotransferase		0	protein-coding		WP_000333387.1	255	IUJ38_RS19085
NZ_CP064385.1	3959882	3960622		minus	peptidoglycan meso-diaminopimelic acid protein amidase	dpaA	0	protein-coding		WP_001225658.1	246	IUJ38_RS19090
NZ_CP064385.1	3960872	3961927		plus	DNA polymerase IV	dinB	0	protein-coding		WP_001226198.1	351	IUJ38_RS19095
NZ_CP064385.1	3962146	3963278		plus	uncharacterized gene		0	pseudogene				IUJ38_RS19100
NZ_CP064385.1	3963275	3963889		plus	peptide chain release factor H	prfH	0	protein-coding		WP_000602086.1	204	IUJ38_RS19105
NZ_CP064385.1	3964045	3965502		minus	cytosol nonspecific dipeptidase	pepD	0	protein-coding		WP_001292977.1	485	IUJ38_RS19110
NZ_CP064385.1	3965751	3966209		plus	xanthine phosphoribosyltransferase	gpt	0	protein-coding		WP_001292018.1	152	IUJ38_RS19115
NZ_CP064385.1	3966298	3967542		plus	esterase FrsA	frsA	0	protein-coding		WP_000189588.1	414	IUJ38_RS19120
NZ_CP064385.1	3967600	3968001		plus	sigma factor-binding protein Crl	crl	0	protein-coding		WP_000174696.1	133	IUJ38_RS19125
NZ_CP064385.1	3968052	3969104		minus	phosphoporin PhoE	phoE	0	protein-coding		WP_001043675.1	350	IUJ38_RS19130
NZ_CP064385.1	3969387	3970490		plus	glutamate 5-kinase	proB	0	protein-coding		WP_001285275.1	367	IUJ38_RS19135
NZ_CP064385.1	3970502	3971752		plus	glutamate-5-semialdehyde dehydrogenase	proA	0	protein-coding		WP_000893231.1	416	IUJ38_RS19140
NZ_CP064385.1	3971868	3971943		plus	tRNA-Thr		0	tRNA				IUJ38_RS19145
NZ_CP064385.1	3972206	3972985		minus	uncharacterized gene		0	pseudogene				IUJ38_RS19150
NZ_CP064385.1	3972987	3973701		plus	uncharacterized gene		0	pseudogene				IUJ38_RS19155
NZ_CP064385.1	3973811	3974134		plus	DUF1889 family protein		0	protein-coding		WP_001539227.1	107	IUJ38_RS19160
NZ_CP064385.1	3974475	3975713		plus	MFS transporter		0	protein-coding		WP_012543325.1	412	IUJ38_RS19165
NZ_CP064385.1	3975845	3977266		plus	3-isopropylmalate dehydratase large subunit	leuC	0	protein-coding		WP_001274854.1	473	IUJ38_RS19170
NZ_CP064385.1	3977268	3977894		plus	3-isopropylmalate dehydratase small subunit	leuD	0	protein-coding		WP_000379343.1	208	IUJ38_RS19175
NZ_CP064385.1	3977909	3978787		plus	fumarylacetoacetate hydrolase family protein		0	protein-coding		WP_000780210.1	292	IUJ38_RS19180
NZ_CP064385.1	3978787	3979701		plus	alpha/beta fold hydrolase		0	protein-coding		WP_000105593.1	304	IUJ38_RS19185
NZ_CP064385.1	3979735	3980700		plus	LysR family transcriptional regulator		0	protein-coding		WP_000859023.1	321	IUJ38_RS19190
NZ_CP064385.1	3980645	3980917		minus	hypothetical protein		0	protein-coding		WP_001675688.1	90	IUJ38_RS19195
NZ_CP064385.1	3981608	3982006		plus	outer membrane protein		0	protein-coding		WP_000766837.1	132	IUJ38_RS19200
NZ_CP064385.1	3982053	3982811		minus	fimbrial biogenesis chaperone StbE	stbE	0	protein-coding		WP_001247040.1	252	IUJ38_RS19205
NZ_CP064385.1	3982777	3984102		minus	fimbrial usher protein StbD	stbD	0	protein-coding		WP_000899100.1	441	IUJ38_RS19210
NZ_CP064385.1	3984107	3986668		minus	fimbrial outer membrane usher protein		0	protein-coding		WP_000075342.1	853	IUJ38_RS19215
NZ_CP064385.1	3986652	3987413		minus	fimbrial biogenesis chaperone StbB	stbB	0	protein-coding		WP_000781488.1	253	IUJ38_RS19220
NZ_CP064385.1	3987475	3988011		minus	fimbrial protein		0	protein-coding		WP_000062035.1	178	IUJ38_RS19225
NZ_CP064385.1	3988675	3989409		plus	winged helix-turn-helix domain-containing protein		0	protein-coding		WP_001006010.1	244	IUJ38_RS19230
NZ_CP064385.1	3989382	3989681		plus	membrane protein		0	protein-coding		WP_010988972.1	99	IUJ38_RS19235
NZ_CP064385.1	3990181	3991755		plus	EAL domain-containing protein		0	protein-coding		WP_000868285.1	524	IUJ38_RS19240
NZ_CP064385.1	3991855	3992598		plus	transcriptional regulator		0	protein-coding		WP_000081378.1	247	IUJ38_RS19245
NZ_CP064385.1	3992571	3993059		plus	membrane protein		0	protein-coding		WP_000545416.1	162	IUJ38_RS19250
NZ_CP064385.1	3993460	3993984		plus	Ail/Lom family outer membrane beta-barrel protein		0	protein-coding		WP_000830237.1	174	IUJ38_RS19255
NZ_CP064385.1	3994128	3994769		plus	helix-turn-helix transcriptional regulator		0	protein-coding		WP_000610820.1	213	IUJ38_RS19260
NZ_CP064385.1	3994780	3995004		plus	membrane protein		0	protein-coding		WP_000737127.1	74	IUJ38_RS19265
NZ_CP064385.1	3995062	3995421		plus	DUF4156 domain-containing protein		0	protein-coding		WP_000722978.1	119	IUJ38_RS19270
NZ_CP064385.1	3995491	3996948		minus	multidrug efflux transporter outer membrane subunit MdsC	mdsC	0	protein-coding		WP_001521068.1	485	IUJ38_RS19275
NZ_CP064385.1	3996965	4000132		minus	multidrug efflux RND transporter permease subunit MdsB	mdsB	0	protein-coding		WP_000673160.1	1055	IUJ38_RS19280
NZ_CP064385.1	4000129	4001355		minus	multidrug efflux RND transporter periplasmic adaptor subunit MdsA	mdsA	0	protein-coding		WP_001254844.1	408	IUJ38_RS19285
NZ_CP064385.1	4001632	4003920		plus	gold/copper-translocating P-type ATPase GolT	golT	0	protein-coding		WP_000083318.1	762	IUJ38_RS19290
NZ_CP064385.1	4003932	4004396		plus	Au(I) sensor transcriptional regulator GolS	golS	0	protein-coding		WP_001020583.1	154	IUJ38_RS19295
NZ_CP064385.1	4004474	4004668		plus	gold resistance metallochaperone GolB	golB	0	protein-coding		WP_001159470.1	64	IUJ38_RS19300
NZ_CP064385.1	4004961	4006214		plus	MFS transporter		0	protein-coding		WP_000288496.1	417	IUJ38_RS19305
NZ_CP064385.1	4006403	4008361		plus	site-specific DNA-methyltransferase		0	protein-coding		WP_000910371.1	652	IUJ38_RS19310
NZ_CP064385.1	4008371	4011343		plus	type III restriction-modification system endonuclease		0	protein-coding		WP_001651666.1	990	IUJ38_RS19315
NZ_CP064385.1	4011620	4011721		plus	small effector SsaA	ssaA	0	protein-coding		WP_000934834.1	33	IUJ38_RS19320
NZ_CP064385.1	4011838	4013241		plus	cytochrome ubiquinol oxidase subunit I		0	protein-coding		WP_000393711.1	467	IUJ38_RS19325
NZ_CP064385.1	4013238	4014248		plus	cytochrome d ubiquinol oxidase subunit II	cydB	0	protein-coding		WP_000151047.1	336	IUJ38_RS19330
NZ_CP064385.1	4014248	4014319		plus	uncharacterized gene		0	pseudogene				IUJ38_RS24225
NZ_CP064385.1	4014298	4014489		plus	hypothetical protein		0	protein-coding		WP_229025371.1	63	IUJ38_RS24230
NZ_CP064385.1	4014585	4015589		plus	ferrioxamine uptake transcriptional regulator FoxR	foxR	0	protein-coding		WP_000074605.1	334	IUJ38_RS19340
NZ_CP064385.1	4015735	4017843		plus	ferrioxamine B receptor FoxA	foxA	0	protein-coding		WP_001127727.1	702	IUJ38_RS19345
NZ_CP064385.1	4017884	4018516		minus	LysE family transporter		0	protein-coding		WP_000433131.1	210	IUJ38_RS19350
NZ_CP064385.1	4018748	4019023		plus	DUF1471 family periplasmic protein YahO	yahO	0	protein-coding		WP_000848026.1	91	IUJ38_RS19355
NZ_CP064385.1	4019159	4020784		minus	propionate catabolism operon regulatory protein PrpR	prpR	0	protein-coding		WP_000205278.1	541	IUJ38_RS19360
NZ_CP064385.1	4021049	4021936		plus	methylisocitrate lyase	prpB	0	protein-coding		WP_000052224.1	295	IUJ38_RS19365
NZ_CP064385.1	4022059	4023228		plus	bifunctional 2-methylcitrate synthase/citrate synthase	prpC	0	protein-coding		WP_000132749.1	389	IUJ38_RS19370
NZ_CP064385.1	4023268	4024719		plus	bifunctional 2-methylcitrate dehydratase/aconitate hydratase		0	protein-coding		WP_000107071.1	483	IUJ38_RS19375
NZ_CP064385.1	4024760	4026646		plus	propionate--CoA ligase	prpE	0	protein-coding		WP_000010229.1	628	IUJ38_RS19380
NZ_CP064385.1	4026750	4027724		minus	porphobilinogen synthase	hemB	0	protein-coding		WP_000130724.1	324	IUJ38_RS19385
NZ_CP064385.1	4028237	4031173		plus	autotransporter outer membrane beta-barrel domain-containing protein		0	protein-coding		WP_000556518.1	978	IUJ38_RS19390
NZ_CP064385.1	4031259	4031882		plus	hydrogen peroxide resistance inhibitor IprA	iprA	0	protein-coding		WP_000950242.1	207	IUJ38_RS19395
NZ_CP064385.1	4031927	4033084		minus	D-alanyl-D-alanine-carboxypeptidase/endopeptidase AmpH	ampH	0	protein-coding		WP_000830784.1	385	IUJ38_RS19400
NZ_CP064385.1	4033431	4034651		plus	peptide antibiotic transporter SbmA	sbmA	0	protein-coding		WP_000477024.1	406	IUJ38_RS19405
NZ_CP064385.1	4034666	4035760		plus	surface-exposed outer membrane lipoprotein YaiW	yaiW	0	protein-coding		WP_001271421.1	364	IUJ38_RS19410
NZ_CP064385.1	4035798	4036106		minus	YaiY family protein		0	protein-coding		WP_000763139.1	102	IUJ38_RS19415
NZ_CP064385.1	4036374	4036589		plus	DUF2754 family protein		0	protein-coding		WP_001239243.1	71	IUJ38_RS19420
NZ_CP064385.1	4036615	4037709		minus	D-alanine--D-alanine ligase	ddlA	0	protein-coding		WP_001096588.1	364	IUJ38_RS19425
NZ_CP064385.1	4037787	4038500		plus	extensin-like domain-containing protein		0	protein-coding		WP_000480794.1	237	IUJ38_RS19430
NZ_CP064385.1	4038669	4039880		plus	multidrug efflux MFS transporter		0	protein-coding		WP_000446768.1	403	IUJ38_RS19435
NZ_CP064385.1	4040177	4040437		plus	anti-adapter protein IraP	iraP	0	protein-coding		WP_001518423.1	86	IUJ38_RS19440
NZ_CP064385.1	4040789	4041109		plus	phosphate starvation-inducible protein PsiF	psiF	0	protein-coding		WP_000705165.1	106	IUJ38_RS19445
NZ_CP064385.1	4041201	4042313		plus	diguanylate cyclase AdrA	adrA	0	protein-coding		WP_000484086.1	370	IUJ38_RS19450
NZ_CP064385.1	4042328	4043137		minus	pyrroline-5-carboxylate reductase	proC	0	protein-coding		WP_000412195.1	269	IUJ38_RS19455
NZ_CP064385.1	4043277	4043732		plus	YaiI/YqxD family protein		0	protein-coding		WP_000158137.1	151	IUJ38_RS19460
NZ_CP064385.1	4043917	4044462		plus	shikimate kinase AroL	aroL	0	protein-coding		WP_000983569.1	181	IUJ38_RS19465
NZ_CP064385.1	4044489	4044680		plus	protein YaiA	yaiA	0	protein-coding		WP_001143163.1	63	IUJ38_RS19470
NZ_CP064385.1	4044931	4045608		plus	AroM family protein		0	protein-coding		WP_001276437.1	225	IUJ38_RS19475
NZ_CP064385.1	4045679	4045963		plus	pyrimidine/purine nucleoside phosphorylase	ppnP	0	protein-coding		WP_000941952.1	94	IUJ38_RS19480
NZ_CP064385.1	4046001	4046912		minus	recombination-associated protein RdgC	rdgC	0	protein-coding		WP_000964305.1	303	IUJ38_RS19485
NZ_CP064385.1	4047038	4047946		plus	fructokinase	mak	0	protein-coding		WP_001219277.1	302	IUJ38_RS19490
NZ_CP064385.1	4047968	4049140		minus	MFS transporter AraJ	araJ	0	protein-coding		WP_000755620.1	390	IUJ38_RS19495
NZ_CP064385.1	4049313	4052453		minus	exonuclease subunit SbcC	sbcC	0	protein-coding		WP_001526312.1	1046	IUJ38_RS19500
NZ_CP064385.1	4052450	4053652		minus	exonuclease subunit SbcD	sbcD	0	protein-coding		WP_001221261.1	400	IUJ38_RS19505
NZ_CP064385.1	4053867	4054556		plus	phosphate response regulator transcription factor PhoB	phoB	0	protein-coding		WP_000113921.1	229	IUJ38_RS19510
NZ_CP064385.1	4054626	4055921		plus	phosphate regulon sensor histidine kinase PhoR	phoR	0	protein-coding		WP_000893645.1	431	IUJ38_RS19515
NZ_CP064385.1	4056330	4057649		plus	branched-chain amino acid transporter carrier protein BrnQ	brnQ	0	protein-coding		WP_000149625.1	439	IUJ38_RS19520
NZ_CP064385.1	4057724	4059094		plus	proline-specific permease ProY	proY	0	protein-coding		WP_001555879.1	456	IUJ38_RS19525
NZ_CP064385.1	4059256	4061073		plus	maltodextrin glucosidase	malZ	0	protein-coding		WP_000930727.1	605	IUJ38_RS19530
NZ_CP064385.1	4061145	4061747		minus	peroxiredoxin		0	protein-coding		WP_000244731.1	200	IUJ38_RS19535
NZ_CP064385.1	4061957	4062538		minus	ACP phosphodiesterase	acpH	0	protein-coding		WP_001009858.1	193	IUJ38_RS19540
NZ_CP064385.1	4062632	4063696		plus	tRNA preQ1(34) S-adenosylmethionine ribosyltransferase-isomerase QueA	queA	0	protein-coding		WP_001266530.1	354	IUJ38_RS19545
NZ_CP064385.1	4063893	4065020		plus	tRNA guanosine(34) transglycosylase Tgt	tgt	0	protein-coding		WP_000667305.1	375	IUJ38_RS19550
NZ_CP064385.1	4065043	4065375		plus	preprotein translocase subunit YajC	yajC	0	protein-coding		WP_000007628.1	110	IUJ38_RS19555
NZ_CP064385.1	4065403	4067250		plus	protein translocase subunit SecD	secD	0	protein-coding		WP_000934806.1	615	IUJ38_RS19560
NZ_CP064385.1	4067261	4068232		plus	protein translocase subunit SecF	secF	0	protein-coding		WP_000046629.1	323	IUJ38_RS19565
NZ_CP064385.1	4068380	4068745		plus	VOC family protein		0	protein-coding		WP_000793035.1	121	IUJ38_RS19570
NZ_CP064385.1	4068771	4069463		plus	helix-turn-helix transcriptional regulator		0	protein-coding		WP_000198318.1	230	IUJ38_RS19575
NZ_CP064385.1	4069633	4069980		plus	HNH nuclease YajD	yajD	0	protein-coding		WP_000974818.1	115	IUJ38_RS19580
NZ_CP064385.1	4070418	4070525		plus	type I toxin-antitoxin system toxin Ldr family protein		0	protein-coding		WP_000176312.1	35	IUJ38_RS19585
NZ_CP064385.1	4070609	4071472		minus	nucleoside-specific channel-forming protein Tsx		0	protein-coding		WP_000752021.1	287	IUJ38_RS19590
NZ_CP064385.1	4071772	4072311		minus	SadB/YajI family lipoprotein		0	protein-coding		WP_000198484.1	179	IUJ38_RS19595
NZ_CP064385.1	4072463	4072912		plus	transcriptional regulator NrdR	nrdR	0	protein-coding		WP_000543533.1	149	IUJ38_RS19600
NZ_CP064385.1	4072916	4074019		plus	bifunctional diaminohydroxyphosphoribosylaminopyrimidine deaminase/5-amino-6-(5-phosphoribosylamino)uracil reductase RibD	ribD	0	protein-coding		WP_001150216.1	367	IUJ38_RS19605
NZ_CP064385.1	4074108	4074578		plus	6,7-dimethyl-8-ribityllumazine synthase	ribH	0	protein-coding		WP_001021372.1	156	IUJ38_RS19610
NZ_CP064385.1	4074599	4075018		plus	transcription antitermination factor NusB	nusB	0	protein-coding		WP_000801129.1	139	IUJ38_RS19615
NZ_CP064385.1	4075097	4076074		plus	thiamine-phosphate kinase	thiL	0	protein-coding		WP_000752138.1	325	IUJ38_RS19620
NZ_CP064385.1	4076052	4076567		plus	phosphatidylglycerophosphatase A	pgpA	0	protein-coding		WP_000154063.1	171	IUJ38_RS19625
NZ_CP064385.1	4076671	4077645		minus	aldo/keto reductase		0	protein-coding		WP_001199859.1	324	IUJ38_RS19630
NZ_CP064385.1	4077702	4079564		minus	1-deoxy-D-xylulose-5-phosphate synthase	dxs	0	protein-coding		WP_000006777.1	620	IUJ38_RS19635
NZ_CP064385.1	4079588	4080487		minus	(2E,6E)-farnesyl diphosphate synthase	ispA	0	protein-coding		WP_000348074.1	299	IUJ38_RS19640
NZ_CP064385.1	4080488	4080730		minus	exodeoxyribonuclease VII small subunit	xseB	0	protein-coding		WP_001124944.1	80	IUJ38_RS19645
NZ_CP064385.1	4080940	4082388		plus	tRNA uracil 4-sulfurtransferase ThiI	thiI	0	protein-coding		WP_000668708.1	482	IUJ38_RS19650
NZ_CP064385.1	4082432	4083229		minus	2-aminoethylphosphonate ABC transport system, membrane component PhnV	phnV	0	protein-coding		WP_000909791.1	265	IUJ38_RS19655
NZ_CP064385.1	4083232	4084092		minus	2-aminoethylphosphonate ABC transporter permease subunit	phnU	0	protein-coding		WP_000052716.1	286	IUJ38_RS19660
NZ_CP064385.1	4084095	4085204		minus	2-aminoethylphosphonate ABC transport system ATP-binding subunit PhnT	phnT	0	protein-coding		WP_000928801.1	369	IUJ38_RS19665
NZ_CP064385.1	4085210	4086223		minus	2-aminoethylphosphonate ABC transporter substrate-binding protein	phnS	0	protein-coding		WP_000778012.1	337	IUJ38_RS19670
NZ_CP064385.1	4086421	4087140		minus	phosphonate utilization transcriptional regulator PhnR	phnR	0	protein-coding		WP_000836268.1	239	IUJ38_RS19675
NZ_CP064385.1	4087280	4088383		plus	2-aminoethylphosphonate--pyruvate transaminase	phnW	0	protein-coding		WP_000203955.1	367	IUJ38_RS19680
NZ_CP064385.1	4088393	4089202		plus	phosphonoacetaldehyde hydrolase	phnX	0	protein-coding		WP_001526311.1	269	IUJ38_RS19685
NZ_CP064385.1	4089299	4089889		minus	protein deglycase YajL	yajL	0	protein-coding		WP_001275806.1	196	IUJ38_RS19690
NZ_CP064385.1	4089852	4090763		minus	2-dehydropantoate 2-reductase	panE	0	protein-coding		WP_000705816.1	303	IUJ38_RS19695
NZ_CP064385.1	4090889	4091380		plus	YajQ family cyclic di-GMP-binding protein		0	protein-coding		WP_001138913.1	163	IUJ38_RS19700
NZ_CP064385.1	4091427	4092791		minus	MFS transporter		0	protein-coding		WP_001000938.1	454	IUJ38_RS19705
NZ_CP064385.1	4093022	4093153		minus	uncharacterized gene		0	pseudogene				IUJ38_RS19710
NZ_CP064385.1	4093328	4094839		plus	SEL1-like repeat protein		0	protein-coding		WP_000403151.1	503	IUJ38_RS19715
NZ_CP064385.1	4094851	4096344		plus	tetratricopeptide repeat protein		0	protein-coding		WP_000595924.1	497	IUJ38_RS19720
NZ_CP064385.1	4096426	4097316		minus	heme o synthase	cyoE	0	protein-coding		WP_000971352.1	296	IUJ38_RS19725
NZ_CP064385.1	4097328	4097657		minus	cytochrome o ubiquinol oxidase subunit IV		0	protein-coding		WP_000019878.1	109	IUJ38_RS19730
NZ_CP064385.1	4097657	4098271		minus	cytochrome o ubiquinol oxidase subunit III		0	protein-coding		WP_000179833.1	204	IUJ38_RS19735
NZ_CP064385.1	4098261	4100252		minus	cytochrome o ubiquinol oxidase subunit I	cyoB	0	protein-coding		WP_000467158.1	663	IUJ38_RS19740
NZ_CP064385.1	4100263	4101219		minus	cytochrome o ubiquinol oxidase subunit II	cyoA	0	protein-coding		WP_001239449.1	318	IUJ38_RS19745
NZ_CP064385.1	4101672	4103147		minus	muropeptide MFS transporter AmpG	ampG	0	protein-coding		WP_000098481.1	491	IUJ38_RS19750
NZ_CP064385.1	4103191	4103769		minus	lipoprotein		0	protein-coding		WP_001537832.1	192	IUJ38_RS19755
NZ_CP064385.1	4104073	4104390		plus	transcriptional regulator BolA	bolA	0	protein-coding		WP_000973433.1	105	IUJ38_RS19760
NZ_CP064385.1	4104737	4106035		plus	trigger factor	tig	0	protein-coding		WP_001198406.1	432	IUJ38_RS19765
NZ_CP064385.1	4106282	4106905		plus	ATP-dependent Clp endopeptidase proteolytic subunit ClpP	clpP	0	protein-coding		WP_000122257.1	207	IUJ38_RS19770
NZ_CP064385.1	4107157	4108428		plus	ATP-dependent protease ATP-binding subunit ClpX	clpX	0	protein-coding		WP_000130314.1	423	IUJ38_RS19775
NZ_CP064385.1	4108614	4110968		plus	endopeptidase La	lon	0	protein-coding		WP_001067723.1	784	IUJ38_RS19780
NZ_CP064385.1	4111159	4111449		plus	nucleoid-associated protein HU-beta	hupB	0	protein-coding		WP_254888479.1	96	IUJ38_RS19785
NZ_CP064385.1	4111740	4113611		plus	peptidylprolyl isomerase	ppiD	0	protein-coding		WP_000969434.1	623	IUJ38_RS19790
NZ_CP064385.1	4113761	4114135		plus	helix-hairpin-helix domain-containing protein		0	protein-coding		WP_000680322.1	124	IUJ38_RS19795
NZ_CP064385.1	4114239	4114637		plus	long-chain acyl-CoA thioesterase FadM	fadM	0	protein-coding		WP_001194543.1	132	IUJ38_RS19800
NZ_CP064385.1	4114743	4115438		minus	7-cyano-7-deazaguanine synthase QueC	queC	0	protein-coding		WP_000817201.1	231	IUJ38_RS19805
NZ_CP064385.1	4115503	4117203		minus	SgrR family transcriptional regulator		0	protein-coding		WP_001238163.1	566	IUJ38_RS19810
NZ_CP064385.1	4117304	4118122		plus	HMP-PP phosphatase	cof	0	protein-coding		WP_000113030.1	272	IUJ38_RS19815
NZ_CP064385.1	4118172	4119227		minus	cysteine desulfhydrase	cdsH	0	protein-coding		WP_000987846.1	351	IUJ38_RS19820
NZ_CP064385.1	4119340	4119798		plus	DNA-binding transcriptional regulator DecR	decR	0	protein-coding		WP_000884593.1	152	IUJ38_RS19825
NZ_CP064385.1	4119839	4121611		plus	SmdA family multidrug ABC transporter permease/ATP-binding protein		0	protein-coding		WP_001235572.1	590	IUJ38_RS19830
NZ_CP064385.1	4121604	4123385		plus	SmdB family multidrug efflux ABC transporter permease/ATP-binding protein		0	protein-coding		WP_001256070.1	593	IUJ38_RS19835
NZ_CP064385.1	4123598	4123936		plus	P-II family nitrogen regulator	glnK	0	protein-coding		WP_000780341.1	112	IUJ38_RS19840
NZ_CP064385.1	4123968	4125254		plus	ammonium transporter AmtB	amtB	0	protein-coding		WP_000684912.1	428	IUJ38_RS19845
NZ_CP064385.1	4125354	4126214		minus	acyl-CoA thioesterase II	tesB	0	protein-coding		WP_000084180.1	286	IUJ38_RS19850
NZ_CP064385.1	4126429	4126998		plus	YbaY family lipoprotein		0	protein-coding		WP_000779803.1	189	IUJ38_RS19855
NZ_CP064385.1	4127031	4127420		minus	MGMT family protein		0	protein-coding		WP_000961285.1	129	IUJ38_RS19860
NZ_CP064385.1	4127505	4127601		plus	signal recognition particle sRNA small type	ffs	0	other				IUJ38_RS19865
NZ_CP064385.1	4127651	4129201		minus	EAL domain-containing protein		0	protein-coding		WP_000213139.1	516	IUJ38_RS19870
NZ_CP064385.1	4129426	4129686		plus	type B 50S ribosomal protein L31		0	protein-coding		WP_000801415.1	86	IUJ38_RS19875
NZ_CP064385.1	4129692	4129832		plus	type B 50S ribosomal protein L36	ykgO	0	protein-coding		WP_001197749.1	46	IUJ38_RS19880
NZ_CP064385.1	4129888	4130358		minus	YlaC family protein		0	protein-coding		WP_000136181.1	156	IUJ38_RS19885
NZ_CP064385.1	4130475	4131026		minus	maltose O-acetyltransferase	maa	0	protein-coding		WP_001278792.1	183	IUJ38_RS19890
NZ_CP064385.1	4131205	4131423		minus	hemolysin expression-modulating protein Hha		0	protein-coding		WP_001280991.1	72	IUJ38_RS19895
NZ_CP064385.1	4131451	4131825		minus	Hha toxicity modulator TomB	tomB	0	protein-coding		WP_000344807.1	124	IUJ38_RS19900
NZ_CP064385.1	4132321	4135470		minus	efflux RND transporter permease AcrB	acrB	0	protein-coding		WP_001132508.1	1049	IUJ38_RS19905
NZ_CP064385.1	4135493	4136686		minus	multidrug efflux RND transporter periplasmic adaptor subunit AcrA	acrA	0	protein-coding		WP_001039202.1	397	IUJ38_RS19910
NZ_CP064385.1	4136828	4137481		plus	multidrug efflux transporter transcriptional repressor AcrR	acrR	0	protein-coding		WP_000101755.1	217	IUJ38_RS19915
NZ_CP064385.1	4137600	4140962		plus	mechanosensitive channel MscK	mscK	0	protein-coding		WP_000178249.1	1120	IUJ38_RS19920
NZ_CP064385.1	4141004	4141939		minus	Rpn family recombination-promoting nuclease/putative transposase		0	protein-coding		WP_000440523.1	311	IUJ38_RS19925
NZ_CP064385.1	4142009	4142176		minus	pleiotropic regulatory protein RsmS	rsmS	0	protein-coding		WP_000051161.1	55	IUJ38_RS19930
NZ_CP064385.1	4142190	4142717		minus	primosomal replication protein N''	priC	0	protein-coding		WP_001738050.1	175	IUJ38_RS19935
NZ_CP064385.1	4142786	4143163		plus	DUF454 family protein		0	protein-coding		WP_001189860.1	125	IUJ38_RS19940
NZ_CP064385.1	4143316	4143867		plus	adenine phosphoribosyltransferase	apt	0	protein-coding		WP_000127350.1	183	IUJ38_RS19945
NZ_CP064385.1	4143981	4145909		plus	DNA polymerase III subunit gamma/tau	dnaX	0	protein-coding		WP_000121962.1	642	IUJ38_RS19950
NZ_CP064385.1	4145955	4146284		plus	YbaB/EbfC family nucleoid-associated protein		0	protein-coding		WP_000467098.1	109	IUJ38_RS19955
NZ_CP064385.1	4146284	4146889		plus	recombination mediator RecR	recR	0	protein-coding		WP_001195023.1	201	IUJ38_RS19960
NZ_CP064385.1	4147000	4148874		plus	molecular chaperone HtpG	htpG	0	protein-coding		WP_001520210.1	624	IUJ38_RS19965
NZ_CP064385.1	4149115	4149759		plus	adenylate kinase	adk	0	protein-coding		WP_001220237.1	214	IUJ38_RS19970
NZ_CP064385.1	4149988	4150950		plus	ferrochelatase	hemH	0	protein-coding		WP_001250078.1	320	IUJ38_RS19975
NZ_CP064385.1	4150947	4151918		minus	acetyl esterase	aes	0	protein-coding		WP_000801786.1	323	IUJ38_RS19980
NZ_CP064385.1	4152071	4153375		plus	inosine/guanosine kinase	gsk	0	protein-coding		WP_000671592.1	434	IUJ38_RS19985
NZ_CP064385.1	4153424	4155100		minus	YbaL family putative K(+) efflux transporter	ybaL	0	protein-coding		WP_000546207.1	558	IUJ38_RS19990
NZ_CP064385.1	4155315	4156535		minus	MFS transporter		0	protein-coding		WP_001251593.1	406	IUJ38_RS19995
NZ_CP064385.1	4156708	4158360		plus	bifunctional UDP-sugar hydrolase/5'-nucleotidase UshA	ushA	0	protein-coding		WP_000670407.1	550	IUJ38_RS20000
NZ_CP064385.1	4158477	4158956		minus	Cys-tRNA(Pro)/Cys-tRNA(Cys) deacylase YbaK	ybaK	0	protein-coding		WP_000186618.1	159	IUJ38_RS20005
NZ_CP064385.1	4159158	4159952		minus	TraB/GumN family protein		0	protein-coding		WP_000421859.1	264	IUJ38_RS20010
NZ_CP064385.1	4160038	4160865		minus	lysozyme inhibitor LprI family protein		0	protein-coding		WP_000488548.1	275	IUJ38_RS20015
NZ_CP064385.1	4161019	4163520		minus	copper-exporting P-type ATPase CopA	copA	0	protein-coding		WP_000083899.1	833	IUJ38_RS20020
NZ_CP064385.1	4163630	4164046		plus	Cu(I)-responsive transcriptional regulator	cueR	0	protein-coding		WP_001026760.1	138	IUJ38_RS20025
NZ_CP064385.1	4164047	4164499		minus	NfeD family protein		0	protein-coding		WP_000561177.1	150	IUJ38_RS20030
NZ_CP064385.1	4164496	4165413		minus	SPFH domain-containing protein		0	protein-coding		WP_000906146.1	305	IUJ38_RS20035
NZ_CP064385.1	4165560	4166237		plus	iron efflux ABC transporter ATP-binding subunit FetA	fetA	0	protein-coding		WP_000140195.1	225	IUJ38_RS20040
NZ_CP064385.1	4166224	4167003		plus	iron efflux ABC transporter permease subunit FetB	fetB	0	protein-coding		WP_001002130.1	259	IUJ38_RS20045
NZ_CP064385.1	4167089	4167943		minus	chaperedoxin	cnoX	0	protein-coding		WP_000116058.1	284	IUJ38_RS20050
NZ_CP064385.1	4168003	4168773		minus	SDR family oxidoreductase		0	protein-coding		WP_001172802.1	256	IUJ38_RS20055
NZ_CP064385.1	4168928	4169542		minus	multifunctional acyl-CoA thioesterase I/protease I/lysophospholipase L1	tesA	0	protein-coding		WP_001010574.1	204	IUJ38_RS20060
NZ_CP064385.1	4169513	4170199		plus	putative ABC transporter ATP-binding protein YbbA	ybbA	0	protein-coding		WP_001110598.1	228	IUJ38_RS20065
NZ_CP064385.1	4170196	4172610		plus	putative ABC transporter permease subunit YbbP	ybbP	0	protein-coding		WP_000561776.1	804	IUJ38_RS20070
NZ_CP064385.1	4172796	4173929		plus	porin		0	protein-coding		WP_000152869.1	377	IUJ38_RS20075
NZ_CP064385.1	4174186	4175016		plus	MetQ/NlpA family ABC transporter substrate-binding protein		0	protein-coding		WP_000524317.1	276	IUJ38_RS20080
NZ_CP064385.1	4175053	4176069		plus	virulence-associated ABC transporter ATP-binding protein SfbB	sfbB	0	protein-coding		WP_000569660.1	338	IUJ38_RS20085
NZ_CP064385.1	4176062	4176721		plus	methionine ABC transporter permease		0	protein-coding		WP_000342247.1	219	IUJ38_RS20090
NZ_CP064385.1	4176760	4177854		minus	tRNA 2-selenouridine(34) synthase MnmH	mnmH	0	protein-coding		WP_001154078.1	364	IUJ38_RS20095
NZ_CP064385.1	4177924	4178850		minus	HTH-type transcriptional activator AllS	allS	0	protein-coding		WP_000460169.1	308	IUJ38_RS20100
NZ_CP064385.1	4179077	4179559		plus	ureidoglycolate lyase	allA	0	protein-coding		WP_000764664.1	160	IUJ38_RS20105
NZ_CP064385.1	4179638	4180456		plus	HTH-type transcriptional repressor AllR	allR	0	protein-coding		WP_000141265.1	272	IUJ38_RS20110
NZ_CP064385.1	4180541	4182322		plus	glyoxylate carboligase	gcl	0	protein-coding		WP_001096865.1	593	IUJ38_RS20115
NZ_CP064385.1	4182335	4183111		plus	hydroxypyruvate isomerase Gip	gip	0	protein-coding		WP_000943591.1	258	IUJ38_RS20120
NZ_CP064385.1	4183212	4184090		plus	2-hydroxy-3-oxopropionate reductase	glxR	0	protein-coding		WP_000765810.1	292	IUJ38_RS20125
NZ_CP064385.1	4184156	4185403		plus	MFS transporter		0	protein-coding		WP_000005067.1	415	IUJ38_RS20130
NZ_CP064385.1	4185499	4186953		plus	allantoin transporter		0	protein-coding		WP_000401063.1	484	IUJ38_RS20135
NZ_CP064385.1	4187032	4188393		plus	allantoinase AllB	allB	0	protein-coding		WP_000006865.1	453	IUJ38_RS20140
NZ_CP064385.1	4188452	4189750		plus	uracil/xanthine transporter		0	protein-coding		WP_000484505.1	432	IUJ38_RS20145
NZ_CP064385.1	4189773	4190921		plus	glycerate 3-kinase	glxK	0	protein-coding		WP_000706331.1	382	IUJ38_RS20150
NZ_CP064385.1	4191001	4191786		minus	(S)-ureidoglycine aminohydrolase	allE	0	protein-coding		WP_000540981.1	261	IUJ38_RS20155
NZ_CP064385.1	4191797	4193032		minus	allantoate deiminase	allC	0	protein-coding		WP_000589769.1	411	IUJ38_RS20160
NZ_CP064385.1	4193054	4194103		minus	ureidoglycolate dehydrogenase AllD	allD	0	protein-coding		WP_000703934.1	349	IUJ38_RS20165
NZ_CP064385.1	4194434	4196098		plus	acyl-CoA synthetase FdrA		0	protein-coding		WP_000580915.1	554	IUJ38_RS20170
NZ_CP064385.1	4196108	4197367		plus	YlbE family protein		0	protein-coding		WP_000495330.1	419	IUJ38_RS20175
NZ_CP064385.1	4197379	4198188		plus	oxamate carbamoyltransferase subunit AllH family protein		0	protein-coding		WP_000821191.1	269	IUJ38_RS20180
NZ_CP064385.1	4198192	4199085		plus	carbamate kinase		0	protein-coding		WP_000855337.1	297	IUJ38_RS20185
NZ_CP064385.1	4199126	4200193		minus	5-(carboxyamino)imidazole ribonucleotide synthase	purK	0	protein-coding		WP_000815603.1	355	IUJ38_RS20190
NZ_CP064385.1	4200190	4200699		minus	5-(carboxyamino)imidazole ribonucleotide mutase	purE	0	protein-coding		WP_000098736.1	169	IUJ38_RS20195
NZ_CP064385.1	4200817	4201539		minus	UDP-2,3-diacylglucosamine diphosphatase	lpxH	0	protein-coding		WP_000212284.1	240	IUJ38_RS20200
NZ_CP064385.1	4201542	4202036		minus	peptidylprolyl isomerase B	ppiB	0	protein-coding		WP_000255991.1	164	IUJ38_RS20205
NZ_CP064385.1	4202209	4203594		plus	cysteine--tRNA ligase	cysS	0	protein-coding		WP_000912376.1	461	IUJ38_RS20210
NZ_CP064385.1	4203638	4204462		minus	DUF2145 domain-containing protein		0	protein-coding		WP_000819114.1	274	IUJ38_RS20215
NZ_CP064385.1	4204459	4204896		minus	STM0539 family protein		0	protein-coding		WP_001038573.1	145	IUJ38_RS20220
NZ_CP064385.1	4204889	4205434		minus	metal-dependent hydrolase		0	protein-coding		WP_001143507.1	181	IUJ38_RS20225
NZ_CP064385.1	4205562	4205774		minus	ribosome-associated protein YbcJ	ybcJ	0	protein-coding		WP_000190278.1	70	IUJ38_RS20230
NZ_CP064385.1	4205776	4206642		minus	bifunctional methylenetetrahydrofolate dehydrogenase/methenyltetrahydrofolate cyclohydrolase FolD	folD	0	protein-coding		WP_000729165.1	288	IUJ38_RS20235
NZ_CP064385.1	4207189	4207746		plus	type 1 fimbrial protein subunit FimA	fimA	0	protein-coding		WP_000681030.1	185	IUJ38_RS20240
NZ_CP064385.1	4207822	4208355		plus	type 1 fimbrial protein subunit FimI	fimI	0	protein-coding		WP_000619606.1	177	IUJ38_RS20245
NZ_CP064385.1	4208399	4209091		plus	type 1 fimbria chaperone FimC	fimC	0	protein-coding		WP_000935025.1	230	IUJ38_RS20250
NZ_CP064385.1	4209122	4211734		plus	fimbrial biogenesis usher protein		0	protein-coding		WP_000754233.1	870	IUJ38_RS20255
NZ_CP064385.1	4211749	4212756		plus	type 1 fimbria D-mannose specific adhesin FimH	fimH	0	protein-coding		WP_000708653.1	335	IUJ38_RS20260
NZ_CP064385.1	4212766	4213284		plus	fimbria assembly protein	sfmF	0	protein-coding		WP_000603405.1	172	IUJ38_RS20265
NZ_CP064385.1	4213330	4213962		minus	fimbria biosynthesis transcriptional regulator FimZ	fimZ	0	protein-coding		WP_000801273.1	210	IUJ38_RS20270
NZ_CP064385.1	4214566	4215288		minus	fimbria biosynthesis regulator FimY	fimY	0	protein-coding		WP_001258122.1	240	IUJ38_RS20275
NZ_CP064385.1	4215307	4215618		minus	diguanylate cyclase		0	protein-coding		WP_000226489.1	103	IUJ38_RS20280
NZ_CP064385.1	4215780	4216376		minus	fimbria biosynthesis transcriptional regulator FimW	fimW	0	protein-coding		WP_000944156.1	198	IUJ38_RS20285
NZ_CP064385.1	4216632	4216708		plus	tRNA-Arg		0	tRNA				IUJ38_RS20290
NZ_CP064385.1	4216730	4216855		minus	uncharacterized gene		0	pseudogene				IUJ38_RS20295
NZ_CP064385.1	4216824	4217238		minus	uncharacterized gene		0	pseudogene				IUJ38_RS20300
NZ_CP064385.1	4217273	4217491		minus	IS3 family transposase		0	protein-coding		WP_001541675.1	72	IUJ38_RS20305
NZ_CP064385.1	4217878	4219530		minus	putative glucosyltransferase GtrC1	gtrC1	0	protein-coding		WP_010988978.1	550	IUJ38_RS20310
NZ_CP064385.1	4219511	4220437		minus	glycosyltransferase family 2 protein		0	protein-coding		WP_000703614.1	308	IUJ38_RS20315
NZ_CP064385.1	4220434	4220796		minus	GtrA family protein		0	protein-coding		WP_000915523.1	120	IUJ38_RS20320
NZ_CP064385.1	4221037	4221130		plus	tRNA-OTHER		0	tRNA				IUJ38_RS20325
NZ_CP064385.1	4221664	4222038		minus	uncharacterized gene		0	pseudogene				IUJ38_RS20330
NZ_CP064385.1	4222042	4222281		plus	uncharacterized gene		0	pseudogene				IUJ38_RS20335
NZ_CP064385.1	4222332	4223186		minus	reactive chlorine-specific transcriptional regulator RclR	rclR	0	protein-coding		WP_000339633.1	284	IUJ38_RS20340
NZ_CP064385.1	4223402	4224727		plus	reactive chlorine resistance oxidoreductase RclA	rclA	0	protein-coding		WP_000195929.1	441	IUJ38_RS20345
NZ_CP064385.1	4224884	4225120		plus	reactive chlorine resistance periplasmic protein RclB	rclB	0	protein-coding		WP_000922170.1	78	IUJ38_RS20350
NZ_CP064385.1	4225133	4225693		plus	reactive chlorine resistance membrane protein RclC	rclC	0	protein-coding		WP_000362180.1	186	IUJ38_RS20355
NZ_CP064385.1	4225772	4226947		minus	coiled-coil domain-containing protein		0	protein-coding		WP_001033457.1	391	IUJ38_RS20360
NZ_CP064385.1	4227273	4228667		plus	phenylalanine transporter	pheP	0	protein-coding		WP_000786288.1	464	IUJ38_RS20365
NZ_CP064385.1	4228709	4229956		minus	mechanosensitive ion channel family protein		0	protein-coding		WP_001156978.1	415	IUJ38_RS20370
NZ_CP064385.1	4230267	4232237		plus	autotransporter domain-containing esterase		0	protein-coding		WP_000192437.1	656	IUJ38_RS20375
NZ_CP064385.1	4232404	4235133		plus	sigma-54-dependent transcriptional regulator		0	protein-coding		WP_001031460.1	909	IUJ38_RS20380
NZ_CP064385.1	4235261	4236247		minus	SIS domain-containing protein		0	protein-coding		WP_000109360.1	328	IUJ38_RS20385
NZ_CP064385.1	4236314	4237357		minus	glutamine--fructose-6-phosphate aminotransferase		0	protein-coding		WP_010988979.1	347	IUJ38_RS20390
NZ_CP064385.1	4237390	4238244		minus	PTS system mannose/fructose/sorbose family transporter subunit IID		0	protein-coding		WP_000005803.1	284	IUJ38_RS20395
NZ_CP064385.1	4238247	4238990		minus	PTS mannose/fructose/sorbose/N-acetylgalactosamine transporter subunit IIC		0	protein-coding		WP_000927523.1	247	IUJ38_RS20400
NZ_CP064385.1	4239005	4239475		minus	PTS sugar transporter subunit IIB		0	protein-coding		WP_000594177.1	156	IUJ38_RS20405
NZ_CP064385.1	4239453	4239902		minus	PTS sugar transporter subunit IIA		0	protein-coding		WP_001216659.1	149	IUJ38_RS20410
NZ_CP064385.1	4240102	4240755		minus	oxygen-insensitive NAD(P)H nitroreductase	nfsB	0	protein-coding		WP_000355879.1	217	IUJ38_RS20415
NZ_CP064385.1	4240852	4241220		minus	MmcQ/YjbR family DNA-binding protein		0	protein-coding		WP_000348999.1	122	IUJ38_RS20420
NZ_CP064385.1	4241220	4241801		minus	TetR/AcrR family transcriptional regulator		0	protein-coding		WP_000113609.1	193	IUJ38_RS20425
NZ_CP064385.1	4242090	4242431		plus	RamA family antibiotic efflux transcriptional regulator		0	protein-coding		WP_000155631.1	113	IUJ38_RS20430
NZ_CP064385.1	4242437	4242685		minus	DUF1158 family protein		0	protein-coding		WP_000682497.1	82	IUJ38_RS20435
NZ_CP064385.1	4242752	4243870		minus	YbdK family carboxylate-amine ligase		0	protein-coding		WP_001196903.1	372	IUJ38_RS20440
NZ_CP064385.1	4243882	4244586		minus	enterobactin synthase subunit EntD	entD	0	protein-coding		WP_000958064.1	234	IUJ38_RS20445
NZ_CP064385.1	4244632	4246887		minus	TonB-dependent siderophore receptor		0	protein-coding		WP_001034972.1	751	IUJ38_RS20450
NZ_CP064385.1	4247076	4248290		plus	enterochelin esterase	fes	0	protein-coding		WP_000656600.1	404	IUJ38_RS20455
NZ_CP064385.1	4248321	4248539		plus	MbtH family protein		0	protein-coding		WP_000396006.1	72	IUJ38_RS20460
NZ_CP064385.1	4248536	4252420		plus	enterobactin non-ribosomal peptide synthetase EntF	entF	0	protein-coding		WP_000194139.1	1294	IUJ38_RS20465
NZ_CP064385.1	4252670	4253806		plus	LPS O-antigen length regulator Wzz(fepE)	wzz(fepE)	0	protein-coding		WP_001139584.1	378	IUJ38_RS20470
NZ_CP064385.1	4253859	4254653		minus	iron-enterobactin ABC transporter ATP-binding protein	fepC	0	protein-coding		WP_000140620.1	264	IUJ38_RS20475
NZ_CP064385.1	4254650	4255639		minus	iron-enterobactin ABC transporter permease	fepG	0	protein-coding		WP_000480067.1	329	IUJ38_RS20480
NZ_CP064385.1	4255639	4256646		minus	Fe(3+)-siderophore ABC transporter permease	fepD	0	protein-coding		WP_001277880.1	335	IUJ38_RS20485
NZ_CP064385.1	4256757	4258001		plus	enterobactin transporter EntS	entS	0	protein-coding		WP_001081661.1	414	IUJ38_RS20490
NZ_CP064385.1	4258064	4259020		minus	Fe2+-enterobactin ABC transporter substrate-binding protein	fepB	0	protein-coding		WP_001238988.1	318	IUJ38_RS20495
NZ_CP064385.1	4259329	4260504		plus	isochorismate synthase EntC	entC	0	protein-coding		WP_000367601.1	391	IUJ38_RS20500
NZ_CP064385.1	4260514	4262124		plus	(2,3-dihydroxybenzoyl)adenylate synthase EntE	entE	0	protein-coding		WP_001222445.1	536	IUJ38_RS20505
NZ_CP064385.1	4262138	4262995		plus	isochorismatase		0	protein-coding		WP_001007166.1	285	IUJ38_RS20510
NZ_CP064385.1	4262995	4263750		plus	2,3-dihydro-2,3-dihydroxybenzoate dehydrogenase EntA	entA	0	protein-coding		WP_000145522.1	251	IUJ38_RS20515
NZ_CP064385.1	4263753	4264166		plus	proofreading thioesterase EntH	entH	0	protein-coding		WP_000637965.1	137	IUJ38_RS20520
NZ_CP064385.1	4264348	4266453		plus	pyruvate/proton symporter CstA	cstA	0	protein-coding		WP_001043108.1	701	IUJ38_RS20525
NZ_CP064385.1	4266517	4266714		plus	YbdD/YjiX family protein		0	protein-coding		WP_000460619.1	65	IUJ38_RS20530
NZ_CP064385.1	4266750	4267838		minus	oxidoreductase		0	protein-coding		WP_001016847.1	362	IUJ38_RS20535
NZ_CP064385.1	4267965	4269125		plus	pyridoxal phosphate-dependent aminotransferase		0	protein-coding		WP_001245592.1	386	IUJ38_RS20540
NZ_CP064385.1	4269126	4269743		minus	IbrB-like domain-containing protein		0	protein-coding		WP_001164756.1	205	IUJ38_RS20545
NZ_CP064385.1	4269716	4270951		minus	phosphoadenosine phosphosulfate reductase		0	protein-coding		WP_000118144.1	411	IUJ38_RS20550
NZ_CP064385.1	4271117	4272019		minus	DNA-binding transcriptional repressor CitR	citR	0	protein-coding		WP_000002497.1	300	IUJ38_RS20555
NZ_CP064385.1	4272336	4273082		minus	thiol:disulfide interchange protein DsbG	dsbG	0	protein-coding		WP_000597122.1	248	IUJ38_RS20560
NZ_CP064385.1	4273523	4274086		plus	alkyl hydroperoxide reductase subunit C	ahpC	0	protein-coding		WP_000052802.1	187	IUJ38_RS20565
NZ_CP064385.1	4274328	4275893		plus	alkyl hydroperoxide reductase subunit F	ahpF	0	protein-coding		WP_000887644.1	521	IUJ38_RS20570
NZ_CP064385.1	4276225	4276785		plus	TorD/DmsD family molecular chaperone		0	protein-coding		WP_000377438.1	186	IUJ38_RS20575
NZ_CP064385.1	4276778	4279057		plus	molybdopterin-dependent oxidoreductase		0	protein-coding		WP_000064328.1	759	IUJ38_RS20580
NZ_CP064385.1	4279054	4279611		plus	4Fe-4S dicluster domain-containing protein		0	protein-coding		WP_001250381.1	185	IUJ38_RS20585
NZ_CP064385.1	4279611	4280378		plus	dimethyl sulfoxide reductase anchor subunit family protein		0	protein-coding		WP_000417097.1	255	IUJ38_RS20590
NZ_CP064385.1	4280446	4280874		minus	universal stress protein UspG	uspG	0	protein-coding		WP_000278499.1	142	IUJ38_RS20595
NZ_CP064385.1	4281097	4282335		plus	zinc-dependent alcohol dehydrogenase		0	protein-coding		WP_000646113.1	412	IUJ38_RS20600
NZ_CP064385.1	4282418	4282828		minus	nucleoside diphosphate kinase regulator	rnk	0	protein-coding		WP_000089748.1	136	IUJ38_RS20605
NZ_CP064385.1	4283063	4283869		minus	ribonuclease I	rna	0	protein-coding		WP_001092580.1	268	IUJ38_RS20610
NZ_CP064385.1	4283979	4285442		minus	citrate/succinate antiporter CitT	citT	0	protein-coding		WP_000059029.1	487	IUJ38_RS20615
NZ_CP064385.1	4285480	4286376		minus	triphosphoribosyl-dephospho-CoA synthase CitG	citG	0	protein-coding		WP_000982663.1	298	IUJ38_RS20620
NZ_CP064385.1	4286348	4286899		minus	citrate lyase holo-[acyl-carrier protein] synthase	citX	0	protein-coding		WP_001236063.1	183	IUJ38_RS20625
NZ_CP064385.1	4286903	4288432		minus	citrate lyase subunit alpha	citF	0	protein-coding		WP_000192334.1	509	IUJ38_RS20630
NZ_CP064385.1	4288442	4289350		minus	citrate (pro-3S)-lyase subunit beta	citE	0	protein-coding		WP_000622342.1	302	IUJ38_RS20635
NZ_CP064385.1	4289347	4289643		minus	citrate lyase acyl carrier protein	citD	0	protein-coding		WP_000700679.1	98	IUJ38_RS20640
NZ_CP064385.1	4289640	4290716		minus	[citrate (pro-3S)-lyase] ligase	citC	0	protein-coding		WP_000467874.1	358	IUJ38_RS20645
NZ_CP064385.1	4291101	4292762		plus	sensor histidine kinase DpiB	dpiB	0	protein-coding		WP_001277836.1	553	IUJ38_RS20650
NZ_CP064385.1	4292731	4293411		plus	two-component response regulator DpiA	dpiA	0	protein-coding		WP_000138788.1	226	IUJ38_RS20655
NZ_CP064385.1	4293465	4294850		minus	anaerobic C4-dicarboxylate transporter DcuC	dcuC	0	protein-coding		WP_000958610.1	461	IUJ38_RS20660
NZ_CP064385.1	4295229	4295801		plus	lipid IV(A) palmitoyltransferase PagP	pagP	0	protein-coding		WP_000289054.1	190	IUJ38_RS20665
NZ_CP064385.1	4295989	4296198		plus	transcription antiterminator/RNA stability regulator CspE	cspE	0	protein-coding		WP_000034826.1	69	IUJ38_RS20670
NZ_CP064385.1	4296256	4296639		minus	fluoride efflux transporter CrcB	crcB	0	protein-coding		WP_000939753.1	127	IUJ38_RS20675
NZ_CP064385.1	4296730	4297518		plus	deaminated glutathione amidase		0	protein-coding		WP_000495780.1	262	IUJ38_RS20680
NZ_CP064385.1	4297647	4297850		plus	twin-arginine translocase subunit TatE	tatE	0	protein-coding		WP_000503938.1	67	IUJ38_RS20685
NZ_CP064385.1	4297936	4298901		minus	lipoyl synthase	lipA	0	protein-coding		WP_000042640.1	321	IUJ38_RS20690
NZ_CP064385.1	4299107	4300060		minus	YbeF family transcriptional regulator		0	protein-coding		WP_001282817.1	317	IUJ38_RS20695
NZ_CP064385.1	4300362	4301003		minus	lipoyl(octanoyl) transferase LipB	lipB	0	protein-coding		WP_000284009.1	213	IUJ38_RS20700
NZ_CP064385.1	4301103	4301366		minus	DUF493 family protein YbeD	ybeD	0	protein-coding		WP_000850547.1	87	IUJ38_RS20705
NZ_CP064385.1	4301475	4302686		minus	D-alanyl-D-alanine carboxypeptidase DacA	dacA	0	protein-coding		WP_000858711.1	403	IUJ38_RS20710
NZ_CP064385.1	4302826	4303971		minus	endolytic peptidoglycan transglycosylase RlpA	rlpA	0	protein-coding		WP_001231300.1	381	IUJ38_RS20715
NZ_CP064385.1	4303982	4305094		minus	peptidoglycan glycosyltransferase MrdB	mrdB	0	protein-coding		WP_000131713.1	370	IUJ38_RS20720
NZ_CP064385.1	4305097	4306998		minus	peptidoglycan DD-transpeptidase MrdA	mrdA	0	protein-coding		WP_000828700.1	633	IUJ38_RS20725
NZ_CP064385.1	4307029	4307496		minus	23S rRNA (pseudouridine(1915)-N(3))-methyltransferase RlmH	rlmH	0	protein-coding		WP_000776107.1	155	IUJ38_RS20730
NZ_CP064385.1	4307500	4307817		minus	ribosome silencing factor	rsfS	0	protein-coding		WP_001161670.1	105	IUJ38_RS20735
NZ_CP064385.1	4308146	4308754		minus	adenosylcobalamin/alpha-ribazole phosphatase		0	protein-coding		WP_001241924.1	202	IUJ38_RS20740
NZ_CP064385.1	4308851	4309945		plus	threonine-phosphate decarboxylase CobD	cobD	0	protein-coding		WP_001173255.1	364	IUJ38_RS20745
NZ_CP064385.1	4309920	4310561		minus	nicotinate-nucleotide adenylyltransferase	nadD	0	protein-coding		WP_001518902.1	213	IUJ38_RS20750
NZ_CP064385.1	4310563	4311594		minus	DNA polymerase III subunit delta	holA	0	protein-coding		WP_000620491.1	343	IUJ38_RS20755
NZ_CP064385.1	4311594	4312184		minus	LPS assembly lipoprotein LptE	lptE	0	protein-coding		WP_001269947.1	196	IUJ38_RS20760
NZ_CP064385.1	4312199	4314781		minus	leucine--tRNA ligase	leuS	0	protein-coding		WP_001157918.1	860	IUJ38_RS20765
NZ_CP064385.1	4315018	4315359		plus	UxaA family hydrolase		0	protein-coding		WP_001574029.1	113	IUJ38_RS20770
NZ_CP064385.1	4315376	4316548		plus	UxaA family hydrolase		0	protein-coding		WP_001670689.1	390	IUJ38_RS20775
NZ_CP064385.1	4316598	4317551		plus	2-keto-3-deoxygluconate permease		0	protein-coding		WP_000694477.1	317	IUJ38_RS20780
NZ_CP064385.1	4317619	4319547		plus	sigma-54 interaction domain-containing protein		0	protein-coding		WP_001044182.1	642	IUJ38_RS20785
NZ_CP064385.1	4319640	4320113		plus	zinc ribbon-containing protein		0	protein-coding		WP_001044884.1	157	IUJ38_RS20790
NZ_CP064385.1	4320152	4321147		minus	tetratricopeptide repeat protein		0	protein-coding		WP_001016626.1	331	IUJ38_RS20795
NZ_CP064385.1	4321272	4321979		plus	DUF1266 domain-containing protein		0	protein-coding		WP_001669181.1	235	IUJ38_RS20800
NZ_CP064385.1	4321976	4323409		plus	J domain-containing protein		0	protein-coding		WP_000845203.1	477	IUJ38_RS20805
NZ_CP064385.1	4323421	4324116		plus	DUF1266 domain-containing protein		0	protein-coding		WP_000356624.1	231	IUJ38_RS20810
NZ_CP064385.1	4324113	4325585		plus	J domain-containing protein		0	protein-coding		WP_001017750.1	490	IUJ38_RS20815
NZ_CP064385.1	4325607	4327286		minus	molecular chaperone HscC	hscC	0	protein-coding		WP_000368034.1	559	IUJ38_RS20820
NZ_CP064385.1	4327362	4328600		minus	hypothetical protein		0	protein-coding		WP_000498891.1	412	IUJ38_RS20825
NZ_CP064385.1	4328632	4329567		minus	pyrimidine-specific ribonucleoside hydrolase RihA	rihA	0	protein-coding		WP_001207419.1	311	IUJ38_RS20830
NZ_CP064385.1	4329684	4330409		minus	glutamate/aspartate ABC transporter ATP-binding protein GltL	gltL	0	protein-coding		WP_000631369.1	241	IUJ38_RS20835
NZ_CP064385.1	4330409	4331083		minus	glutamate/aspartate ABC transporter permease GltK	gltK	0	protein-coding		WP_000272794.1	224	IUJ38_RS20840
NZ_CP064385.1	4331083	4331823		minus	glutamate/aspartate ABC transporter permease GltJ	gltJ	0	protein-coding		WP_000020930.1	246	IUJ38_RS20845
NZ_CP064385.1	4331983	4332891		minus	amino acid ABC transporter substrate-binding protein		0	protein-coding		WP_001518176.1	302	IUJ38_RS20850
NZ_CP064385.1	4333246	4334784		minus	apolipoprotein N-acyltransferase	lnt	0	protein-coding		WP_001575804.1	512	IUJ38_RS20855
NZ_CP064385.1	4334804	4335682		minus	CNNM family magnesium/cobalt transport protein CorC	corC	0	protein-coding		WP_001278615.1	292	IUJ38_RS20860
NZ_CP064385.1	4335840	4336313		minus	rRNA maturation RNase YbeY	ybeY	0	protein-coding		WP_000084476.1	157	IUJ38_RS20865
NZ_CP064385.1	4336310	4337356		minus	PhoH family protein		0	protein-coding		WP_001018045.1	348	IUJ38_RS20870
NZ_CP064385.1	4337561	4338985		minus	tRNA (N6-isopentenyl adenosine(37)-C2)-methylthiotransferase MiaB	miaB	0	protein-coding		WP_001519200.1	474	IUJ38_RS20875
NZ_CP064385.1	4339129	4340304		plus	3-demethoxyubiquinol 3-hydroxylase	ubiF	0	protein-coding		WP_000184633.1	391	IUJ38_RS20880
NZ_CP064385.1	4340371	4340946		minus	membrane protein		0	protein-coding		WP_001109079.1	191	IUJ38_RS20885
NZ_CP064385.1	4341082	4341156		minus	tRNA-Gln		0	tRNA				IUJ38_RS20890
NZ_CP064385.1	4341200	4341274		minus	tRNA-Gln		0	tRNA				IUJ38_RS20895
NZ_CP064385.1	4341321	4341397		minus	tRNA-Met		0	tRNA				IUJ38_RS20900
NZ_CP064385.1	4341413	4341487		minus	tRNA-Gln		0	tRNA				IUJ38_RS20905
NZ_CP064385.1	4341523	4341597		minus	tRNA-Gln		0	tRNA				IUJ38_RS20910
NZ_CP064385.1	4341621	4341705		minus	tRNA-Leu		0	tRNA				IUJ38_RS20915
NZ_CP064385.1	4341714	4341790		minus	tRNA-Met		0	tRNA				IUJ38_RS20920
NZ_CP064385.1	4342013	4343677		minus	asparagine synthase B	asnB	0	protein-coding		WP_000337041.1	554	IUJ38_RS20925
NZ_CP064385.1	4343967	4344719		minus	ribonucleotide monophosphatase NagD	nagD	0	protein-coding		WP_000153143.1	250	IUJ38_RS20930
NZ_CP064385.1	4344766	4345986		minus	DNA-binding transcriptional regulator NagC	nagC	0	protein-coding		WP_000187577.1	406	IUJ38_RS20935
NZ_CP064385.1	4345991	4347145		minus	N-acetylglucosamine-6-phosphate deacetylase	nagA	0	protein-coding		WP_000271186.1	384	IUJ38_RS20940
NZ_CP064385.1	4347205	4348005		minus	glucosamine-6-phosphate deaminase	nagB	0	protein-coding		WP_001237059.1	266	IUJ38_RS20945
NZ_CP064385.1	4348332	4350284		plus	PTS N-acetyl glucosamine transporter subunit IIABC	nagE	0	protein-coding		WP_001023068.1	650	IUJ38_RS20950
NZ_CP064385.1	4350495	4352162		plus	glutamine--tRNA ligase	glnS	0	protein-coding		WP_001287181.1	555	IUJ38_RS20955
NZ_CP064385.1	4352608	4354014		plus	chitoporin ChiP	chiP	0	protein-coding		WP_001258803.1	468	IUJ38_RS20960
NZ_CP064385.1	4354064	4354396		plus	ChiQ/YbfN family lipoprotein	chiQ	0	protein-coding		WP_000722261.1	110	IUJ38_RS20965
NZ_CP064385.1	4354445	4355749		minus	tricarballylate/proton symporter TcuC	tcuC	0	protein-coding		WP_000057014.1	434	IUJ38_RS20970
NZ_CP064385.1	4355800	4356939		minus	tricarballylate utilization protein TcuB	tcuB	0	protein-coding		WP_000811134.1	379	IUJ38_RS20975
NZ_CP064385.1	4356926	4358329		minus	FAD-dependent tricarballylate dehydrogenase TcuA	tcuA	0	protein-coding		WP_000228709.1	467	IUJ38_RS20980
NZ_CP064385.1	4358427	4359353		minus	tricarballylate utilization LysR family transcriptional regulator TcuR	tcuR	0	protein-coding		WP_000423363.1	308	IUJ38_RS20985
NZ_CP064385.1	4359468	4359920		minus	ferric iron uptake transcriptional regulator	fur	0	protein-coding		WP_000131699.1	150	IUJ38_RS20990
NZ_CP064385.1	4359913	4359998		minus	uncharacterized gene		0	pseudogene				IUJ38_RS20995
NZ_CP064385.1	4360202	4360732		minus	flavodoxin FldA	fldA	0	protein-coding		WP_001018621.1	176	IUJ38_RS21000
NZ_CP064385.1	4360883	4361176		minus	LexA regulated protein	ybfE	0	protein-coding		WP_001040939.1	97	IUJ38_RS21005
NZ_CP064385.1	4361310	4362080		minus	esterase	ybfF	0	protein-coding		WP_000773246.1	256	IUJ38_RS21010
NZ_CP064385.1	4362265	4362807		plus	replication initiation negative regulator SeqA	seqA	0	protein-coding		WP_000848395.1	180	IUJ38_RS21015
NZ_CP064385.1	4362832	4364472		plus	phosphoglucomutase (alpha-D-glucose-1,6-bisphosphate-dependent)	pgm	0	protein-coding		WP_000974387.1	546	IUJ38_RS21020
NZ_CP064385.1	4364587	4365072		minus	pyridoxamine 5'-phosphate oxidase family protein		0	protein-coding		WP_000070056.1	161	IUJ38_RS21025
NZ_CP064385.1	4365137	4366456		minus	putrescine-ornithine antiporter	potE	0	protein-coding		WP_000042658.1	439	IUJ38_RS21030
NZ_CP064385.1	4366453	4368651		minus	ornithine decarboxylase SpeF	speF	0	protein-coding		WP_001292402.1	732	IUJ38_RS21035
NZ_CP064385.1	4369031	4369135		minus	leader peptide SpeFL	speFL	0	protein-coding		WP_015632840.1	34	IUJ38_RS21040
NZ_CP064385.1	4369413	4370090		minus	two-component system response regulator KdpE	kdpE	0	protein-coding		WP_000186054.1	225	IUJ38_RS21045
NZ_CP064385.1	4370087	4372771		minus	two-component system sensor histidine kinase KdpD	kdpD	0	protein-coding		WP_000997487.1	894	IUJ38_RS21050
NZ_CP064385.1	4372768	4373352		minus	potassium-transporting ATPase subunit KdpC	kdpC	0	protein-coding		WP_000579804.1	194	IUJ38_RS21055
NZ_CP064385.1	4373361	4375409		minus	potassium-transporting ATPase subunit KdpB	kdpB	0	protein-coding		WP_000088022.1	682	IUJ38_RS21060
NZ_CP064385.1	4375430	4377109		minus	potassium-transporting ATPase subunit KdpA	kdpA	0	protein-coding		WP_000730065.1	559	IUJ38_RS21065
NZ_CP064385.1	4377109	4377198		minus	K(+)-transporting ATPase subunit F	kdpF	0	protein-coding		WP_001670793.1	29	IUJ38_RS21070
NZ_CP064385.1	4377535	4377741		plus	YbfA family protein		0	protein-coding		WP_000401437.1	68	IUJ38_RS21075
NZ_CP064385.1	4377852	4379273		plus	deoxyribodipyrimidine photo-lyase	phrB	0	protein-coding		WP_001142016.1	473	IUJ38_RS21080
NZ_CP064385.1	4379312	4380793		minus	MFS transporter		0	protein-coding		WP_001041123.1	493	IUJ38_RS21085
NZ_CP064385.1	4381122	4381865		plus	radiation resistance protein YbgI	ybgI	0	protein-coding		WP_000798844.1	247	IUJ38_RS21090
NZ_CP064385.1	4381881	4382537		plus	5-oxoprolinase subunit PxpB	pxpB	0	protein-coding		WP_001188373.1	218	IUJ38_RS21095
NZ_CP064385.1	4382531	4383463		plus	5-oxoprolinase subunit PxpC	pxpC	0	protein-coding		WP_000932050.1	310	IUJ38_RS21100
NZ_CP064385.1	4383453	4384187		plus	5-oxoprolinase subunit PxpA	pxpA	0	protein-coding		WP_001017909.1	244	IUJ38_RS21105
NZ_CP064385.1	4384511	4384642		plus	hypothetical protein		0	protein-coding		WP_001521652.1	43	IUJ38_RS21110
NZ_CP064385.1	4384702	4385268		plus	tyrosine-type DNA invertase		0	protein-coding		WP_000824704.1	188	IUJ38_RS21115
NZ_CP064385.1	4385728	4386063		plus	membrane protein		0	protein-coding		WP_010988980.1	111	IUJ38_RS21120
NZ_CP064385.1	4386065	4386805		plus	hypothetical protein		0	protein-coding		WP_001194239.1	246	IUJ38_RS21125
NZ_CP064385.1	4387091	4388242		plus	UDP-galactopyranose mutase	glf	0	protein-coding		WP_001524621.1	383	IUJ38_RS21130
NZ_CP064385.1	4388239	4389135		plus	glycosyltransferase		0	protein-coding		WP_000973916.1	298	IUJ38_RS21135
NZ_CP064385.1	4389148	4390281		plus	glycosyltransferase family 4 protein		0	protein-coding		WP_000824901.1	377	IUJ38_RS21140
NZ_CP064385.1	4390410	4391180		plus	ABC transporter permease		0	protein-coding		WP_000998823.1	256	IUJ38_RS21145
NZ_CP064385.1	4391184	4391894		plus	ABC transporter ATP-binding protein		0	protein-coding		WP_000702849.1	236	IUJ38_RS21150
NZ_CP064385.1	4391988	4393766		plus	glycosyltransferase		0	protein-coding		WP_000273739.1	592	IUJ38_RS21155
NZ_CP064385.1	4393959	4394792		plus	glycosyltransferase family A protein		0	protein-coding		WP_001667936.1	277	IUJ38_RS21160
NZ_CP064385.1	4394850	4396745		plus	HAD family hydrolase		0	protein-coding		WP_010988981.1	631	IUJ38_RS21165
NZ_CP064385.1	4396813	4396950		plus	hypothetical protein		0	protein-coding		WP_001519950.1	45	IUJ38_RS21170
NZ_CP064385.1	4396999	4397790		plus	endonuclease VIII	nei	0	protein-coding		WP_001113970.1	263	IUJ38_RS21175
NZ_CP064385.1	4397845	4398891		minus	AbrB family transcriptional regulator		0	protein-coding		WP_001122057.1	348	IUJ38_RS21180
NZ_CP064385.1	4399028	4400311		minus	citrate synthase		0	protein-coding		WP_000785817.1	427	IUJ38_RS21185
NZ_CP064385.1	4400537	4400668		minus	hypothetical protein		0	protein-coding		WP_418142699.1	43	IUJ38_RS24375
NZ_CP064385.1	4401051	4401455		plus	succinate dehydrogenase cytochrome b556 subunit	sdhC	0	protein-coding		WP_000263340.1	134	IUJ38_RS21195
NZ_CP064385.1	4401449	4401796		plus	succinate dehydrogenase membrane anchor subunit	sdhD	0	protein-coding		WP_000254356.1	115	IUJ38_RS21200
NZ_CP064385.1	4401796	4403562		plus	succinate dehydrogenase flavoprotein subunit	sdhA	0	protein-coding		WP_000775561.1	588	IUJ38_RS21205
NZ_CP064385.1	4403579	4404295		plus	succinate dehydrogenase iron-sulfur subunit SdhB	sdhB	0	protein-coding		WP_001537859.1	238	IUJ38_RS21210
NZ_CP064385.1	4404819	4407620		plus	2-oxoglutarate dehydrogenase E1 component	sucA	0	protein-coding		WP_001181501.1	933	IUJ38_RS21215
NZ_CP064385.1	4407635	4408843		plus	2-oxoglutarate dehydrogenase complex dihydrolipoyllysine-residue succinyltransferase	odhB	0	protein-coding		WP_000099858.1	402	IUJ38_RS21220
NZ_CP064385.1	4408985	4410151		plus	ADP-forming succinate--CoA ligase subunit beta	sucC	0	protein-coding		WP_001048590.1	388	IUJ38_RS21225
NZ_CP064385.1	4410151	4411020		plus	succinate--CoA ligase subunit alpha	sucD	0	protein-coding		WP_000114631.1	289	IUJ38_RS21230
NZ_CP064385.1	4412603	4414171		plus	cytochrome ubiquinol oxidase subunit I	cydA	0	protein-coding		WP_000884369.1	522	IUJ38_RS21235
NZ_CP064385.1	4414187	4415326		plus	cytochrome d ubiquinol oxidase subunit II	cydB	0	protein-coding		WP_000568258.1	379	IUJ38_RS21240
NZ_CP064385.1	4415341	4415454		plus	cytochrome bd-I oxidase subunit CydX	cydX	0	protein-coding		WP_000270278.1	37	IUJ38_RS21245
NZ_CP064385.1	4415591	4415872		plus	cyd operon protein YbgE	ybgE	0	protein-coding		WP_000875305.1	93	IUJ38_RS21250
NZ_CP064385.1	4416101	4416505		plus	tol-pal system-associated acyl-CoA thioesterase	ybgC	0	protein-coding		WP_001046240.1	134	IUJ38_RS21255
NZ_CP064385.1	4416502	4417194		plus	Tol-Pal system protein TolQ	tolQ	0	protein-coding		WP_000131318.1	230	IUJ38_RS21260
NZ_CP064385.1	4417198	4417626		plus	colicin uptake protein TolR	tolR	0	protein-coding		WP_000124676.1	142	IUJ38_RS21265
NZ_CP064385.1	4417691	4418914		plus	cell envelope integrity protein TolA	tolA	0	protein-coding		WP_000030590.1	407	IUJ38_RS21270
NZ_CP064385.1	4419038	4420330		plus	Tol-Pal system beta propeller repeat protein TolB	tolB	0	protein-coding		WP_001562341.1	430	IUJ38_RS21275
NZ_CP064385.1	4420365	4420889		plus	peptidoglycan-associated lipoprotein Pal	pal	0	protein-coding		WP_001176621.1	174	IUJ38_RS21280
NZ_CP064385.1	4420899	4421687		plus	cell division protein CpoB	cpoB	0	protein-coding		WP_000097552.1	262	IUJ38_RS21285
NZ_CP064385.1	4421852	4421927		plus	tRNA-Lys		0	tRNA				IUJ38_RS21290
NZ_CP064385.1	4422059	4422134		plus	tRNA-Val		0	tRNA				IUJ38_RS21295
NZ_CP064385.1	4422138	4422213		plus	tRNA-Lys		0	tRNA				IUJ38_RS21300
NZ_CP064385.1	4422263	4422338		plus	tRNA-Lys		0	tRNA				IUJ38_RS21305
NZ_CP064385.1	4422473	4422548		plus	tRNA-Lys		0	tRNA				IUJ38_RS21310
NZ_CP064385.1	4422578	4422703		plus	RtT sRNA		0	ncRNA				IUJ38_RS21315
NZ_CP064385.1	4422733	4422858		plus	RtT sRNA		0	ncRNA				IUJ38_RS21320
NZ_CP064385.1	4422888	4423012		plus	RtT sRNA		0	ncRNA				IUJ38_RS21325
NZ_CP064385.1	4423307	4424350		plus	quinolinate synthase NadA	nadA	0	protein-coding		WP_000115347.1	347	IUJ38_RS21330
NZ_CP064385.1	4424375	4425094		plus	nicotinamide riboside transporter PnuC	pnuC	0	protein-coding		WP_000345368.1	239	IUJ38_RS21335
NZ_CP064385.1	4425091	4426029		minus	CDF family zinc transporter ZitB	zitB	0	protein-coding		WP_000951251.1	312	IUJ38_RS21340
NZ_CP064385.1	4426140	4426526		minus	YbgS-like family protein		0	protein-coding		WP_000784380.1	128	IUJ38_RS21345
NZ_CP064385.1	4426846	4427898		plus	3-deoxy-7-phosphoheptulonate synthase AroG	aroG	0	protein-coding		WP_001109234.1	350	IUJ38_RS21350
NZ_CP064385.1	4427992	4428537		minus	FumA C-terminus/TtdB family hydratase beta subunit		0	protein-coding		WP_000970374.1	181	IUJ38_RS21355
NZ_CP064385.1	4428552	4429397		minus	fumarate hydratase		0	protein-coding		WP_000086829.1	281	IUJ38_RS21360
NZ_CP064385.1	4429527	4430417		plus	LysR family transcriptional regulator		0	protein-coding		WP_000405927.1	296	IUJ38_RS21365
NZ_CP064385.1	4430418	4431401		minus	LysR family transcriptional regulator		0	protein-coding		WP_000282119.1	327	IUJ38_RS21370
NZ_CP064385.1	4431624	4432892		plus	SLC13 family permease		0	protein-coding		WP_000074130.1	422	IUJ38_RS21375
NZ_CP064385.1	4432942	4433187		plus	oxaloacetate decarboxylase subunit gamma		0	protein-coding		WP_001089088.1	81	IUJ38_RS21380
NZ_CP064385.1	4433203	4434977		plus	uncharacterized gene	oadA	0	pseudogene				IUJ38_RS21385
NZ_CP064385.1	4434993	4436294		plus	oxalacetate decarboxylase subunit beta		0	protein-coding		WP_000444805.1	433	IUJ38_RS21390
NZ_CP064385.1	4436413	4437111		plus	triphosphoribosyl-dephospho-CoA synthase		0	protein-coding		WP_001005988.1	232	IUJ38_RS21395
NZ_CP064385.1	4437491	4438570		plus	FecCD family ABC transporter permease		0	protein-coding		WP_000128327.1	359	IUJ38_RS21400
NZ_CP064385.1	4438570	4439346		plus	ABC transporter ATP-binding protein		0	protein-coding		WP_001214710.1	258	IUJ38_RS21405
NZ_CP064385.1	4439437	4440189		minus	2,3-diphosphoglycerate-dependent phosphoglycerate mutase	gpmA	0	protein-coding		WP_000301556.1	250	IUJ38_RS21410
NZ_CP064385.1	4440413	4441453		minus	galactose-1-epimerase	galM	0	protein-coding		WP_000931428.1	346	IUJ38_RS21415
NZ_CP064385.1	4441447	4442595		minus	galactokinase	galK	0	protein-coding		WP_001049367.1	382	IUJ38_RS21420
NZ_CP064385.1	4442598	4443644		minus	galactose-1-phosphate uridylyltransferase	galT	0	protein-coding		WP_000187473.1	348	IUJ38_RS21425
NZ_CP064385.1	4443655	4444671		minus	UDP-glucose 4-epimerase GalE	galE	0	protein-coding		WP_001265465.1	338	IUJ38_RS21430
NZ_CP064385.1	4444894	4445802		minus	DUF2167 domain-containing protein		0	protein-coding		WP_000885510.1	302	IUJ38_RS21435
NZ_CP064385.1	4445973	4447448		minus	molybdate ABC transporter ATP-binding protein ModF	modF	0	protein-coding		WP_000096928.1	491	IUJ38_RS21440
NZ_CP064385.1	4447516	4448304		minus	molybdenum-dependent transcriptional regulator	modE	0	protein-coding		WP_001147410.1	262	IUJ38_RS21445
NZ_CP064385.1	4448433	4448582		plus	AcrZ family multidrug efflux pump-associated protein		0	protein-coding		WP_000891513.1	49	IUJ38_RS21450
NZ_CP064385.1	4448749	4449522		plus	molybdate ABC transporter substrate-binding protein	modA	0	protein-coding		WP_000951416.1	257	IUJ38_RS21455
NZ_CP064385.1	4449522	4450211		plus	molybdate ABC transporter permease subunit	modB	0	protein-coding		WP_000604026.1	229	IUJ38_RS21460
NZ_CP064385.1	4450214	4451272		plus	molybdenum ABC transporter ATP-binding protein ModC	modC	0	protein-coding		WP_000891710.1	352	IUJ38_RS21465
NZ_CP064385.1	4451273	4452091		minus	pyridoxal phosphatase		0	protein-coding		WP_000127031.1	272	IUJ38_RS21470
NZ_CP064385.1	4452255	4453250		plus	6-phosphogluconolactonase	pgl	0	protein-coding		WP_000815468.1	331	IUJ38_RS21475
NZ_CP064385.1	4453394	4454677		minus	putative acyl-CoA thioester hydrolase		0	protein-coding		WP_001094775.1	427	IUJ38_RS21480
NZ_CP064385.1	4454915	4456138		plus	imidazolonepropionase	hutI	0	protein-coding		WP_001249472.1	407	IUJ38_RS21485
NZ_CP064385.1	4456135	4457076		plus	formimidoylglutamase	hutG	0	protein-coding		WP_000195682.1	313	IUJ38_RS21490
NZ_CP064385.1	4457121	4457846		plus	histidine utilization repressor		0	protein-coding		WP_000287416.1	241	IUJ38_RS21495
NZ_CP064385.1	4458043	4459727		plus	uncharacterized gene	hutU	0	pseudogene				IUJ38_RS21500
NZ_CP064385.1	4459729	4461249		plus	histidine ammonia-lyase	hutH	0	protein-coding		WP_001095227.1	506	IUJ38_RS21505
NZ_CP064385.1	4461334	4461810		minus	kinase inhibitor		0	protein-coding		WP_000767419.1	158	IUJ38_RS21510
NZ_CP064385.1	4461868	4463157		minus	adenosylmethionine--8-amino-7-oxononanoate transaminase	bioA	0	protein-coding		WP_000205518.1	429	IUJ38_RS21515
NZ_CP064385.1	4463244	4464284		plus	biotin synthase BioB	bioB	0	protein-coding		WP_000090729.1	346	IUJ38_RS21520
NZ_CP064385.1	4464281	4465438		plus	8-amino-7-oxononanoate synthase	bioF	0	protein-coding		WP_000118953.1	385	IUJ38_RS21525
NZ_CP064385.1	4465422	4466177		plus	malonyl-ACP O-methyltransferase BioC	bioC	0	protein-coding		WP_000079909.1	251	IUJ38_RS21530
NZ_CP064385.1	4466170	4466856		plus	dethiobiotin synthase	bioD	0	protein-coding		WP_000167222.1	228	IUJ38_RS21535
NZ_CP064385.1	4467507	4469528		plus	excinuclease ABC subunit UvrB	uvrB	0	protein-coding		WP_000042502.1	673	IUJ38_RS21540
NZ_CP064385.1	4469837	4470010		plus	hypothetical protein		0	protein-coding		WP_001616936.1	57	IUJ38_RS21545
NZ_CP064385.1	4470018	4472315		plus	SPI-1 type III secretion system effector E3 ubiquitin transferase SlrP	slrP	0	protein-coding		WP_000482001.1	765	IUJ38_RS21550
NZ_CP064385.1	4472407	4473315		minus	uridine diphosphate-N-acetylglucosamine-binding protein YvcK	yvcK	0	protein-coding		WP_001246033.1	302	IUJ38_RS21555
NZ_CP064385.1	4473712	4474701		plus	GTP 3',8-cyclase MoaA	moaA	0	protein-coding		WP_000168180.1	329	IUJ38_RS21560
NZ_CP064385.1	4474723	4475235		plus	molybdenum cofactor biosynthesis protein B	moaB	0	protein-coding		WP_000084604.1	170	IUJ38_RS21565
NZ_CP064385.1	4475238	4475723		plus	cyclic pyranopterin monophosphate synthase MoaC	moaC	0	protein-coding		WP_000080894.1	161	IUJ38_RS21570
NZ_CP064385.1	4475716	4475961		plus	molybdopterin synthase sulfur carrier subunit	moaD	0	protein-coding		WP_000598596.1	81	IUJ38_RS21575
NZ_CP064385.1	4475963	4476415		plus	molybdopterin synthase catalytic subunit MoaE	moaE	0	protein-coding		WP_000545202.1	150	IUJ38_RS21580
NZ_CP064385.1	4476463	4477167		plus	Bax inhibitor-1/YccA family protein		0	protein-coding		WP_000373611.1	234	IUJ38_RS21585
NZ_CP064385.1	4477314	4478021		plus	Bax inhibitor-1 family protein		0	protein-coding		WP_000529073.1	235	IUJ38_RS21590
NZ_CP064385.1	4478045	4478653		plus	membrane protein		0	protein-coding		WP_010988984.1	202	IUJ38_RS21595
NZ_CP064385.1	4478661	4479221		plus	membrane protein		0	protein-coding		WP_001052198.1	186	IUJ38_RS21600
NZ_CP064385.1	4479224	4480186		minus	lysylphosphatidylglycerol synthase transmembrane domain-containing protein		0	protein-coding		WP_001129814.1	320	IUJ38_RS21605
NZ_CP064385.1	4480186	4481427		minus	cardiolipin synthase ClsB	clsB	0	protein-coding		WP_000649648.1	413	IUJ38_RS21610
NZ_CP064385.1	4481424	4482182		minus	endonuclease/exonuclease/phosphatase family protein		0	protein-coding		WP_000192039.1	252	IUJ38_RS21615
NZ_CP064385.1	4482315	4482725		plus	YbhQ family protein		0	protein-coding		WP_000871970.1	136	IUJ38_RS21620
NZ_CP064385.1	4482687	4483793		minus	ABC transporter permease		0	protein-coding		WP_000469050.1	368	IUJ38_RS21625
NZ_CP064385.1	4483909	4485039		minus	ABC transporter permease		0	protein-coding		WP_000045765.1	376	IUJ38_RS21630
NZ_CP064385.1	4485032	4486768		minus	ATP-binding cassette domain-containing protein		0	protein-coding		WP_001287616.1	578	IUJ38_RS21635
NZ_CP064385.1	4486761	4487756		minus	secretion protein HlyD	hlyD	0	protein-coding		WP_000743436.1	331	IUJ38_RS21640
NZ_CP064385.1	4487756	4488430		minus	transcriptional regulator CecR	cecR	0	protein-coding		WP_001025254.1	224	IUJ38_RS21645
NZ_CP064385.1	4488660	4490024		plus	ATP-dependent RNA helicase RhlE	rhlE	0	protein-coding		WP_000007060.1	454	IUJ38_RS21650
NZ_CP064385.1	4490232	4492376		plus	ATP-dependent DNA helicase DinG	dinG	0	protein-coding		WP_001218630.1	714	IUJ38_RS21655
NZ_CP064385.1	4492406	4493380		plus	DNA-binding protein YbiB	ybiB	0	protein-coding		WP_000386494.1	324	IUJ38_RS21660
NZ_CP064385.1	4493536	4493796		minus	DUF1471 family protein YbiJ	ybiJ	0	protein-coding		WP_000849089.1	86	IUJ38_RS21665
NZ_CP064385.1	4494081	4494347		minus	DksA/TraR family C4-type zinc finger protein		0	protein-coding		WP_000146330.1	88	IUJ38_RS21670
NZ_CP064385.1	4494552	4495478		plus	23S rRNA (adenine(1618)-N(6))-methyltransferase RlmF	rlmF	0	protein-coding		WP_001275962.1	308	IUJ38_RS21675
NZ_CP064385.1	4495475	4497697		minus	mechanosensitive channel protein	ybiO	0	protein-coding		WP_001267705.1	740	IUJ38_RS21680
NZ_CP064385.1	4497816	4498538		minus	glutamine ABC transporter ATP-binding protein GlnQ	glnQ	0	protein-coding		WP_000569093.1	240	IUJ38_RS21685
NZ_CP064385.1	4498535	4499194		minus	glutamine ABC transporter permease GlnP	glnP	0	protein-coding		WP_001159076.1	219	IUJ38_RS21690
NZ_CP064385.1	4499338	4500084		minus	glutamine ABC transporter substrate-binding protein GlnH	glnH	0	protein-coding		WP_000838671.1	248	IUJ38_RS21695
NZ_CP064385.1	4500561	4501064		minus	DNA starvation/stationary phase protection protein Dps	dps	0	protein-coding		WP_000100805.1	167	IUJ38_RS21700
NZ_CP064385.1	4501367	4502254		minus	threonine/homoserine exporter RhtA	rhtA	0	protein-coding		WP_001119554.1	295	IUJ38_RS21705
NZ_CP064385.1	4502608	4503123		plus	outer membrane protein OmpX	ompX	0	protein-coding		WP_000716763.1	171	IUJ38_RS21710
NZ_CP064385.1	4503186	4504766		minus	phosphoethanolamine transferase		0	protein-coding		WP_001089314.1	526	IUJ38_RS21715
NZ_CP064385.1	4505031	4505159		minus	manganase accumulation protein MntS	mntS	0	protein-coding		WP_001001755.1	42	IUJ38_RS21720
NZ_CP064385.1	4505345	4505818		plus	manganese-binding transcriptional regulator MntR	mntR	0	protein-coding		WP_000533542.1	157	IUJ38_RS21725
NZ_CP064385.1	4505815	4506927		plus	anion transporter		0	protein-coding		WP_000050088.1	370	IUJ38_RS21730
NZ_CP064385.1	4506971	4507891		minus	L,D-transpeptidase	ldtB	0	protein-coding		WP_001056404.1	306	IUJ38_RS21735
NZ_CP064385.1	4508110	4509702		plus	ABC-F family ATPase		0	protein-coding		WP_000961479.1	530	IUJ38_RS21740
NZ_CP064385.1	4510311	4511054		plus	DUF4261 domain-containing protein		0	protein-coding		WP_010988985.1	247	IUJ38_RS21745
NZ_CP064385.1	4511083	4511811		minus	uncharacterized gene		0	pseudogene				IUJ38_RS21750
NZ_CP064385.1	4511802	4511885		plus	uncharacterized gene		0	pseudogene				IUJ38_RS24380
NZ_CP064385.1	4512007	4513272		minus	DUF1479 domain-containing protein		0	protein-coding		WP_000210950.1	421	IUJ38_RS21755
NZ_CP064385.1	4513534	4514343		plus	Cof-type HAD-IIB family hydrolase		0	protein-coding		WP_000217910.1	269	IUJ38_RS21760
NZ_CP064385.1	4514421	4516853		minus	glycyl radical protein		0	protein-coding		WP_000192673.1	810	IUJ38_RS21765
NZ_CP064385.1	4516859	4517758		minus	glycyl-radical enzyme activating protein		0	protein-coding		WP_000576947.1	299	IUJ38_RS21770
NZ_CP064385.1	4518036	4518785		minus	molybdopterin-synthase adenylyltransferase MoeB	moeB	0	protein-coding		WP_000829280.1	249	IUJ38_RS21775
NZ_CP064385.1	4518785	4520020		minus	molybdopterin molybdotransferase MoeA	moeA	0	protein-coding		WP_000395790.1	411	IUJ38_RS21780
NZ_CP064385.1	4520223	4521164		plus	beta-aspartyl-peptidase	iaaA	0	protein-coding		WP_001030503.1	313	IUJ38_RS21785
NZ_CP064385.1	4521175	4523046		plus	glutathione ABC transporter ATP-binding protein GsiA	gsiA	0	protein-coding		WP_001120598.1	623	IUJ38_RS21790
NZ_CP064385.1	4523079	4524617		plus	glutathione ABC transporter substrate-binding protein GsiB	gsiB	0	protein-coding		WP_000191434.1	512	IUJ38_RS21795
NZ_CP064385.1	4524678	4525598		plus	glutathione ABC transporter permease GsiC	gsiC	0	protein-coding		WP_000936064.1	306	IUJ38_RS21800
NZ_CP064385.1	4525601	4526512		plus	glutathione ABC transporter permease GsiD	gsiD	0	protein-coding		WP_001236024.1	303	IUJ38_RS21805
NZ_CP064385.1	4526603	4527928		minus	30S ribosomal protein S12 methylthiotransferase RimO	rimO	0	protein-coding		WP_000073317.1	441	IUJ38_RS21810
NZ_CP064385.1	4528159	4528542		plus	biofilm formation regulator BssR	bssR	0	protein-coding		WP_000259651.1	127	IUJ38_RS21815
NZ_CP064385.1	4528644	4528929		plus	uncharacterized gene		0	pseudogene				IUJ38_RS21820
NZ_CP064385.1	4529255	4529770		plus	STM0854 family CoA ester lyase		0	protein-coding		WP_001521476.1	171	IUJ38_RS21825
NZ_CP064385.1	4529793	4530542		plus	electron transfer flavoprotein subunit beta/FixA family protein		0	protein-coding		WP_001521753.1	249	IUJ38_RS21830
NZ_CP064385.1	4530553	4531500		plus	electron transfer flavoprotein subunit alpha/FixB family protein		0	protein-coding		WP_000157776.1	315	IUJ38_RS21835
NZ_CP064385.1	4531533	4531730		plus	hypothetical protein		0	protein-coding		WP_001200424.1	65	IUJ38_RS21840
NZ_CP064385.1	4531794	4532957		plus	acyl-CoA dehydrogenase family protein		0	protein-coding		WP_000835387.1	387	IUJ38_RS21845
NZ_CP064385.1	4533406	4535091		plus	electron transfer flavoprotein-ubiquinone oxidoreductase		0	protein-coding		WP_001000303.1	561	IUJ38_RS21850
NZ_CP064385.1	4535097	4535987		minus	STM0859 family transcriptional regulator		0	protein-coding		WP_000545327.1	296	IUJ38_RS21855
NZ_CP064385.1	4536252	4536677		minus	GntP family permease		0	protein-coding		WP_000287113.1	141	IUJ38_RS21860
NZ_CP064385.1	4537171	4537704		plus	uncharacterized gene		0	pseudogene				IUJ38_RS21870
NZ_CP064385.1	4537701	4538327		minus	glutathione S-transferase family protein		0	protein-coding		WP_000631907.1	208	IUJ38_RS21875
NZ_CP064385.1	4538571	4539773		plus	serine-type D-Ala-D-Ala carboxypeptidase	dacC	0	protein-coding		WP_000195709.1	400	IUJ38_RS21880
NZ_CP064385.1	4539818	4540576		minus	DNA-binding transcriptional repressor DeoR	deoR	0	protein-coding		WP_000450103.1	252	IUJ38_RS21885
NZ_CP064385.1	4540648	4541256		minus	undecaprenyl-diphosphate phosphatase	ybjG	0	protein-coding		WP_001738110.1	202	IUJ38_RS21890
NZ_CP064385.1	4541569	4542801		plus	MFS transporter		0	protein-coding		WP_001181287.1	410	IUJ38_RS21895
NZ_CP064385.1	4542855	4543670		minus	Cof-type HAD-IIB family hydrolase		0	protein-coding		WP_000023547.1	271	IUJ38_RS21900
NZ_CP064385.1	4543667	4544878		minus	MFS transporter		0	protein-coding		WP_000217433.1	403	IUJ38_RS21905
NZ_CP064385.1	4545046	4545666		plus	TetR/AcrR family transcriptional regulator		0	protein-coding		WP_000661875.1	206	IUJ38_RS21910
NZ_CP064385.1	4545783	4547468		minus	aspartate:alanine antiporter		0	protein-coding		WP_001024853.1	561	IUJ38_RS21915
NZ_CP064385.1	4547739	4548116		plus	inner membrane protein YbjM		0	protein-coding		WP_000680850.1	125	IUJ38_RS21920
NZ_CP064385.1	4548148	4548411		minus	GrxA family glutaredoxin		0	protein-coding		WP_000495513.1	87	IUJ38_RS21925
NZ_CP064385.1	4548581	4548871		plus	YbjC family protein		0	protein-coding		WP_001259137.1	96	IUJ38_RS21930
NZ_CP064385.1	4548855	4549577		plus	nitroreductase NfsA	nfsA	0	protein-coding		WP_000075300.1	240	IUJ38_RS21935
NZ_CP064385.1	4549635	4550537		plus	30S ribosomal protein S6--L-glutamate ligase	rimK	0	protein-coding		WP_000684361.1	300	IUJ38_RS21940
NZ_CP064385.1	4550634	4551110		plus	YbjN domain-containing protein		0	protein-coding		WP_000624814.1	158	IUJ38_RS21945
NZ_CP064385.1	4551459	4552571		plus	spermidine/putrescine ABC transporter substrate-binding protein PotF	potF	0	protein-coding		WP_000125769.1	370	IUJ38_RS21950
NZ_CP064385.1	4552659	4553792		plus	putrescine ABC transporter ATP-binding subunit PotG	potG	0	protein-coding		WP_001000698.1	377	IUJ38_RS21955
NZ_CP064385.1	4553802	4554755		plus	putrescine ABC transporter permease PotH	potH	0	protein-coding		WP_000105452.1	317	IUJ38_RS21960
NZ_CP064385.1	4554752	4555597		plus	putrescine ABC transporter permease PotI	potI	0	protein-coding		WP_001061629.1	281	IUJ38_RS21965
NZ_CP064385.1	4555671	4556144		plus	YbjO family protein		0	protein-coding		WP_000505788.1	157	IUJ38_RS21970
NZ_CP064385.1	4556187	4557317		plus	23S rRNA (uracil(747)-C(5))-methyltransferase RlmC	rlmC	0	protein-coding		WP_001149781.1	376	IUJ38_RS21975
NZ_CP064385.1	4557600	4558943		plus	PTS sugar transporter subunit IIC		0	protein-coding		WP_000399323.1	447	IUJ38_RS21980
NZ_CP064385.1	4558973	4559293		plus	PTS sugar transporter subunit IIB		0	protein-coding		WP_000655399.1	106	IUJ38_RS21985
NZ_CP064385.1	4559303	4560790		plus	sulfatase		0	protein-coding		WP_000644017.1	495	IUJ38_RS21990
NZ_CP064385.1	4561009	4561740		minus	arginine ABC transporter substrate-binding protein ArtJ	artJ	0	protein-coding		WP_000737538.1	243	IUJ38_RS21995
NZ_CP064385.1	4561977	4562645		minus	arginine ABC transporter permease ArtM	artM	0	protein-coding		WP_000895397.1	222	IUJ38_RS22000
NZ_CP064385.1	4562645	4563361		minus	arginine ABC transporter permease ArtQ	artQ	0	protein-coding		WP_001001677.1	238	IUJ38_RS22005
NZ_CP064385.1	4563368	4564099		minus	arginine ABC transporter substrate-binding protein ArtI	artI	0	protein-coding		WP_000756586.1	243	IUJ38_RS22010
NZ_CP064385.1	4564117	4564845		minus	arginine ABC transporter ATP-binding protein ArtP	artP	0	protein-coding		WP_000027186.1	242	IUJ38_RS22015
NZ_CP064385.1	4565075	4565590		minus	lipoprotein		0	protein-coding		WP_001270724.1	171	IUJ38_RS22020
NZ_CP064385.1	4565686	4567011		minus	tyrosine-type recombinase/integrase		0	protein-coding		WP_010988987.1	441	IUJ38_RS22025
NZ_CP064385.1	4567039	4567281		minus	excisionase family protein		0	protein-coding		WP_010988988.1	80	IUJ38_RS22030
NZ_CP064385.1	4567289	4567435		minus	hypothetical protein		0	protein-coding		WP_001030976.1	48	IUJ38_RS22035
NZ_CP064385.1	4567647	4567955		minus	hypothetical protein		0	protein-coding		WP_010988989.1	102	IUJ38_RS22040
NZ_CP064385.1	4567952	4568176		minus	hypothetical protein		0	protein-coding		WP_000687968.1	74	IUJ38_RS22045
NZ_CP064385.1	4568173	4568517		minus	uncharacterized gene		0	pseudogene				IUJ38_RS22050
NZ_CP064385.1	4568415	4568807		minus	ORF6N domain-containing protein		0	protein-coding		WP_010988990.1	130	IUJ38_RS22055
NZ_CP064385.1	4568762	4569157		minus	hypothetical protein		0	protein-coding		WP_000886590.1	131	IUJ38_RS22060
NZ_CP064385.1	4569147	4569383		minus	hypothetical protein		0	protein-coding		WP_001088169.1	78	IUJ38_RS22065
NZ_CP064385.1	4569383	4569799		minus	hypothetical protein		0	protein-coding		WP_010988991.1	138	IUJ38_RS22070
NZ_CP064385.1	4569723	4569932		minus	hypothetical protein		0	protein-coding		WP_000267318.1	69	IUJ38_RS22075
NZ_CP064385.1	4570120	4570305		minus	hypothetical protein		0	protein-coding		WP_000155901.1	61	IUJ38_RS22080
NZ_CP064385.1	4570302	4570496		minus	hypothetical protein		0	protein-coding		WP_000763696.1	64	IUJ38_RS22085
NZ_CP064385.1	4570489	4570806		minus	hypothetical protein		0	protein-coding		WP_000152744.1	105	IUJ38_RS22090
NZ_CP064385.1	4570985	4571680		minus	XRE family transcriptional regulator		0	protein-coding		WP_000497764.1	231	IUJ38_RS22095
NZ_CP064385.1	4571793	4572047		plus	helix-turn-helix domain-containing protein		0	protein-coding		WP_010988992.1	84	IUJ38_RS22100
NZ_CP064385.1	4572010	4572306		plus	hypothetical protein		0	protein-coding		WP_000425803.1	98	IUJ38_RS22105
NZ_CP064385.1	4572547	4572915		plus	hypothetical protein		0	protein-coding		WP_001090725.1	122	IUJ38_RS22110
NZ_CP064385.1	4573028	4574656		plus	DEAD/DEAH box helicase		0	protein-coding		WP_000956017.1	542	IUJ38_RS22115
NZ_CP064385.1	4574653	4575621		plus	primase-helicase zinc-binding domain-containing protein		0	protein-coding		WP_000844637.1	322	IUJ38_RS22120
NZ_CP064385.1	4575621	4576481		plus	hypothetical protein		0	protein-coding		WP_001258392.1	286	IUJ38_RS22125
NZ_CP064385.1	4576478	4577293		plus	antitermination protein		0	protein-coding		WP_000762838.1	271	IUJ38_RS22130
NZ_CP064385.1	4577448	4577840		minus	hypothetical protein		0	protein-coding		WP_001119738.1	130	IUJ38_RS22135
NZ_CP064385.1	4578898	4579296		plus	YcgJ family protein		0	protein-coding		WP_010988994.1	132	IUJ38_RS22140
NZ_CP064385.1	4579886	4580230		plus	phage holin, lambda family		0	protein-coding		WP_001527046.1	114	IUJ38_RS22145
NZ_CP064385.1	4580233	4580847		plus	glycoside hydrolase family 19 protein		0	protein-coding		WP_001004342.1	204	IUJ38_RS22150
NZ_CP064385.1	4580844	4581329		plus	lysis protein		0	protein-coding		WP_001050822.1	161	IUJ38_RS22155
NZ_CP064385.1	4581485	4581556		plus	hypothetical protein		0	protein-coding		WP_232081464.1	23	IUJ38_RS24385
NZ_CP064385.1	4581621	4581812		minus	hypothetical protein		0	protein-coding		WP_000744510.1	63	IUJ38_RS22165
NZ_CP064385.1	4581888	4582109		minus	hypothetical protein		0	protein-coding		WP_024131087.1	73	IUJ38_RS22170
NZ_CP064385.1	4582164	4582655		plus	DUF1441 family protein		0	protein-coding		WP_000348548.1	163	IUJ38_RS22175
NZ_CP064385.1	4582642	4584750		plus	phage terminase large subunit family protein		0	protein-coding		WP_010988995.1	702	IUJ38_RS22180
NZ_CP064385.1	4584747	4584953		plus	DUF6148 family protein		0	protein-coding		WP_000196424.1	68	IUJ38_RS22185
NZ_CP064385.1	4584950	4586485		plus	phage portal protein		0	protein-coding		WP_001009892.1	511	IUJ38_RS22190
NZ_CP064385.1	4586403	4588523		plus	ClpP-like prohead protease/major capsid protein fusion protein		0	protein-coding		WP_015989432.1	706	IUJ38_RS22195
NZ_CP064385.1	4588612	4588935		plus	DUF2190 family protein		0	protein-coding		WP_001107911.1	107	IUJ38_RS22200
NZ_CP064385.1	4588928	4589203		plus	hypothetical protein		0	protein-coding		WP_000002963.1	91	IUJ38_RS22205
NZ_CP064385.1	4589207	4589791		plus	phage tail protein		0	protein-coding		WP_000053599.1	194	IUJ38_RS22210
NZ_CP064385.1	4589788	4590189		plus	phage minor tail U family protein		0	protein-coding		WP_001032970.1	133	IUJ38_RS22215
NZ_CP064385.1	4590200	4590943		plus	phage tail protein		0	protein-coding		WP_000538780.1	247	IUJ38_RS22220
NZ_CP064385.1	4590988	4591392		plus	phage tail assembly chaperone G	gpG	0	protein-coding		WP_000479032.1	134	IUJ38_RS22225
NZ_CP064385.1	4591410	4591727		plus	phage tail assembly protein T		0	protein-coding		WP_010988998.1	105	IUJ38_RS22230
NZ_CP064385.1	4591699	4594860		plus	phage tail tape measure protein		0	protein-coding		WP_000372081.1	1053	IUJ38_RS22235
NZ_CP064385.1	4594860	4595189		plus	phage tail protein		0	protein-coding		WP_000447242.1	109	IUJ38_RS22240
NZ_CP064385.1	4595316	4595834		plus	Ail/Lom family outer membrane beta-barrel protein		0	protein-coding		WP_000815758.1	172	IUJ38_RS22245
NZ_CP064385.1	4595966	4596661		plus	phage minor tail protein L		0	protein-coding		WP_001204739.1	231	IUJ38_RS22250
NZ_CP064385.1	4596673	4597407		plus	C40 family peptidase		0	protein-coding		WP_000415909.1	244	IUJ38_RS22255
NZ_CP064385.1	4597305	4597982		plus	tail assembly protein		0	protein-coding		WP_010988999.1	225	IUJ38_RS22260
NZ_CP064385.1	4598036	4598560		minus	superoxide dismutase family protein	sodC	0	protein-coding		WP_001035652.1	174	IUJ38_RS22265
NZ_CP064385.1	4598705	4602100		plus	phage attachment tail tip protein J	gpJ	0	protein-coding		WP_000515159.1	1131	IUJ38_RS22270
NZ_CP064385.1	4602144	4604516		plus	prophage tail fiber N-terminal domain-containing protein		0	protein-coding		WP_001144671.1	790	IUJ38_RS22275
NZ_CP064385.1	4604516	4605091		plus	tail fiber assembly protein		0	protein-coding		WP_001116083.1	191	IUJ38_RS22280
NZ_CP064385.1	4605162	4606400		minus	sialidase family protein		0	protein-coding		WP_010989000.1	412	IUJ38_RS22285
NZ_CP064385.1	4606602	4606784		plus	uncharacterized gene		0	pseudogene				IUJ38_RS24390
NZ_CP064385.1	4607234	4607455		minus	PerC family transcriptional regulator		0	protein-coding		WP_024131093.1	73	IUJ38_RS24395
NZ_CP064385.1	4607863	4608078		plus	hypothetical protein		0	protein-coding		WP_130522148.1	71	IUJ38_RS22290
NZ_CP064385.1	4608441	4608764		plus	heavy metal-binding domain-containing protein		0	protein-coding		WP_001160725.1	107	IUJ38_RS22295
NZ_CP064385.1	4608761	4609591		plus	N-acetylmuramoyl-L-alanine amidase		0	protein-coding		WP_000645853.1	276	IUJ38_RS22300
NZ_CP064385.1	4609588	4610601		minus	3-beta-hydroxysteroid dehydrogenase		0	protein-coding		WP_000866904.1	337	IUJ38_RS22305
NZ_CP064385.1	4610697	4612130		minus	SDR family oxidoreductase		0	protein-coding		WP_000069000.1	477	IUJ38_RS22310
NZ_CP064385.1	4612141	4613142		minus	low-specificity L-threonine aldolase	ltaE	0	protein-coding		WP_000566344.1	333	IUJ38_RS22315
NZ_CP064385.1	4613181	4614899		minus	ubiquinone-dependent pyruvate dehydrogenase	poxB	0	protein-coding		WP_000815313.1	572	IUJ38_RS22320
NZ_CP064385.1	4615057	4616025		minus	NADH oxidoreductase	hcr	0	protein-coding		WP_001669316.1	322	IUJ38_RS22325
NZ_CP064385.1	4616037	4617689		minus	hydroxylamine reductase	hcp	0	protein-coding		WP_000458775.1	550	IUJ38_RS22330
NZ_CP064385.1	4617833	4618732		minus	LysO family transporter		0	protein-coding		WP_000491118.1	299	IUJ38_RS22335
NZ_CP064385.1	4618934	4620592		plus	ATP-dependent endonuclease		0	protein-coding		WP_000599761.1	552	IUJ38_RS22340
NZ_CP064385.1	4620589	4621539		minus	VirK/YbjX family protein		0	protein-coding		WP_001519667.1	316	IUJ38_RS22345
NZ_CP064385.1	4621685	4622803		plus	macrolide transporter subunit MacA	macA	0	protein-coding		WP_001201751.1	372	IUJ38_RS22350
NZ_CP064385.1	4622800	4624746		plus	macrolide ABC transporter ATP-binding protein/permease MacB	macB	0	protein-coding		WP_000125877.1	648	IUJ38_RS22355
NZ_CP064385.1	4624876	4625097		minus	cold shock-like protein CspD	cspD	0	protein-coding		WP_000447499.1	73	IUJ38_RS22360
NZ_CP064385.1	4625248	4625325		plus	hypothetical protein		0	protein-coding		WP_212742690.1	25	IUJ38_RS22365
NZ_CP064385.1	4625421	4625741		plus	ATP-dependent Clp protease adapter ClpS	clpS	0	protein-coding		WP_000520789.1	106	IUJ38_RS22370
NZ_CP064385.1	4625772	4628048		plus	ATP-dependent Clp protease ATP-binding subunit ClpA	clpA	0	protein-coding		WP_000934063.1	758	IUJ38_RS22375
NZ_CP064385.1	4628240	4628698		plus	IS200/IS605-like element IS200F family transposase	tnpA	0	protein-coding		WP_000502119.1	152	IUJ38_RS22380
NZ_CP064385.1	4629161	4630416		minus	IS3-like element ISSen1 family transposase		0	protein-coding		WP_085983316.1	418	IUJ38_RS22385
NZ_CP064385.1	4630517	4630604		minus	tRNA-Ser		0	tRNA				IUJ38_RS22390
NZ_CP064385.1	4630753	4631430		minus	hydrolase		0	protein-coding		WP_000097893.1	225	IUJ38_RS22395
NZ_CP064385.1	4631450	4632310		minus	pirin family protein		0	protein-coding		WP_000809973.1	286	IUJ38_RS22400
NZ_CP064385.1	4632419	4633330		plus	LysR family transcriptional regulator		0	protein-coding		WP_000597928.1	303	IUJ38_RS22405
NZ_CP064385.1	4633421	4633639		minus	translation initiation factor IF-1	infA	0	protein-coding		WP_001040187.1	72	IUJ38_RS22410
NZ_CP064385.1	4633951	4634655		minus	leucyl/phenylalanyl-tRNA--protein transferase	aat	0	protein-coding		WP_001241650.1	234	IUJ38_RS22420
NZ_CP064385.1	4634700	4636421		minus	heme ABC transporter ATP-binding protein/permease CydC	cydC	0	protein-coding		WP_001202267.1	573	IUJ38_RS22425
NZ_CP064385.1	4636422	4638188		minus	heme ABC transporter permease/ATP-binding protein CydD	cydD	0	protein-coding		WP_001044541.1	588	IUJ38_RS22430
NZ_CP064385.1	4638302	4639270		minus	thioredoxin-disulfide reductase	trxB	0	protein-coding		WP_000537407.1	322	IUJ38_RS22435
NZ_CP064385.1	4639816	4640310		plus	leucine-responsive transcriptional regulator Lrp	lrp	0	protein-coding		WP_000228469.1	164	IUJ38_RS22440
NZ_CP064385.1	4640445	4644500		plus	DNA translocase FtsK	ftsK	0	protein-coding		WP_001542260.1	1351	IUJ38_RS22445
NZ_CP064385.1	4644643	4645254		plus	outer membrane lipoprotein periplasmic chaperone LolA	lolA	0	protein-coding		WP_001519746.1	203	IUJ38_RS22450
NZ_CP064385.1	4645264	4646607		plus	replication-associated recombination protein RarA	rarA	0	protein-coding		WP_000067785.1	447	IUJ38_RS22455
NZ_CP064385.1	4646866	4648158		plus	serine--tRNA ligase	serS	0	protein-coding		WP_000886697.1	430	IUJ38_RS22460
NZ_CP064385.1	4648395	4650839		plus	dimethylsulfoxide reductase subunit A	dmsA	0	protein-coding		WP_000850250.1	814	IUJ38_RS22465
NZ_CP064385.1	4650850	4651467		plus	dimethylsulfoxide reductase iron-sulfur subunit DmsB	dmsB	0	protein-coding		WP_000213069.1	205	IUJ38_RS22470
NZ_CP064385.1	4651469	4652332		plus	dimethyl sulfoxide reductase anchor subunit family protein		0	protein-coding		WP_000534681.1	287	IUJ38_RS22475
NZ_CP064385.1	4652682	4653830		plus	MFS transporter		0	protein-coding		WP_000109271.1	382	IUJ38_RS22480
NZ_CP064385.1	4654048	4655469		plus	APC family permease		0	protein-coding		WP_001134268.1	473	IUJ38_RS22485
NZ_CP064385.1	4655762	4656559		minus	pyruvate formate lyase 1-activating protein	pflA	0	protein-coding		WP_000067973.1	265	IUJ38_RS22490
NZ_CP064385.1	4656678	4657004		minus	hypothetical protein		0	protein-coding		WP_010989001.1	108	IUJ38_RS22495
NZ_CP064385.1	4657135	4658094		plus	SPI-2 type III secretion system effector SopD2	sopD2	0	protein-coding		WP_001145561.1	319	IUJ38_RS22500
NZ_CP064385.1	4658170	4660452		minus	formate C-acetyltransferase	pflB	0	protein-coding		WP_001292799.1	760	IUJ38_RS22505
NZ_CP064385.1	4660512	4661369		minus	formate transporter FocA	focA	0	protein-coding		WP_000642539.1	285	IUJ38_RS22510
NZ_CP064385.1	4661774	4663534		minus	30S ribosomal protein S12 methylthiotransferase accessory factor YcaO	ycaO	0	protein-coding		WP_000194823.1	586	IUJ38_RS22515
NZ_CP064385.1	4663671	4664363		plus	DUF421 domain-containing protein		0	protein-coding		WP_000642866.1	230	IUJ38_RS22520
NZ_CP064385.1	4664549	4665637		plus	3-phosphoserine/phosphohydroxythreonine transaminase	serC	0	protein-coding		WP_000079584.1	362	IUJ38_RS22525
NZ_CP064385.1	4665708	4666991		plus	3-phosphoshikimate 1-carboxyvinyltransferase	aroA	0	protein-coding		WP_000445178.1	427	IUJ38_RS22530
NZ_CP064385.1	4667134	4667895		plus	metalloprotease LoiP		0	protein-coding		WP_000792312.1	253	IUJ38_RS22535
NZ_CP064385.1	4668068	4668751		plus	(d)CMP kinase	cmk	0	protein-coding		WP_000125006.1	227	IUJ38_RS22540
NZ_CP064385.1	4668865	4670538		plus	30S ribosomal protein S1	rpsA	0	protein-coding		WP_000140324.1	557	IUJ38_RS22545
NZ_CP064385.1	4670694	4670978		plus	integration host factor subunit beta	ihfB	0	protein-coding		WP_000167332.1	94	IUJ38_RS22550
NZ_CP064385.1	4671208	4673472		plus	ComEC family protein		0	protein-coding		WP_000705784.1	754	IUJ38_RS22555
NZ_CP064385.1	4673509	4675257		plus	lipid A ABC transporter ATP-binding protein/permease MsbA	msbA	0	protein-coding		WP_000551246.1	582	IUJ38_RS22560
NZ_CP064385.1	4675254	4676231		plus	tetraacyldisaccharide 4'-kinase	lpxK	0	protein-coding		WP_000561681.1	325	IUJ38_RS22565
NZ_CP064385.1	4676275	4677507		plus	winged helix-turn-helix domain-containing protein		0	protein-coding		WP_000056911.1	410	IUJ38_RS22570
NZ_CP064385.1	4677559	4677741		plus	protein YcaR	ycaR	0	protein-coding		WP_000350061.1	60	IUJ38_RS22575
NZ_CP064385.1	4677738	4678484		plus	3-deoxy-manno-octulosonate cytidylyltransferase	kdsB	0	protein-coding		WP_000011576.1	248	IUJ38_RS22580
NZ_CP064385.1	4678695	4679588		plus	YcbJ family phosphotransferase		0	protein-coding		WP_000436889.1	297	IUJ38_RS22585
NZ_CP064385.1	4679568	4680344		minus	envelope biogenesis factor ElyC	elyC	0	protein-coding		WP_000899563.1	258	IUJ38_RS22590
NZ_CP064385.1	4680480	4681283		plus	tRNA uridine 5-oxyacetic acid(34) methyltransferase CmoM	cmoM	0	protein-coding		WP_001154025.1	267	IUJ38_RS22595
NZ_CP064385.1	4681276	4682598		plus	chromosome partition protein MukF	mukF	0	protein-coding		WP_001288828.1	440	IUJ38_RS22600
NZ_CP064385.1	4682579	4683283		plus	chromosome partition protein MukE	mukE	0	protein-coding		WP_000060025.1	234	IUJ38_RS22605
NZ_CP064385.1	4683283	4687749		plus	chromosome partition protein MukB	mukB	0	protein-coding		WP_000572724.1	1488	IUJ38_RS22610
NZ_CP064385.1	4688094	4689935		plus	L,D-transpeptidase	ldtD	0	protein-coding		WP_000925872.1	613	IUJ38_RS22615
NZ_CP064385.1	4690195	4690743		plus	peptidoglycan L,D-endopeptidase MepK		0	protein-coding		WP_000357052.1	182	IUJ38_RS22620
NZ_CP064385.1	4690771	4691418		plus	MBL fold metallo-hydrolase		0	protein-coding		WP_001109471.1	215	IUJ38_RS22625
NZ_CP064385.1	4691480	4692670		minus	aspartate transaminase	aspC	0	protein-coding		WP_000462653.1	396	IUJ38_RS22630
NZ_CP064385.1	4692855	4693946		minus	porin OmpF	ompF	0	protein-coding		WP_000977713.1	363	IUJ38_RS22635
NZ_CP064385.1	4694553	4695953		minus	asparagine--tRNA ligase	asnS	0	protein-coding		WP_000117870.1	466	IUJ38_RS22640
NZ_CP064385.1	4696154	4696615		minus	Lrp/AsnC family transcriptional regulator		0	protein-coding		WP_000762342.1	153	IUJ38_RS22645
NZ_CP064385.1	4696932	4698146		plus	diaminopropionate ammonia-lyase	dpaL	0	protein-coding		WP_000544849.1	404	IUJ38_RS22650
NZ_CP064385.1	4698391	4699827		plus	alanine/glycine:cation symporter family protein		0	protein-coding		WP_000893207.1	478	IUJ38_RS22655
NZ_CP064385.1	4699905	4701107		minus	nicotinate phosphoribosyltransferase	pncB	0	protein-coding		WP_000191399.1	400	IUJ38_RS22660
NZ_CP064385.1	4701302	4702594		minus	FimB-specific integrase Int	int	0	protein-coding		WP_001262306.1	430	IUJ38_RS22665
NZ_CP064385.1	4702639	4702887		minus	excisionase Xis	xis	0	protein-coding		WP_000065276.1	82	IUJ38_RS22670
NZ_CP064385.1	4702928	4703167		minus	DUF4060 family protein		0	protein-coding		WP_001237031.1	79	IUJ38_RS22675
NZ_CP064385.1	4703210	4704367		minus	RecT family recombinase		0	protein-coding		WP_001539618.1	385	IUJ38_RS22680
NZ_CP064385.1	4704330	4707215		minus	RecE family exodeoxyribonuclease		0	protein-coding		WP_000017134.1	961	IUJ38_RS22685
NZ_CP064385.1	4707342	4707641		minus	hypothetical protein		0	protein-coding		WP_001668146.1	99	IUJ38_RS22690
NZ_CP064385.1	4707663	4707821		minus	YdaE family protein		0	protein-coding		WP_000917564.1	52	IUJ38_RS22695
NZ_CP064385.1	4707814	4708074		minus	hypothetical protein		0	protein-coding		WP_010989002.1	86	IUJ38_RS22700
NZ_CP064385.1	4708124	4708534		minus	helix-turn-helix domain-containing protein		0	protein-coding		WP_001038966.1	136	IUJ38_RS22705
NZ_CP064385.1	4708654	4708893		plus	helix-turn-helix domain-containing protein		0	protein-coding		WP_000370145.1	79	IUJ38_RS22710
NZ_CP064385.1	4708859	4709233		plus	CII family transcriptional regulator		0	protein-coding		WP_001574095.1	124	IUJ38_RS22715
NZ_CP064385.1	4709318	4710301		plus	replication protein		0	protein-coding		WP_000062941.1	327	IUJ38_RS22720
NZ_CP064385.1	4710304	4711053		plus	ATP-binding protein		0	protein-coding		WP_000800010.1	249	IUJ38_RS22725
NZ_CP064385.1	4711064	4711411		plus	DUF977 family protein		0	protein-coding		WP_000113629.1	115	IUJ38_RS22730
NZ_CP064385.1	4711408	4711719		plus	ead/Ea22-like family protein		0	protein-coding		WP_000065108.1	103	IUJ38_RS22735
NZ_CP064385.1	4711797	4712087		plus	hypothetical protein		0	protein-coding		WP_010989003.1	96	IUJ38_RS22740
NZ_CP064385.1	4712379	4712612		plus	DinI family protein		0	protein-coding		WP_001217665.1	77	IUJ38_RS22745
NZ_CP064385.1	4712724	4712945		plus	hypothetical protein		0	protein-coding		WP_000807548.1	73	IUJ38_RS22750
NZ_CP064385.1	4713028	4713630		plus	DUF1367 family protein		0	protein-coding		WP_000929805.1	200	IUJ38_RS22755
NZ_CP064385.1	4713630	4713836		plus	hypothetical protein		0	protein-coding		WP_001241019.1	68	IUJ38_RS22760
NZ_CP064385.1	4713839	4714450		plus	recombination protein NinG		0	protein-coding		WP_001096552.1	203	IUJ38_RS22765
NZ_CP064385.1	4714447	4714593		plus	YlcG family protein		0	protein-coding		WP_001617856.1	48	IUJ38_RS22770
NZ_CP064385.1	4714583	4715380		plus	antitermination protein Q		0	protein-coding		WP_001047631.1	265	IUJ38_RS22775
NZ_CP064385.1	4715447	4715764		plus	hypothetical protein		0	protein-coding		WP_010989004.1	105	IUJ38_RS22780
NZ_CP064385.1	4715938	4716063		plus	hypothetical protein		0	protein-coding		WP_001534733.1	41	IUJ38_RS22785
NZ_CP064385.1	4716199	4716648		minus	hypothetical protein		0	protein-coding		WP_000798705.1	149	IUJ38_RS22790
NZ_CP064385.1	4717009	4717695		minus	type III secretion system effector protease GtgA	gtgA	0	protein-coding		WP_001141973.1	228	IUJ38_RS22795
NZ_CP064385.1	4717971	4718300		plus	phage holin, lambda family		0	protein-coding		WP_001574216.1	109	IUJ38_RS22800
NZ_CP064385.1	4718284	4718736		plus	lysozyme		0	protein-coding		WP_000984586.1	150	IUJ38_RS22805
NZ_CP064385.1	4718754	4719233		plus	lysis protein		0	protein-coding		WP_001541990.1	159	IUJ38_RS22810
NZ_CP064385.1	4719441	4719974		plus	DUF1441 family protein		0	protein-coding		WP_000371784.1	177	IUJ38_RS22815
NZ_CP064385.1	4719931	4722069		plus	phage terminase large subunit family protein		0	protein-coding		WP_000989241.1	712	IUJ38_RS22820
NZ_CP064385.1	4722066	4722272		plus	DUF6148 family protein		0	protein-coding		WP_000196190.1	68	IUJ38_RS22825
NZ_CP064385.1	4722269	4723816		plus	phage portal protein		0	protein-coding		WP_001009207.1	515	IUJ38_RS22830
NZ_CP064385.1	4723740	4725821		plus	ClpP-like prohead protease/major capsid protein fusion protein		0	protein-coding		WP_010989008.1	693	IUJ38_RS22835
NZ_CP064385.1	4725912	4726235		plus	DUF2190 family protein		0	protein-coding		WP_001107908.1	107	IUJ38_RS22840
NZ_CP064385.1	4726228	4726527		plus	ATP-binding protein		0	protein-coding		WP_000774239.1	99	IUJ38_RS22845
NZ_CP064385.1	4726508	4727074		plus	phage tail protein		0	protein-coding		WP_000453194.1	188	IUJ38_RS22850
NZ_CP064385.1	4727071	4727472		plus	phage minor tail U family protein		0	protein-coding		WP_000196702.1	133	IUJ38_RS22855
NZ_CP064385.1	4727484	4728233		plus	phage tail protein		0	protein-coding		WP_000132756.1	249	IUJ38_RS22860
NZ_CP064385.1	4728279	4728677		plus	phage tail assembly chaperone G	gpG	0	protein-coding		WP_000478859.1	132	IUJ38_RS22865
NZ_CP064385.1	4728674	4729003		plus	phage tail assembly protein T		0	protein-coding		WP_010989009.1	109	IUJ38_RS22870
NZ_CP064385.1	4729083	4732070		plus	phage tail tape measure protein		0	protein-coding		WP_010989010.1	995	IUJ38_RS22875
NZ_CP064385.1	4732067	4732399		plus	phage tail protein		0	protein-coding		WP_000978296.1	110	IUJ38_RS22880
NZ_CP064385.1	4732498	4732995		plus	Ail/Lom family outer membrane beta-barrel protein		0	protein-coding		WP_000725267.1	165	IUJ38_RS22885
NZ_CP064385.1	4733112	4733645		minus	superoxide dismutase [Cu-Zn] SodC1	sodC1	0	protein-coding		WP_000877926.1	177	IUJ38_RS22890
NZ_CP064385.1	4733735	4734430		plus	phage minor tail protein L		0	protein-coding		WP_001152415.1	231	IUJ38_RS22895
NZ_CP064385.1	4734440	4735177		plus	C40 family peptidase		0	protein-coding		WP_000606351.1	245	IUJ38_RS22900
NZ_CP064385.1	4735075	4735779		plus	tail assembly protein		0	protein-coding		WP_000246065.1	234	IUJ38_RS22905
NZ_CP064385.1	4735851	4738298		plus	TipJ family phage tail tip protein		0	protein-coding		WP_001541992.1	815	IUJ38_RS22910
NZ_CP064385.1	4738325	4739200		plus	phage tail tip fiber protein		0	protein-coding		WP_001687102.1	291	IUJ38_RS22915
NZ_CP064385.1	4739239	4739481		plus	hypothetical protein		0	protein-coding		WP_000178849.1	80	IUJ38_RS22920
NZ_CP064385.1	4739535	4741973		plus	prophage tail fiber N-terminal domain-containing protein		0	protein-coding		WP_001144679.1	812	IUJ38_RS22925
NZ_CP064385.1	4741973	4742554		plus	tail fiber assembly protein		0	protein-coding		WP_000143167.1	193	IUJ38_RS22930
NZ_CP064385.1	4742558	4742773		minus	uncharacterized gene		0	pseudogene				IUJ38_RS22935
NZ_CP064385.1	4743030	4743998		plus	SPI-2 type III secretion system effector SseI	sseI	0	protein-coding		WP_001533476.1	322	IUJ38_RS22945
NZ_CP064385.1	4744096	4744514		plus	uncharacterized gene		0	pseudogene				IUJ38_RS22950
NZ_CP064385.1	4744646	4745272		minus	SOS response-associated peptidase		0	protein-coding		WP_000334547.1	208	IUJ38_RS22955
NZ_CP064385.1	4745341	4745640		minus	hypothetical protein		0	protein-coding		WP_010989011.1	99	IUJ38_RS22960
NZ_CP064385.1	4745625	4746311		minus	virulence effector protease GtgE	gtgE	0	protein-coding		WP_001525490.1	228	IUJ38_RS22965
NZ_CP064385.1	4746582	4746773		minus	DinI-like family protein		0	protein-coding		WP_000497441.1	63	IUJ38_RS22970
NZ_CP064385.1	4747200	4749812		plus	aminopeptidase N	pepN	0	protein-coding		WP_000193784.1	870	IUJ38_RS22975
NZ_CP064385.1	4750020	4751030		plus	quinone-dependent dihydroorotate dehydrogenase	pyrD	0	protein-coding		WP_000291723.1	336	IUJ38_RS22980
NZ_CP064385.1	4751196	4751738		plus	cell division protein ZapC	zapC	0	protein-coding		WP_001220671.1	180	IUJ38_RS22985
NZ_CP064385.1	4751735	4752844		minus	YcbX family protein		0	protein-coding		WP_000224069.1	369	IUJ38_RS22990
NZ_CP064385.1	4752943	4755051		plus	bifunctional 23S rRNA (guanine(2069)-N(7))-methyltransferase RlmK/23S rRNA (guanine(2445)-N(2))-methyltransferase RlmL	rlmKL	0	protein-coding		WP_001086485.1	702	IUJ38_RS22995
NZ_CP064385.1	4755064	4756971		plus	ABC transporter ATP-binding protein		0	protein-coding		WP_000053044.1	635	IUJ38_RS23000
NZ_CP064385.1	4756986	4758239		plus	membrane integrity-associated transporter subunit PqiA	pqiA	0	protein-coding		WP_000333152.1	417	IUJ38_RS23005
NZ_CP064385.1	4758244	4759884		plus	intermembrane transport protein PqiB	pqiB	0	protein-coding		WP_000433414.1	546	IUJ38_RS23010
NZ_CP064385.1	4759881	4760444		plus	membrane integrity-associated transporter subunit PqiC	pqiC	0	protein-coding		WP_000759136.1	187	IUJ38_RS23015
NZ_CP064385.1	4760700	4760867		plus	ribosome modulation factor	rmf	0	protein-coding		WP_001537784.1	55	IUJ38_RS23020
NZ_CP064385.1	4760967	4761485		minus	bifunctional 3-hydroxydecanoyl-ACP dehydratase/trans-2-decenoyl-ACP isomerase	fabA	0	protein-coding		WP_000227928.1	172	IUJ38_RS23025
NZ_CP064385.1	4761554	4763314		minus	AAA family ATPase		0	protein-coding		WP_000156454.1	586	IUJ38_RS23030
NZ_CP064385.1	4763500	4763952		plus	macrodomain Ter protein MatP	matP	0	protein-coding		WP_000877172.1	150	IUJ38_RS23035
NZ_CP064385.1	4764024	4765076		minus	porin OmpA	ompA	0	protein-coding		WP_001674965.1	350	IUJ38_RS23040
NZ_CP064385.1	4765433	4765942		minus	SOS-induced cell division inhibitor SulA	sulA	0	protein-coding		WP_000288732.1	169	IUJ38_RS23045
NZ_CP064385.1	4766159	4766764		plus	TfoX/Sxy family DNA transformation protein		0	protein-coding		WP_001202375.1	201	IUJ38_RS23050
NZ_CP064385.1	4766751	4768904		minus	YccS family putative transporter	yccS	0	protein-coding		WP_000950880.1	717	IUJ38_RS23055
NZ_CP064385.1	4768923	4769369		minus	YccF domain-containing protein		0	protein-coding		WP_001261222.1	148	IUJ38_RS23060
NZ_CP064385.1	4769493	4771547		plus	DNA helicase IV	helD	0	protein-coding		WP_000420505.1	684	IUJ38_RS23065
NZ_CP064385.1	4771583	4772041		minus	methylglyoxal synthase	mgsA	0	protein-coding		WP_000424187.1	152	IUJ38_RS23070
NZ_CP064385.1	4772136	4772798		minus	DUF2057 family protein		0	protein-coding		WP_000847719.1	220	IUJ38_RS23075
NZ_CP064385.1	4772972	4773385		plus	CoA-binding protein		0	protein-coding		WP_001537782.1	137	IUJ38_RS23080
NZ_CP064385.1	4773430	4773747		minus	heat shock protein HspQ	hspQ	0	protein-coding		WP_000561983.1	105	IUJ38_RS23085
NZ_CP064385.1	4773805	4775016		minus	23S rRNA (cytosine(1962)-C(5))-methyltransferase RlmI	rlmI	0	protein-coding		WP_000140480.1	403	IUJ38_RS23090
NZ_CP064385.1	4775231	4775779		plus	YbhB/YbcL family Raf kinase inhibitor-like protein		0	protein-coding		WP_000859419.1	182	IUJ38_RS23095
NZ_CP064385.1	4775805	4776584		plus	helix-turn-helix transcriptional regulator		0	protein-coding		WP_000548082.1	259	IUJ38_RS23100
NZ_CP064385.1	4776633	4776914		plus	acylphosphatase	yccX	0	protein-coding		WP_000072884.1	93	IUJ38_RS23105
NZ_CP064385.1	4776911	4777240		minus	sulfurtransferase TusE	tusE	0	protein-coding		WP_000904446.1	109	IUJ38_RS23110
NZ_CP064385.1	4777327	4777986		minus	FtsH protease modulator YccA	yccA	0	protein-coding		WP_000374050.1	219	IUJ38_RS23115
NZ_CP064385.1	4778381	4778468		plus	tRNA-Ser		0	tRNA				IUJ38_RS23120
NZ_CP064385.1	4778607	4779287		minus	type III secretion system effector protease PipA	pipA	0	protein-coding		WP_000938191.1	226	IUJ38_RS23125
NZ_CP064385.1	4779509	4780384		minus	SPI-2 type III secretion system effector PipB	pipB	0	protein-coding		WP_001123045.1	291	IUJ38_RS23130
NZ_CP064385.1	4780602	4780922		plus	membrane protein		0	protein-coding		WP_010989012.1	106	IUJ38_RS23135
NZ_CP064385.1	4780932	4781273		minus	type III secretion system chaperone SigE	sigE	0	protein-coding		WP_000444724.1	113	IUJ38_RS23140
NZ_CP064385.1	4781290	4782975		minus	SPI-1 type III secretion system effector inositol phosphate phosphatase SopB	sopB	0	protein-coding		WP_001166946.1	561	IUJ38_RS23145
NZ_CP064385.1	4783307	4783477		plus	YlcI/YnfO family protein		0	protein-coding		WP_001111006.1	56	IUJ38_RS23150
NZ_CP064385.1	4783478	4783588		minus	hypothetical protein		0	protein-coding		WP_000174813.1	36	IUJ38_RS23155
NZ_CP064385.1	4783697	4785166		minus	C69 family dipeptidase		0	protein-coding		WP_000760228.1	489	IUJ38_RS23160
NZ_CP064385.1	4785339	4786703		minus	heavy metal sensor histidine kinase		0	protein-coding		WP_000240046.1	454	IUJ38_RS23165
NZ_CP064385.1	4786696	4787376		minus	response regulator transcription factor HprR	hprR	0	protein-coding		WP_000698205.1	226	IUJ38_RS23170
NZ_CP064385.1	4787512	4787922		plus	hydroxyisourate hydrolase	hiuH	0	protein-coding		WP_000833188.1	136	IUJ38_RS23175
NZ_CP064385.1	4788255	4788767		minus	4-hydroxyphenylacetate 3-monooxygenase reductase subunit		0	protein-coding		WP_001195556.1	170	IUJ38_RS23180
NZ_CP064385.1	4788785	4790347		minus	4-hydroxyphenylacetate 3-monooxygenase, oxygenase component	hpaB	0	protein-coding		WP_000801496.1	520	IUJ38_RS23185
NZ_CP064385.1	4790565	4791005		minus	homoprotocatechuate degradation operon regulator HpaR	hpaR	0	protein-coding		WP_000543922.1	146	IUJ38_RS23190
NZ_CP064385.1	4791280	4792569		plus	4-hydroxyphenylacetate degradation bifunctional isomerase/decarboxylase	hpaG	0	protein-coding		WP_000679216.1	429	IUJ38_RS23195
NZ_CP064385.1	4792566	4794032		plus	5-carboxymethyl-2-hydroxymuconate semialdehyde dehydrogenase	hpaE	0	protein-coding		WP_000723524.1	488	IUJ38_RS23200
NZ_CP064385.1	4794034	4794885		plus	3,4-dihydroxyphenylacetate 2,3-dioxygenase	hpaD	0	protein-coding		WP_000516978.1	283	IUJ38_RS23205
NZ_CP064385.1	4794895	4795275		plus	5-carboxymethyl-2-hydroxymuconate Delta-isomerase		0	protein-coding		WP_001119849.1	126	IUJ38_RS23210
NZ_CP064385.1	4795418	4796221		plus	2-oxo-hept-4-ene-1,7-dioate hydratase	hpaH	0	protein-coding		WP_000884795.1	267	IUJ38_RS23215
NZ_CP064385.1	4796232	4797023		plus	4-hydroxy-2-oxoheptanedioate aldolase	hpaI	0	protein-coding		WP_000785072.1	263	IUJ38_RS23220
NZ_CP064385.1	4797095	4798471		plus	4-hydroxyphenylacetate permease	hpaX	0	protein-coding		WP_001285800.1	458	IUJ38_RS23225
NZ_CP064385.1	4798481	4799377		plus	4-hydroxyphenylacetate catabolism regulatory protein HpaA	hpaA	0	protein-coding		WP_000336602.1	298	IUJ38_RS23230
NZ_CP064385.1	4799391	4800329		plus	MBL fold metallo-hydrolase		0	protein-coding		WP_000976562.1	312	IUJ38_RS23235
NZ_CP064385.1	4800737	4801099		minus	anti-adapter protein IraM		0	protein-coding		WP_010989013.1	120	IUJ38_RS23240
NZ_CP064385.1	4801753	4802058		minus	chaperone modulator CbpM	cbpM	0	protein-coding		WP_001284251.1	101	IUJ38_RS23245
NZ_CP064385.1	4802058	4802978		minus	curved DNA-binding protein	cbpA	0	protein-coding		WP_000420603.1	306	IUJ38_RS23250
NZ_CP064385.1	4803213	4803575		plus	copper resistance protein		0	protein-coding		WP_001118902.1	120	IUJ38_RS23255
NZ_CP064385.1	4803624	4805510		plus	protein-disulfide reductase DsbD family protein		0	protein-coding		WP_000972957.1	628	IUJ38_RS23260
NZ_CP064385.1	4805507	4806130		plus	DsbA family protein		0	protein-coding		WP_000876693.1	207	IUJ38_RS23265
NZ_CP064385.1	4806120	4806626		plus	protein disulfide oxidoreductase		0	protein-coding		WP_000907530.1	168	IUJ38_RS23270
NZ_CP064385.1	4806759	4808000		plus	bifunctional glucose-1-phosphatase/inositol phosphatase	agp	0	protein-coding		WP_000749201.1	413	IUJ38_RS23275
NZ_CP064385.1	4808034	4808261		minus	YccJ family protein		0	protein-coding		WP_001143125.1	75	IUJ38_RS23280
NZ_CP064385.1	4808282	4808878		minus	NAD(P)H:quinone oxidoreductase	wrbA	0	protein-coding		WP_001062899.1	198	IUJ38_RS23285
NZ_CP064385.1	4809263	4809430		plus	con-10 family general stress protein		0	protein-coding		WP_001273663.1	55	IUJ38_RS23290
NZ_CP064385.1	4809567	4810205		plus	HTH-type transcriptional regulator RutR	rutR	0	protein-coding		WP_000083126.1	212	IUJ38_RS23295
NZ_CP064385.1	4810202	4810597		minus	lysozyme inhibitor LprI family protein		0	protein-coding		WP_000821066.1	131	IUJ38_RS23300
NZ_CP064385.1	4810656	4814618		minus	trifunctional transcriptional regulator/proline dehydrogenase/L-glutamate gamma-semialdehyde dehydrogenase	putA	0	protein-coding		WP_000537528.1	1320	IUJ38_RS23305
NZ_CP064385.1	4815040	4816548		plus	sodium/proline symporter PutP	putP	0	protein-coding		WP_001018467.1	502	IUJ38_RS23310
NZ_CP064385.1	4817441	4818229		plus	phosphate starvation-inducible protein PhoH	phoH	0	protein-coding		WP_000533527.1	262	IUJ38_RS23315
NZ_CP064385.1	4818335	4819216		minus	MurR/RpiR family transcriptional regulator		0	protein-coding		WP_000433674.1	293	IUJ38_RS23320
NZ_CP064385.1	4819501	4820997		minus	sodium:solute symporter family protein		0	protein-coding		WP_000628082.1	498	IUJ38_RS23325
NZ_CP064385.1	4821334	4822014		minus	N-acetylmannosamine-6-phosphate 2-epimerase		0	protein-coding		WP_000054243.1	226	IUJ38_RS23330
NZ_CP064385.1	4822520	4823680		plus	N-acetylneuraminate epimerase		0	protein-coding		WP_000525751.1	386	IUJ38_RS23335
NZ_CP064385.1	4823726	4824418		plus	oligogalacturonate-specific porin KdgM family protein		0	protein-coding		WP_000700610.1	230	IUJ38_RS23340
NZ_CP064385.1	4824701	4825981		plus	MFS transporter		0	protein-coding		WP_000560761.1	426	IUJ38_RS23345
NZ_CP064385.1	4825992	4827098		plus	Gfo/Idh/MocA family protein		0	protein-coding		WP_000988585.1	368	IUJ38_RS23350
NZ_CP064385.1	4827250	4827385		minus	RtT sRNA		0	ncRNA				IUJ38_RS23355
NZ_CP064385.1	4827434	4827569		minus	RtT sRNA		0	ncRNA				IUJ38_RS23360
NZ_CP064385.1	4827618	4827753		minus	RtT sRNA		0	ncRNA				IUJ38_RS23365
NZ_CP064385.1	4827802	4827889		minus	tRNA-Ser		0	tRNA				IUJ38_RS23370
NZ_CP064385.1	4828126	4829064		plus	glyoxylate/hydroxypyruvate reductase GhrA	ghrA	0	protein-coding		WP_000402556.1	312	IUJ38_RS23375
NZ_CP064385.1	4829148	4829885		plus	phosphatase		0	protein-coding		WP_000283643.1	245	IUJ38_RS23380
NZ_CP064385.1	4829909	4830463		plus	TorD/DmsD family molecular chaperone		0	protein-coding		WP_001001883.1	184	IUJ38_RS23385
NZ_CP064385.1	4830564	4831046		plus	DUF1097 domain-containing protein		0	protein-coding		WP_015589534.1	160	IUJ38_RS23390
NZ_CP064385.1	4831085	4831918		minus	curli production assembly/transport protein CsgG	csgG	0	protein-coding		WP_001137620.1	277	IUJ38_RS23395
NZ_CP064385.1	4831945	4832361		minus	curli production assembly/transport protein CsgF	csgF	0	protein-coding		WP_001264073.1	138	IUJ38_RS23400
NZ_CP064385.1	4832388	4832783		minus	curli production assembly/transport protein CsgE	csgE	0	protein-coding		WP_000833307.1	131	IUJ38_RS23405
NZ_CP064385.1	4832788	4833438		minus	biofilm master transcriptional regulator CsgD	csgD	0	protein-coding		WP_000481517.1	216	IUJ38_RS23410
NZ_CP064385.1	4834193	4834648		plus	curli minor subunit CsgB	csgB	0	protein-coding		WP_000791655.1	151	IUJ38_RS23415
NZ_CP064385.1	4834690	4835145		plus	curli major subunit CsgA	csgA	0	protein-coding		WP_000771416.1	151	IUJ38_RS23420
NZ_CP064385.1	4835207	4835533		plus	curli assembly chaperone CsgC	csgC	0	protein-coding		WP_000557256.1	108	IUJ38_RS23425
NZ_CP064385.1	4835664	4835984		plus	YmdA family protein		0	protein-coding		WP_000111254.1	106	IUJ38_RS23430
NZ_CP064385.1	4836073	4836612		plus	O-acetyl-ADP-ribose deacetylase	ymdB	0	protein-coding		WP_000203944.1	179	IUJ38_RS23435
NZ_CP064385.1	4836548	4838035		plus	phospholipase D family protein		0	protein-coding		WP_000976323.1	495	IUJ38_RS23440
NZ_CP064385.1	4838052	4839206		minus	glucans biosynthesis protein MdoC	mdoC	0	protein-coding		WP_000100055.1	384	IUJ38_RS23445
NZ_CP064385.1	4839478	4841013		plus	glucans biosynthesis protein MdoG	mdoG	0	protein-coding		WP_001562609.1	511	IUJ38_RS23450
NZ_CP064385.1	4841006	4843549		plus	glucans biosynthesis glucosyltransferase MdoH	mdoH	0	protein-coding		WP_001044610.1	847	IUJ38_RS23455
NZ_CP064385.1	4843623	4843850		plus	YceK/YidQ family lipoprotein		0	protein-coding		WP_001217832.1	75	IUJ38_RS23460
NZ_CP064385.1	4843851	4844225		minus	MysB family protein		0	protein-coding		WP_000180050.1	124	IUJ38_RS23465
NZ_CP064385.1	4844307	4845521		minus	multidrug efflux MFS transporter MdtG	mdtG	0	protein-coding		WP_000075048.1	404	IUJ38_RS23470
NZ_CP064385.1	4845676	4846596		minus	Kdo(2)-lipid IV(A) acyltransferase		0	protein-coding		WP_000163973.1	306	IUJ38_RS23475
NZ_CP064385.1	4846816	4847868		plus	oxygen-dependent tRNA uridine(34) hydroxylase TrhO		0	protein-coding		WP_001144632.1	350	IUJ38_RS23480
NZ_CP064385.1	4847920	4848495		minus	YceI family protein		0	protein-coding		WP_000739886.1	191	IUJ38_RS23485
NZ_CP064385.1	4848492	4849064		minus	cytochrome b		0	protein-coding		WP_001159786.1	190	IUJ38_RS23490
NZ_CP064385.1	4849327	4849440		minus	YceO family protein		0	protein-coding		WP_001253282.1	37	IUJ38_RS23495
NZ_CP064385.1	4849481	4850599		minus	N-methyl-L-tryptophan oxidase	solA	0	protein-coding		WP_000872773.1	372	IUJ38_RS23500
NZ_CP064385.1	4850712	4850966		minus	biofilm formation regulator BssS	bssS	0	protein-coding		WP_000414441.1	84	IUJ38_RS23505
NZ_CP064385.1	4851256	4851501		minus	DNA damage-inducible protein I	dinI	0	protein-coding		WP_001217763.1	81	IUJ38_RS23510
NZ_CP064385.1	4851575	4852621		minus	dihydroorotase	pyrC	0	protein-coding		WP_000126580.1	348	IUJ38_RS23515
NZ_CP064385.1	4852726	4853286		minus	lipoprotein		0	protein-coding		WP_000713057.1	186	IUJ38_RS23520
NZ_CP064385.1	4853411	4854058		minus	glutaredoxin 2	grxB	0	protein-coding		WP_000780893.1	215	IUJ38_RS23525
NZ_CP064385.1	4854122	4855330		minus	multidrug efflux MFS transporter MdtH	mdtH	0	protein-coding		WP_000092165.1	402	IUJ38_RS23530
NZ_CP064385.1	4855567	4856151		plus	ribosomal protein S5-alanine N-acetyltransferase	rimJ	0	protein-coding		WP_000468204.1	194	IUJ38_RS23535
NZ_CP064385.1	4856187	4856834		plus	YceH family protein		0	protein-coding		WP_000873047.1	215	IUJ38_RS23540
NZ_CP064385.1	4856836	267		plus	Gfo/Idh/MocA family protein		0	protein-coding		WP_001259734.1	307	IUJ38_RS00005
NZ_CP064386.1	1036	2061	unnamed	plus	ExeA family protein		0	protein-coding		WP_001576625.1	341	IUJ38_RS23550
NZ_CP064386.1	2250	3287	unnamed	minus	IS630 family transposase		0	protein-coding		WP_001121399.1	345	IUJ38_RS23555
NZ_CP064386.1	3896	4789	unnamed	plus	virulence genes transcriptional activator SpvR	spvR	0	protein-coding		WP_000346691.1	297	IUJ38_RS23560
NZ_CP064386.1	4887	5127	unnamed	plus	uncharacterized gene		0	pseudogene				IUJ38_RS23565
NZ_CP064386.1	5301	6068	unnamed	plus	virulence protein SpvA	spvA	0	protein-coding		WP_001526990.1	255	IUJ38_RS23570
NZ_CP064386.1	6031	6198	unnamed	plus	hypothetical protein		0	protein-coding		WP_001526987.1	55	IUJ38_RS23575
NZ_CP064386.1	6250	8025	unnamed	plus	SPI-2 type III secretion system effector NAD(+)--protein-arginine ADP-ribosyltransferase SpvB	spvB	0	protein-coding		WP_001676648.1	591	IUJ38_RS23580
NZ_CP064386.1	8307	9032	unnamed	plus	type III secretion system effector phosphothreonine lyase SpvC	spvC	0	protein-coding		WP_001122242.1	241	IUJ38_RS23585
NZ_CP064386.1	9293	9943	unnamed	plus	SPI-2 type III secretion system effector cysteine hydrolase SpvD	spvD	0	protein-coding		WP_001575489.1	216	IUJ38_RS23590
NZ_CP064386.1	10070	10494	unnamed	minus	uncharacterized gene	tnpA	0	pseudogene				IUJ38_RS23595
NZ_CP064386.1	10551	10901	unnamed	plus	helix-turn-helix domain-containing protein		0	protein-coding		WP_001541541.1	116	IUJ38_RS23600
NZ_CP064386.1	10968	11513	unnamed	minus	inverse autotransporter beta domain-containing protein		0	protein-coding		WP_071591236.1	181	IUJ38_RS23605
NZ_CP064386.1	11408	11995	unnamed	minus	LysM peptidoglycan-binding domain-containing protein		0	protein-coding		WP_014344496.1	195	IUJ38_RS24240
NZ_CP064386.1	12248	12733	unnamed	minus	membrane protein		0	protein-coding		WP_000905606.1	161	IUJ38_RS23615
NZ_CP064386.1	12727	13236	unnamed	minus	CaiF/GrlA family transcriptional regulator		0	protein-coding		WP_001541544.1	169	IUJ38_RS23620
NZ_CP064386.1	13402	13953	unnamed	minus	EAL domain-containing protein		0	protein-coding		WP_000545754.1	183	IUJ38_RS23625
NZ_CP064386.1	13962	14744	unnamed	minus	site-specific integrase		0	protein-coding		WP_000082169.1	260	IUJ38_RS23630
NZ_CP064386.1	14779	15300	unnamed	minus	hypothetical protein		0	protein-coding		WP_000198608.1	173	IUJ38_RS23635
NZ_CP064386.1	15297	15587	unnamed	minus	hypothetical protein		0	protein-coding		WP_001266176.1	96	IUJ38_RS23640
NZ_CP064386.1	15589	15894	unnamed	minus	type II toxin-antitoxin system toxin CcdB	ccdB	0	protein-coding		WP_001159863.1	101	IUJ38_RS23645
NZ_CP064386.1	15896	16114	unnamed	minus	type II toxin-antitoxin system antitoxin CcdA	ccdA	0	protein-coding		WP_000813641.1	72	IUJ38_RS23650
NZ_CP064386.1	16790	17311	unnamed	plus	hypothetical protein		0	protein-coding		WP_010999942.1	173	IUJ38_RS23655
NZ_CP064386.1	17355	17783	unnamed	minus	uncharacterized gene		0	pseudogene				IUJ38_RS23660
NZ_CP064386.1	17795	18091	unnamed	plus	hypothetical protein		0	protein-coding		WP_001687482.1	98	IUJ38_RS23665
NZ_CP064386.1	18585	19574	unnamed	plus	RepB family plasmid replication initiator protein		0	protein-coding		WP_001527061.1	329	IUJ38_RS23670
NZ_CP064386.1	19833	20280	unnamed	minus	uncharacterized gene		0	pseudogene				IUJ38_RS23675
NZ_CP064386.1	20446	20827	unnamed	minus	uncharacterized gene		0	pseudogene				IUJ38_RS23680
NZ_CP064386.1	21546	21848	unnamed	plus	transcriptional regulator PefB	pefB	0	protein-coding		WP_000979451.1	100	IUJ38_RS23685
NZ_CP064386.1	22123	22641	unnamed	plus	major pilin PefA	pefA	0	protein-coding		WP_000748205.1	172	IUJ38_RS23690
NZ_CP064386.1	22869	25277	unnamed	plus	outer membrane usher protein PefC	pefC	0	protein-coding		WP_000007893.1	802	IUJ38_RS23695
NZ_CP064386.1	25270	25962	unnamed	plus	fimbrial chaperone PefD	pefD	0	protein-coding		WP_001038510.1	230	IUJ38_RS23700
NZ_CP064386.1	25977	26534	unnamed	plus	membrane protein		0	protein-coding		WP_010999940.1	185	IUJ38_RS23705
NZ_CP064386.1	26787	27662	unnamed	plus	membrane protein		0	protein-coding		WP_010999939.1	291	IUJ38_RS23710
NZ_CP064386.1	28094	28306	unnamed	plus	transcriptional regulator PefI	pefI	0	protein-coding		WP_000004313.1	70	IUJ38_RS23715
NZ_CP064386.1	28291	28641	unnamed	plus	helix-turn-helix domain-containing protein		0	protein-coding		WP_001526811.1	116	IUJ38_RS23720
NZ_CP064386.1	28886	29539	unnamed	plus	DsbA family protein		0	protein-coding		WP_000178592.1	217	IUJ38_RS23725
NZ_CP064386.1	29529	29675	unnamed	plus	hypothetical protein		0	protein-coding		WP_001192557.1	48	IUJ38_RS23730
NZ_CP064386.1	29672	30571	unnamed	plus	SdiA-regulated domain-containing protein		0	protein-coding		WP_010999938.1	299	IUJ38_RS23735
NZ_CP064386.1	30661	31218	unnamed	plus	complement resistance protein Rck	rck	0	protein-coding		WP_000725062.1	185	IUJ38_RS23740
NZ_CP064386.1	31485	32243	unnamed	plus	AraC family transcriptional regulator		0	protein-coding		WP_000417898.1	252	IUJ38_RS23745
NZ_CP064386.1	32340	32534	unnamed	minus	uncharacterized gene		0	pseudogene				IUJ38_RS23750
NZ_CP064386.1	33421	34302	unnamed	minus	incFII family plasmid replication initiator RepA	repA	0	protein-coding		WP_001738692.1	293	IUJ38_RS23755
NZ_CP064386.1	34283	34360	unnamed	minus	RepA leader peptide Tap	tap	0	protein-coding		WP_001541552.1	25	IUJ38_RS23760
NZ_CP064386.1	34449	34571	unnamed	plus	uncharacterized gene		0	pseudogene				IUJ38_RS24245
NZ_CP064386.1	34610	34855	unnamed	minus	replication regulatory protein RepA		0	protein-coding		WP_000078115.1	81	IUJ38_RS23765
NZ_CP064386.1	34987	35542	unnamed	minus	uncharacterized gene		0	pseudogene				IUJ38_RS23770
NZ_CP064386.1	35664	35819	unnamed	minus	hypothetical protein		0	protein-coding		WP_000983042.1	51	IUJ38_RS23775
NZ_CP064386.1	35832	36116	unnamed	minus	thioredoxin domain-containing protein		0	protein-coding		WP_000477658.1	94	IUJ38_RS23780
NZ_CP064386.1	36231	36794	unnamed	minus	fertility inhibition protein FinO		0	protein-coding		WP_000139307.1	187	IUJ38_RS23785
NZ_CP064386.1	36849	37589	unnamed	minus	conjugal transfer pilus acetylase TraX	traX	0	protein-coding		WP_000177629.1	246	IUJ38_RS23790
NZ_CP064386.1	37609	42867	unnamed	minus	conjugative transfer relaxase/helicase TraI	traI	0	protein-coding		WP_000986921.1	1752	IUJ38_RS23795
NZ_CP064386.1	42949	43176	unnamed	plus	toxin-antitoxin system antitoxin VapB	vapB	0	protein-coding		WP_000450265.1	75	IUJ38_RS23800
NZ_CP064386.1	43176	43574	unnamed	plus	type II toxin-antitoxin system tRNA(fMet)-specific endonuclease VapC	vapC	0	protein-coding		WP_000911322.1	132	IUJ38_RS23805
NZ_CP064386.1	43583	45826	unnamed	minus	type IV conjugative transfer system coupling protein TraD	traD	0	protein-coding		WP_000009320.1	747	IUJ38_RS23810
NZ_CP064386.1	46203	46934	unnamed	minus	conjugal transfer complement resistance protein TraT	traT	0	protein-coding		WP_000782438.1	243	IUJ38_RS23815
NZ_CP064386.1	46970	47464	unnamed	minus	entry exclusion protein		0	protein-coding		WP_010999946.1	164	IUJ38_RS23820
NZ_CP064386.1	47480	50302	unnamed	minus	conjugal transfer mating-pair stabilization protein TraG	traG	0	protein-coding		WP_001007086.1	940	IUJ38_RS23825
NZ_CP064386.1	50299	51681	unnamed	minus	conjugal transfer pilus assembly protein TraH	traH	0	protein-coding		WP_001161719.1	460	IUJ38_RS23830
NZ_CP064386.1	51671	52219	unnamed	minus	type-F conjugative transfer system pilin assembly thiol-disulfide isomerase TrbB	trbB	0	protein-coding		WP_000055840.1	182	IUJ38_RS23835
NZ_CP064386.1	52206	52499	unnamed	minus	type-F conjugative transfer system pilin chaperone TraQ	traQ	0	protein-coding		WP_001233881.1	97	IUJ38_RS23840
NZ_CP064386.1	52713	53462	unnamed	minus	type-F conjugative transfer system pilin assembly protein TraF	traF	0	protein-coding		WP_001226854.1	249	IUJ38_RS23845
NZ_CP064386.1	53474	53689	unnamed	minus	conjugal transfer protein TrbE	trbE	0	protein-coding		WP_000700023.1	71	IUJ38_RS23850
NZ_CP064386.1	53700	55526	unnamed	minus	type-F conjugative transfer system mating-pair stabilization protein TraN	traN	0	protein-coding		WP_000827528.1	608	IUJ38_RS23855
NZ_CP064386.1	55523	55942	unnamed	minus	HNH endonuclease		0	protein-coding		WP_001229397.1	139	IUJ38_RS23860
NZ_CP064386.1	55979	56617	unnamed	minus	type-F conjugative transfer system pilin assembly protein TrbC	trbC	0	protein-coding		WP_000554823.1	212	IUJ38_RS23865
NZ_CP064386.1	56602	56910	unnamed	minus	hypothetical protein		0	protein-coding		WP_010999945.1	102	IUJ38_RS23870
NZ_CP064386.1	56929	57921	unnamed	minus	conjugal transfer pilus assembly protein TraU	traU	0	protein-coding		WP_000833320.1	330	IUJ38_RS23875
NZ_CP064386.1	57918	58550	unnamed	minus	type-F conjugative transfer system protein TraW	traW	0	protein-coding		WP_000871995.1	210	IUJ38_RS23880
NZ_CP064386.1	58547	58933	unnamed	minus	type-F conjugative transfer system protein TrbI	trbI	0	protein-coding		WP_000105164.1	128	IUJ38_RS23885
NZ_CP064386.1	58908	61556	unnamed	minus	type IV secretion system protein TraC	traC	0	protein-coding		WP_000793310.1	882	IUJ38_RS23890
NZ_CP064386.1	61572	61835	unnamed	minus	hypothetical protein		0	protein-coding		WP_001239256.1	87	IUJ38_RS23895
NZ_CP064386.1	61952	62419	unnamed	minus	hypothetical protein		0	protein-coding		WP_000549562.1	155	IUJ38_RS23900
NZ_CP064386.1	62412	62633	unnamed	minus	conjugal transfer protein TraR	traR	0	protein-coding		WP_001278699.1	73	IUJ38_RS23905
NZ_CP064386.1	62768	63283	unnamed	minus	type IV conjugative transfer system lipoprotein TraV	traV	0	protein-coding		WP_001079995.1	171	IUJ38_RS23910
NZ_CP064386.1	63280	63525	unnamed	minus	DUF2689 domain-containing protein		0	protein-coding		WP_010999944.1	81	IUJ38_RS23915
NZ_CP064386.1	63503	64099	unnamed	minus	conjugal transfer pilus-stabilizing protein TraP	traP	0	protein-coding		WP_000527896.1	198	IUJ38_RS23920
NZ_CP064386.1	64089	65510	unnamed	minus	F-type conjugal transfer pilus assembly protein TraB	traB	0	protein-coding		WP_000146700.1	473	IUJ38_RS23925
NZ_CP064386.1	65510	66250	unnamed	minus	type-F conjugative transfer system secretin TraK	traK	0	protein-coding		WP_001230719.1	246	IUJ38_RS23930
NZ_CP064386.1	66237	66803	unnamed	minus	type IV conjugative transfer system protein TraE	traE	0	protein-coding		WP_000399769.1	188	IUJ38_RS23935
NZ_CP064386.1	66825	67136	unnamed	minus	type IV conjugative transfer system protein TraL	traL	0	protein-coding		WP_000012129.1	103	IUJ38_RS23940
NZ_CP064386.1	67151	67513	unnamed	minus	type IV conjugative transfer system pilin TraA	traA	0	protein-coding		WP_001274201.1	120	IUJ38_RS23945
NZ_CP064386.1	67555	67782	unnamed	minus	conjugal transfer relaxosome protein TraY	traY	0	protein-coding		WP_001676655.1	75	IUJ38_RS23950
NZ_CP064386.1	67876	68562	unnamed	minus	PAS domain-containing protein		0	protein-coding		WP_000336297.1	228	IUJ38_RS23955
NZ_CP064386.1	68755	69135	unnamed	minus	conjugal transfer relaxosome DNA-binding protein TraM	traM	0	protein-coding		WP_001151546.1	126	IUJ38_RS23960
NZ_CP064386.1	69550	70020	unnamed	plus	transglycosylase SLT domain-containing protein MltE	mltE	0	protein-coding		WP_001526856.1	156	IUJ38_RS23965
NZ_CP064386.1	70331	71149	unnamed	minus	uncharacterized gene		0	pseudogene				IUJ38_RS23970
NZ_CP064386.1	71252	71410	unnamed	minus	hypothetical protein		0	protein-coding		WP_001704449.1	52	IUJ38_RS23975
NZ_CP064386.1	71496	71624	unnamed	minus	hypothetical protein		0	protein-coding		WP_000372429.1	42	IUJ38_RS24170
NZ_CP064386.1	71659	72396	unnamed	minus	plasmid SOS inhibition protein A		0	protein-coding		WP_000581933.1	245	IUJ38_RS23980
NZ_CP064386.1	72393	72827	unnamed	minus	conjugation system SOS inhibitor PsiB	psiB	0	protein-coding		WP_010999943.1	144	IUJ38_RS23985
NZ_CP064386.1	72867	74864	unnamed	minus	ParB/RepB/Spo0J family partition protein		0	protein-coding		WP_000117513.1	665	IUJ38_RS23990
NZ_CP064386.1	74933	75175	unnamed	minus	DUF905 domain-containing protein		0	protein-coding		WP_000131520.1	80	IUJ38_RS23995
NZ_CP064386.1	75230	75748	unnamed	minus	single-stranded DNA-binding protein SSB2		0	protein-coding		WP_000741240.1	172	IUJ38_RS24000
NZ_CP064386.1	76342	76503	unnamed	minus	hypothetical protein		0	protein-coding		WP_153810625.1	53	IUJ38_RS24005
NZ_CP064386.1	76467	76790	unnamed	minus	DNA polymerase III subunit theta		0	protein-coding		WP_000015983.1	107	IUJ38_RS24010
NZ_CP064386.1	77026	77460	unnamed	minus	DUF1380 family protein		0	protein-coding		WP_000274533.1	144	IUJ38_RS24015
NZ_CP064386.1	77527	77961	unnamed	minus	antirestriction protein		0	protein-coding		WP_001200150.1	144	IUJ38_RS24020
NZ_CP064386.1	78457	79221	unnamed	minus	YubG family protein		0	protein-coding		WP_001246548.1	254	IUJ38_RS24025
NZ_CP064386.1	79293	79706	unnamed	minus	DUF1380 family protein		0	protein-coding		WP_000990114.1	137	IUJ38_RS24030
NZ_CP064386.1	79762	79983	unnamed	minus	YubE family protein		0	protein-coding		WP_001109588.1	73	IUJ38_RS24035
NZ_CP064386.1	79983	80663	unnamed	minus	DNA methylase		0	protein-coding		WP_000088645.1	226	IUJ38_RS24040
NZ_CP064386.1	80826	81107	unnamed	plus	hypothetical protein		0	protein-coding		WP_146671468.1	93	IUJ38_RS24045
NZ_CP064386.1	81045	81401	unnamed	minus	hypothetical protein		0	protein-coding		WP_000369839.1	118	IUJ38_RS24050
NZ_CP064386.1	81394	81864	unnamed	minus	hypothetical protein		0	protein-coding		WP_000490265.1	156	IUJ38_RS24055
NZ_CP064386.1	82375	82797	unnamed	plus	translesion error-prone DNA polymerase V autoproteolytic subunit	umuD	0	protein-coding		WP_000925627.1	140	IUJ38_RS24060
NZ_CP064386.1	82797	84071	unnamed	plus	Y-family DNA polymerase		0	protein-coding		WP_000457541.1	424	IUJ38_RS24065
NZ_CP064386.1	84153	85127	unnamed	minus	ParB family protein		0	protein-coding		WP_000064274.1	324	IUJ38_RS24070
NZ_CP064386.1	85127	86332	unnamed	minus	AAA family ATPase		0	protein-coding		WP_000427676.1	401	IUJ38_RS24075
NZ_CP064386.1	86747	87688	unnamed	plus	Rpn family recombination-promoting nuclease/putative transposase		0	protein-coding		WP_000728917.1	313	IUJ38_RS24080
NZ_CP064386.1	87685	88286	unnamed	minus	uncharacterized gene		0	pseudogene				IUJ38_RS24085
NZ_CP064386.1	88343	88759	unnamed	minus	hypothetical protein		0	protein-coding		WP_000988946.1	138	IUJ38_RS24090
NZ_CP064386.1	88731	89371	unnamed	minus	uncharacterized gene		0	pseudogene				IUJ38_RS24095
NZ_CP064386.1	89364	90479	unnamed	minus	DNA-binding protein		0	protein-coding		WP_001247118.1	371	IUJ38_RS24100
NZ_CP064386.1	90738	91226	unnamed	plus	hypothetical protein		0	protein-coding		WP_001135407.1	162	IUJ38_RS24105
NZ_CP064386.1	91881	92621	unnamed	plus	carbonic anhydrase		0	protein-coding		WP_001541566.1	246	IUJ38_RS24110
NZ_CP064386.1	92828	93388	unnamed	plus	recombinase family protein		0	protein-coding		WP_001240331.1	186	IUJ38_RS24115
NZ_CP064386.1	93372	1103	unnamed	plus	IS481 family transposase		0	protein-coding		WP_000098783.1	554	IUJ38_RS23545
